{
    "class": "CropAction",
    "parameters": {
        "min": [
            0.5667447306791569,
            0.4166666666666667
        ],
        "max": [
            0.9882903981264637,
            0.6041666666666666
        ],
        "size": null,
        "mode": 1
    }
}