#
# There is insufficient memory for the Java Runtime Environment to continue.
# Native memory allocation (mmap) failed to map 429916160 bytes for committing reserved memory.
# Possible reasons:
#   The system is out of physical RAM or swap space
#   The process is running with CompressedOops enabled, and the Java Heap may be blocking the growth of the native heap
# Possible solutions:
#   Reduce memory load on the system
#   Increase physical memory or swap space
#   Check if swap backing store is full
#   Decrease Java heap size (-Xmx/-Xms)
#   Decrease number of Java threads
#   Decrease Java thread stack sizes (-Xss)
#   Set larger code cache with -XX:ReservedCodeCacheSize=
#   JVM is running with Zero Based Compressed Oops mode in which the Java heap is
#     placed in the first 32GB address space. The Java Heap base address is the
#     maximum limit for the native heap growth. Please use -XX:HeapBaseMinAddress
#     to set the Java Heap base and to place the Java Heap above 32GB virtual address.
# This output file may be truncated or incomplete.
#
#  Out of Memory Error (os_linux.cpp:3003), pid=56744, tid=56771
#
# JRE version: OpenJDK Runtime Environment (11.0.13+8) (build 11.0.13+8-Ubuntu-0ubuntu1.20.04)
# Java VM: OpenJDK 64-Bit Server VM (11.0.13+8-Ubuntu-0ubuntu1.20.04, mixed mode, sharing, tiered, compressed oops, g1 gc, linux-amd64)
# Core dump will be written. Default location: Core dumps may be processed with "/usr/libexec/abrt-hook-ccpp %s %c %p %u %g %t e %P %I %h" (or dumping to /home/jovyan/work/scray/scray-examples/python/core.56744)
#

---------------  S U M M A R Y ------------

Command Line: -Xmx8g -Dio.netty.tryReflectionSetAccessible=true org.apache.spark.deploy.SparkSubmit --conf spark.executor.memory=8g --conf spark.driver.memory=8g --conf spark.local.dir=/tmp --conf spark.driver.maxResultSize=0 --conf spark.app.name=jupyter --conf spark.shuffle.registration.maxAttempts=1 --conf spark.task.maxFailures=1 pyspark-shell

Host: AMD EPYC 7551 32-Core Processor, 8 cores, 31G, Ubuntu 20.04.3 LTS
Time: Fri Dec  6 11:27:19 2024 UTC elapsed time: 60204.903912 seconds (0d 16h 43m 24s)

---------------  T H R E A D  ---------------

Current thread (0x00007f17bc231000):  VMThread "VM Thread" [stack: 0x00007f178c624000,0x00007f178c724000] [id=56771]

Stack: [0x00007f178c624000,0x00007f178c724000],  sp=0x00007f178c721e00,  free space=1015k
Native frames: (J=compiled Java code, A=aot compiled Java code, j=interpreted, Vv=VM code, C=native code)
V  [libjvm.so+0xe8db7a]
V  [libjvm.so+0xe8e871]
V  [libjvm.so+0x674cfa]
V  [libjvm.so+0xbdba90]
V  [libjvm.so+0xbd1fd1]
V  [libjvm.so+0x78d1d2]
V  [libjvm.so+0x78d5c0]
V  [libjvm.so+0x7987f7]
V  [libjvm.so+0x817bd8]
V  [libjvm.so+0x8187f8]
V  [libjvm.so+0x818e2e]
V  [libjvm.so+0x7465d6]
V  [libjvm.so+0x74adbe]
V  [libjvm.so+0xe98ca6]
V  [libjvm.so+0xe90330]
V  [libjvm.so+0xe96427]
V  [libjvm.so+0xe96a60]
V  [libjvm.so+0xe96dc6]
V  [libjvm.so+0xe21850]
V  [libjvm.so+0xbe0406]

VM_Operation (0x00007f1688847820): G1CollectForAllocation, mode: safepoint, requested by thread 0x00007f16f831f000


---------------  P R O C E S S  ---------------

Threads class SMR info:
_java_thread_list=0x00007f169801dd40, length=82, elements={
0x00007f17bc019000, 0x00007f17bc234000, 0x00007f17bc236000, 0x00007f17bc23b800,
0x00007f17bc23d800, 0x00007f17bc23f800, 0x00007f17bc241800, 0x00007f17bc243800,
0x00007f17bc29a800, 0x00007f17be67a800, 0x00007f1730006800, 0x00007f173000c000,
0x00007f1724375000, 0x00007f172437a000, 0x00007f172437b000, 0x00007f172437d000,
0x00007f172437e800, 0x00007f1724380800, 0x00007f1724382000, 0x00007f1724384000,
0x00007f1724385800, 0x00007f17243b9000, 0x00007f17243c8800, 0x00007f17243cc000,
0x00007f17243cd000, 0x00007f17243cf000, 0x00007f17243d0800, 0x00007f17243d2800,
0x00007f17243d4000, 0x00007f1724438000, 0x00007f172449f000, 0x00007f17244a7000,
0x00007f17244c7800, 0x00007f17245c1800, 0x00007f17245c2800, 0x00007f17245c4800,
0x00007f17245c6800, 0x00007f17245c8000, 0x00007f17245ca000, 0x00007f17245cb800,
0x00007f17245cd800, 0x00007f1704005000, 0x00007f1724634800, 0x00007f1724636800,
0x00007f1698018800, 0x00007f17249d8800, 0x00007f1724a64000, 0x00007f1724a98800,
0x00007f1724ad8000, 0x00007f1724c0a000, 0x00007f1724c0c000, 0x00007f1724c12800,
0x00007f1724c14800, 0x00007f16a0018000, 0x00007f1724e1d000, 0x00007f1725149000,
0x00007f1708011800, 0x00007f1708026000, 0x00007f1708027800, 0x00007f170802c000,
0x00007f176c07b000, 0x00007f1725ce1000, 0x00007f170c086800, 0x00007f170c07f800,
0x00007f170c08d800, 0x00007f1704084000, 0x00007f17040be000, 0x00007f17040b6000,
0x00007f16f831f000, 0x00007f16f8083000, 0x00007f16f80b8000, 0x00007f16b808c000,
0x00007f170c0c0800, 0x00007f16f8084000, 0x00007f16fc031800, 0x00007f1725f28000,
0x00007f17100c0800, 0x00007f16c800d800, 0x00007f16a4057800, 0x00007f16a4225000,
0x00007f16ac024000, 0x00007f16a81bb800
}

Java Threads: ( => current thread )
  0x00007f17bc019000 JavaThread "main" [_thread_in_native, id=56765, stack(0x00007f17c1104000,0x00007f17c1205000)]
  0x00007f17bc234000 JavaThread "Reference Handler" daemon [_thread_blocked, id=56772, stack(0x00007f178c521000,0x00007f178c622000)]
  0x00007f17bc236000 JavaThread "Finalizer" daemon [_thread_blocked, id=56773, stack(0x00007f178c420000,0x00007f178c521000)]
  0x00007f17bc23b800 JavaThread "Signal Dispatcher" daemon [_thread_blocked, id=56774, stack(0x00007f178c039000,0x00007f178c13a000)]
  0x00007f17bc23d800 JavaThread "Service Thread" daemon [_thread_blocked, id=56775, stack(0x00007f1785eff000,0x00007f1786000000)]
  0x00007f17bc23f800 JavaThread "C2 CompilerThread0" daemon [_thread_blocked, id=56776, stack(0x00007f1785dfe000,0x00007f1785eff000)]
  0x00007f17bc241800 JavaThread "C1 CompilerThread0" daemon [_thread_blocked, id=56777, stack(0x00007f1785cfd000,0x00007f1785dfe000)]
  0x00007f17bc243800 JavaThread "Sweeper thread" daemon [_thread_blocked, id=56778, stack(0x00007f1785bfc000,0x00007f1785cfd000)]
  0x00007f17bc29a800 JavaThread "Common-Cleaner" daemon [_thread_blocked, id=56780, stack(0x00007f17859f9000,0x00007f1785afa000)]
  0x00007f17be67a800 JavaThread "Thread-2" [_thread_in_native, id=56797, stack(0x00007f1784b97000,0x00007f1784c98000)]
  0x00007f1730006800 JavaThread "Thread-3" [_thread_blocked, id=56799, stack(0x00007f1784a96000,0x00007f1784b97000)]
  0x00007f173000c000 JavaThread "Thread-4" [_thread_in_native, id=56800, stack(0x00007f1784595000,0x00007f1784696000)]
  0x00007f1724375000 JavaThread "rpc-boss-3-1" daemon [_thread_in_native, id=56804, stack(0x00007f171bcff000,0x00007f171be00000)]
  0x00007f172437a000 JavaThread "dispatcher-event-loop-0" daemon [_thread_blocked, id=56805, stack(0x00007f171bbfe000,0x00007f171bcff000)]
  0x00007f172437b000 JavaThread "dispatcher-event-loop-1" daemon [_thread_blocked, id=56806, stack(0x00007f171bafd000,0x00007f171bbfe000)]
  0x00007f172437d000 JavaThread "dispatcher-event-loop-2" daemon [_thread_blocked, id=56807, stack(0x00007f171b9fc000,0x00007f171bafd000)]
  0x00007f172437e800 JavaThread "dispatcher-event-loop-3" daemon [_thread_blocked, id=56808, stack(0x00007f171b8fb000,0x00007f171b9fc000)]
  0x00007f1724380800 JavaThread "dispatcher-event-loop-4" daemon [_thread_blocked, id=56809, stack(0x00007f171b7fa000,0x00007f171b8fb000)]
  0x00007f1724382000 JavaThread "dispatcher-event-loop-5" daemon [_thread_blocked, id=56810, stack(0x00007f171b6f9000,0x00007f171b7fa000)]
  0x00007f1724384000 JavaThread "dispatcher-event-loop-6" daemon [_thread_blocked, id=56811, stack(0x00007f171b5f8000,0x00007f171b6f9000)]
  0x00007f1724385800 JavaThread "dispatcher-event-loop-7" daemon [_thread_blocked, id=56812, stack(0x00007f1784393000,0x00007f1784494000)]
  0x00007f17243b9000 JavaThread "map-output-dispatcher-0" daemon [_thread_blocked, id=56813, stack(0x00007f171b4f7000,0x00007f171b5f8000)]
  0x00007f17243c8800 JavaThread "map-output-dispatcher-1" daemon [_thread_blocked, id=56814, stack(0x00007f171b3f6000,0x00007f171b4f7000)]
  0x00007f17243cc000 JavaThread "map-output-dispatcher-2" daemon [_thread_blocked, id=56815, stack(0x00007f171b2f5000,0x00007f171b3f6000)]
  0x00007f17243cd000 JavaThread "map-output-dispatcher-3" daemon [_thread_blocked, id=56816, stack(0x00007f171b1f4000,0x00007f171b2f5000)]
  0x00007f17243cf000 JavaThread "map-output-dispatcher-4" daemon [_thread_blocked, id=56817, stack(0x00007f171b0f3000,0x00007f171b1f4000)]
  0x00007f17243d0800 JavaThread "map-output-dispatcher-5" daemon [_thread_blocked, id=56818, stack(0x00007f171aff2000,0x00007f171b0f3000)]
  0x00007f17243d2800 JavaThread "map-output-dispatcher-6" daemon [_thread_blocked, id=56819, stack(0x00007f171aef1000,0x00007f171aff2000)]
  0x00007f17243d4000 JavaThread "map-output-dispatcher-7" daemon [_thread_blocked, id=56820, stack(0x00007f171adf0000,0x00007f171aef1000)]
  0x00007f1724438000 JavaThread "dispatcher-BlockManagerMaster" daemon [_thread_blocked, id=56821, stack(0x00007f171acef000,0x00007f171adf0000)]
  0x00007f172449f000 JavaThread "dispatcher-BlockManagerEndpoint1" daemon [_thread_blocked, id=56822, stack(0x00007f171a9ee000,0x00007f171aaef000)]
  0x00007f17244a7000 JavaThread "RemoteBlock-temp-file-clean-thread" daemon [_thread_blocked, id=56823, stack(0x00007f171a8ed000,0x00007f171a9ee000)]
  0x00007f17244c7800 JavaThread "refresh progress" daemon [_thread_blocked, id=56824, stack(0x00007f171a7ec000,0x00007f171a8ed000)]
  0x00007f17245c1800 JavaThread "SparkUI-41" daemon [_thread_in_native, id=56825, stack(0x00007f171a4eb000,0x00007f171a5ec000)]
  0x00007f17245c2800 JavaThread "SparkUI-42" daemon [_thread_in_native, id=56826, stack(0x00007f171a3ea000,0x00007f171a4eb000)]
  0x00007f17245c4800 JavaThread "SparkUI-43" daemon [_thread_in_native, id=56827, stack(0x00007f171a2e9000,0x00007f171a3ea000)]
  0x00007f17245c6800 JavaThread "SparkUI-44" daemon [_thread_in_native, id=56828, stack(0x00007f171a1e8000,0x00007f171a2e9000)]
  0x00007f17245c8000 JavaThread "SparkUI-45-acceptor-0@2a862f64-Spark@2441d444{HTTP/1.1, (http/1.1)}{0.0.0.0:4044}" daemon [_thread_in_native, id=56829, stack(0x00007f171a0e7000,0x00007f171a1e8000)]
  0x00007f17245ca000 JavaThread "SparkUI-46" daemon [_thread_blocked, id=56830, stack(0x00007f1719fe6000,0x00007f171a0e7000)]
  0x00007f17245cb800 JavaThread "SparkUI-47" daemon [_thread_blocked, id=56831, stack(0x00007f1719ee5000,0x00007f1719fe6000)]
  0x00007f17245cd800 JavaThread "SparkUI-48" daemon [_thread_blocked, id=56832, stack(0x00007f1719de4000,0x00007f1719ee5000)]
  0x00007f1704005000 JavaThread "heartbeat-receiver-event-loop-thread" daemon [_thread_blocked, id=56834, stack(0x00007f1719be2000,0x00007f1719ce3000)]
  0x00007f1724634800 JavaThread "task-starvation-timer" daemon [_thread_blocked, id=56835, stack(0x00007f1719ae1000,0x00007f1719be2000)]
  0x00007f1724636800 JavaThread "task-abort-timer" daemon [_thread_blocked, id=56836, stack(0x00007f17199e0000,0x00007f1719ae1000)]
  0x00007f1698018800 JavaThread "netty-rpc-env-timeout" daemon [_thread_blocked, id=56837, stack(0x00007f1719644000,0x00007f1719745000)]
  0x00007f17249d8800 JavaThread "dag-scheduler-event-loop" daemon [_thread_blocked, id=56838, stack(0x00007f1719364000,0x00007f1719465000)]
  0x00007f1724a64000 JavaThread "driver-heartbeater" daemon [_thread_blocked, id=56839, stack(0x00007f1719543000,0x00007f1719644000)]
  0x00007f1724a98800 JavaThread "executor-heartbeater" daemon [_thread_blocked, id=56840, stack(0x00007f1719263000,0x00007f1719364000)]
  0x00007f1724ad8000 JavaThread "shuffle-boss-6-1" daemon [_thread_in_native, id=56841, stack(0x00007f1718e81000,0x00007f1718f82000)]
  0x00007f1724c0a000 JavaThread "Spark Context Cleaner" daemon [_thread_blocked, id=56842, stack(0x00007f1718b80000,0x00007f1718c81000)]
  0x00007f1724c0c000 JavaThread "context-cleaner-periodic-gc" daemon [_thread_blocked, id=56843, stack(0x00007f1718a7f000,0x00007f1718b80000)]
  0x00007f1724c12800 JavaThread "spark-listener-group-appStatus" daemon [_thread_blocked, id=56844, stack(0x00007f171897e000,0x00007f1718a7f000)]
  0x00007f1724c14800 JavaThread "spark-listener-group-executorManagement" daemon [_thread_blocked, id=56845, stack(0x00007f171887d000,0x00007f171897e000)]
  0x00007f16a0018000 JavaThread "element-tracking-store-worker" daemon [_thread_blocked, id=56846, stack(0x00007f171857c000,0x00007f171867d000)]
  0x00007f1724e1d000 JavaThread "org.apache.hadoop.fs.FileSystem$Statistics$StatisticsDataReferenceCleaner" daemon [_thread_blocked, id=56848, stack(0x00007f171827b000,0x00007f171837c000)]
  0x00007f1725149000 JavaThread "spark-listener-group-shared" daemon [_thread_blocked, id=56849, stack(0x00007f1719ce3000,0x00007f1719de4000)]
  0x00007f1708011800 JavaThread "task-result-getter-0" daemon [_thread_blocked, id=56991, stack(0x00007f168d2ba000,0x00007f168d3bb000)]
  0x00007f1708026000 JavaThread "task-result-getter-1" daemon [_thread_blocked, id=56992, stack(0x00007f168d1b9000,0x00007f168d2ba000)]
  0x00007f1708027800 JavaThread "task-result-getter-2" daemon [_thread_blocked, id=56993, stack(0x00007f168d0b8000,0x00007f168d1b9000)]
  0x00007f170802c000 JavaThread "task-result-getter-3" daemon [_thread_blocked, id=56994, stack(0x00007f168cfb7000,0x00007f168d0b8000)]
  0x00007f176c07b000 JavaThread "org.apache.hadoop.hdfs.PeerCache@bf6c2c1" daemon [_thread_blocked, id=57161, stack(0x00007f168c6b4000,0x00007f168c7b5000)]
  0x00007f1725ce1000 JavaThread "process reaper" daemon [_thread_in_native, id=57318, stack(0x00007f1784c98000,0x00007f1784cba000)]
  0x00007f170c086800 JavaThread "Idle Worker Monitor for /opt/conda/bin/python" daemon [_thread_blocked, id=57336, stack(0x00007f1689254000,0x00007f1689355000)]
  0x00007f170c07f800 JavaThread "stdout reader for /opt/conda/bin/python" daemon [_thread_in_native, id=57345, stack(0x00007f1689153000,0x00007f1689254000)]
  0x00007f170c08d800 JavaThread "stderr reader for /opt/conda/bin/python" daemon [_thread_in_native, id=57346, stack(0x00007f1689052000,0x00007f1689153000)]
  0x00007f1704084000 JavaThread "Executor task launch worker for task 16.0 in stage 179.0 (TID 422781)" daemon [_thread_blocked, id=92652, stack(0x00007f168884a000,0x00007f168894b000)]
  0x00007f17040be000 JavaThread "Executor task launch worker for task 22.0 in stage 179.0 (TID 422787)" daemon [_thread_blocked, id=95250, stack(0x00007f1688b4d000,0x00007f1688c4e000)]
  0x00007f17040b6000 JavaThread "Executor task launch worker for task 21.0 in stage 179.0 (TID 422786)" daemon [_thread_blocked, id=43739, stack(0x00007f1686638000,0x00007f1686739000)]
  0x00007f16f831f000 JavaThread "Executor task launch worker for task 25.0 in stage 179.0 (TID 422790)" daemon [_thread_blocked, id=54885, stack(0x00007f1688749000,0x00007f168884a000)]
  0x00007f16f8083000 JavaThread "IPC Parameter Sending Thread #11" daemon [_thread_blocked, id=82341, stack(0x00007f168d7bf000,0x00007f168d8c0000)]
  0x00007f16f80b8000 JavaThread "Executor task launch worker for task 24.0 in stage 179.0 (TID 422789)" daemon [_thread_blocked, id=126786, stack(0x00007f168b3b1000,0x00007f168b4b2000)]
  0x00007f16b808c000 JavaThread "IPC Parameter Sending Thread #13" daemon [_thread_blocked, id=76475, stack(0x00007f1685c2e000,0x00007f1685d2f000)]
  0x00007f170c0c0800 JavaThread "Executor task launch worker for task 26.0 in stage 179.0 (TID 422791)" daemon [_thread_blocked, id=86897, stack(0x00007f168ecfd000,0x00007f168edfe000)]
  0x00007f16f8084000 JavaThread "Executor task launch worker for task 20.0 in stage 179.0 (TID 422785)" daemon [_thread_blocked, id=3023, stack(0x00007f1684a1c000,0x00007f1684b1d000)]
  0x00007f16fc031800 JavaThread "Executor task launch worker for task 15.0 in stage 179.0 (TID 422780)" daemon [_thread_blocked, id=18717, stack(0x00007f1688345000,0x00007f1688446000)]
  0x00007f1725f28000 JavaThread "process reaper" daemon [_thread_blocked, id=26522, stack(0x00007f1784053000,0x00007f1784075000)]
  0x00007f17100c0800 JavaThread "IPC Client (2094592549) connection to /172.30.17.145:8020 from jovyan" daemon [_thread_blocked, id=27226, stack(0x00007f1685628000,0x00007f1685729000)]
  0x00007f16c800d800 JavaThread "block-manager-storage-async-thread-pool-534" daemon [_thread_blocked, id=27307, stack(0x00007f1685123000,0x00007f1685224000)]
  0x00007f16a4057800 JavaThread "block-manager-storage-async-thread-pool-535" daemon [_thread_blocked, id=27310, stack(0x00007f1688648000,0x00007f1688749000)]
  0x00007f16a4225000 JavaThread "block-manager-storage-async-thread-pool-536" daemon [_thread_blocked, id=27311, stack(0x00007f168eeff000,0x00007f168f000000)]
  0x00007f16ac024000 JavaThread "block-manager-ask-thread-pool-356" daemon [_thread_blocked, id=27312, stack(0x00007f168b0ae000,0x00007f168b1af000)]
  0x00007f16a81bb800 JavaThread "block-manager-ask-thread-pool-357" daemon [_thread_blocked, id=27313, stack(0x00007f168edfe000,0x00007f168eeff000)]

Other Threads:
=>0x00007f17bc231000 VMThread "VM Thread" [stack: 0x00007f178c624000,0x00007f178c724000] [id=56771]
  0x00007f17bc294800 WatcherThread [stack: 0x00007f1785afc000,0x00007f1785bfc000] [id=56779]
  0x00007f17bc030800 GCTaskThread "GC Thread#0" [stack: 0x00007f17c0da8000,0x00007f17c0ea8000] [id=56766]
  0x00007f1778001000 GCTaskThread "GC Thread#1" [stack: 0x00007f17858c8000,0x00007f17859c8000] [id=56781]
  0x00007f1778002800 GCTaskThread "GC Thread#2" [stack: 0x00007f17857c6000,0x00007f17858c6000] [id=56782]
  0x00007f1778004000 GCTaskThread "GC Thread#3" [stack: 0x00007f17856c4000,0x00007f17857c4000] [id=56783]
  0x00007f1778006000 GCTaskThread "GC Thread#4" [stack: 0x00007f17855c2000,0x00007f17856c2000] [id=56784]
  0x00007f1778007800 GCTaskThread "GC Thread#5" [stack: 0x00007f17854c0000,0x00007f17855c0000] [id=56785]
  0x00007f1778009800 GCTaskThread "GC Thread#6" [stack: 0x00007f17853be000,0x00007f17854be000] [id=56786]
  0x00007f177800b800 GCTaskThread "GC Thread#7" [stack: 0x00007f17852bc000,0x00007f17853bc000] [id=56787]
  0x00007f17bc06c800 ConcurrentGCThread "G1 Main Marker" [stack: 0x00007f17c0354000,0x00007f17c0454000] [id=56767]
  0x00007f17bc06e800 ConcurrentGCThread "G1 Conc#0" [stack: 0x00007f17c0252000,0x00007f17c0352000] [id=56768]
  0x00007f1788001000 ConcurrentGCThread "G1 Conc#1" [stack: 0x00007f1784293000,0x00007f1784393000] [id=56803]
  0x00007f17bc1f1000 ConcurrentGCThread "G1 Refine#0" [stack: 0x00007f17a414d000,0x00007f17a424d000] [id=56769]
  0x00007f177c001000 ConcurrentGCThread "G1 Refine#1" [stack: 0x00007f168ebfd000,0x00007f168ecfd000] [id=56853]
  0x00007f171c0bd800 ConcurrentGCThread "G1 Refine#2" [stack: 0x00007f168eafb000,0x00007f168ebfb000] [id=56854]
  0x00007f16c000e000 ConcurrentGCThread "G1 Refine#3" [stack: 0x00007f168e9f9000,0x00007f168eaf9000] [id=56855]
  0x00007f16cc002800 ConcurrentGCThread "G1 Refine#4" [stack: 0x00007f168e5f6000,0x00007f168e6f6000] [id=56952]
  0x00007f172c003000 ConcurrentGCThread "G1 Refine#5" [stack: 0x00007f168e4f4000,0x00007f168e5f4000] [id=56953]
  0x00007f17bc1f3000 ConcurrentGCThread "G1 Young RemSet Sampling" [stack: 0x00007f17a404b000,0x00007f17a414b000] [id=56770]

Threads with active compile tasks:

VM state:at safepoint (normal execution)

VM Mutex/Monitor currently owned by a thread:  ([mutex/lock_event])
[0x00007f17bc015a50] Threads_lock - owner thread: 0x00007f17bc231000
[0x00007f17bc016230] Heap_lock - owner thread: 0x00007f16f831f000

Heap address: 0x0000000600000000, size: 8192 MB, Compressed Oops mode: Zero based, Oop shift amount: 3
Narrow klass base: 0x0000000800000000, Narrow klass shift: 3
Compressed class space size: 1073741824 Address: 0x0000000840000000

Heap:
 garbage-first heap   total 6615040K, used 3361417K [0x0000000600000000, 0x0000000800000000)
  region size 2048K, 6 young (12288K), 6 survivors (12288K)
 Metaspace       used 142420K, capacity 149910K, committed 150716K, reserved 1177600K
  class space    used 18212K, capacity 21410K, committed 21836K, reserved 1048576K
Heap Regions: E=young(eden), S=young(survivor), O=old, HS=humongous(starts), HC=humongous(continues), CS=collection set, F=free, A=archive, TAMS=top-at-mark-start (previous, next)
|   0|0x0000000600000000, 0x0000000600200000, 0x0000000600200000|100%|HS|  |TAMS 0x0000000600200000, 0x0000000600200000| Complete 
|   1|0x0000000600200000, 0x0000000600400000, 0x0000000600400000|100%|HS|  |TAMS 0x0000000600400000, 0x0000000600400000| Complete 
|   2|0x0000000600400000, 0x0000000600600000, 0x0000000600600000|100%|HC|  |TAMS 0x0000000600600000, 0x0000000600600000| Complete 
|   3|0x0000000600600000, 0x00000006007ffff8, 0x0000000600800000| 99%| O|  |TAMS 0x00000006007ffff8, 0x00000006007ffff8| Untracked 
|   4|0x0000000600800000, 0x00000006009ffff8, 0x0000000600a00000| 99%| O|  |TAMS 0x00000006009ffff8, 0x00000006009ffff8| Untracked 
|   5|0x0000000600a00000, 0x0000000600c00000, 0x0000000600c00000|100%| O|  |TAMS 0x0000000600c00000, 0x0000000600c00000| Untracked 
|   6|0x0000000600c00000, 0x0000000600dfffd8, 0x0000000600e00000| 99%| O|  |TAMS 0x0000000600dfffd8, 0x0000000600dfffd8| Untracked 
|   7|0x0000000600e00000, 0x0000000600fffff8, 0x0000000601000000| 99%| O|  |TAMS 0x0000000600fffff8, 0x0000000600fffff8| Untracked 
|   8|0x0000000601000000, 0x00000006011ffff8, 0x0000000601200000| 99%| O|  |TAMS 0x00000006011ffff8, 0x00000006011ffff8| Untracked 
|   9|0x0000000601200000, 0x00000006013ffff0, 0x0000000601400000| 99%| O|  |TAMS 0x00000006013ffff0, 0x00000006013ffff0| Untracked 
|  10|0x0000000601400000, 0x0000000601600000, 0x0000000601600000|100%| O|  |TAMS 0x0000000601600000, 0x0000000601600000| Untracked 
|  11|0x0000000601600000, 0x00000006017fffe8, 0x0000000601800000| 99%| O|  |TAMS 0x00000006017fffe8, 0x00000006017fffe8| Untracked 
|  12|0x0000000601800000, 0x0000000601a00000, 0x0000000601a00000|100%| O|  |TAMS 0x0000000601a00000, 0x0000000601a00000| Untracked 
|  13|0x0000000601a00000, 0x0000000601bffff8, 0x0000000601c00000| 99%| O|  |TAMS 0x0000000601bffff8, 0x0000000601bffff8| Untracked 
|  14|0x0000000601c00000, 0x0000000601dffff8, 0x0000000601e00000| 99%| O|  |TAMS 0x0000000601dffff8, 0x0000000601dffff8| Untracked 
|  15|0x0000000601e00000, 0x0000000601fffff8, 0x0000000602000000| 99%| O|  |TAMS 0x0000000601fffff8, 0x0000000601fffff8| Untracked 
|  16|0x0000000602000000, 0x00000006021ffff0, 0x0000000602200000| 99%| O|  |TAMS 0x00000006021ffff0, 0x00000006021ffff0| Untracked 
|  17|0x0000000602200000, 0x00000006023ffff8, 0x0000000602400000| 99%| O|  |TAMS 0x00000006023ffff8, 0x00000006023ffff8| Untracked 
|  18|0x0000000602400000, 0x0000000602600000, 0x0000000602600000|100%| O|  |TAMS 0x0000000602600000, 0x0000000602600000| Untracked 
|  19|0x0000000602600000, 0x00000006027fffa0, 0x0000000602800000| 99%| O|  |TAMS 0x00000006027fffa0, 0x00000006027fffa0| Untracked 
|  20|0x0000000602800000, 0x00000006029fff98, 0x0000000602a00000| 99%| O|  |TAMS 0x00000006029fff98, 0x00000006029fff98| Untracked 
|  21|0x0000000602a00000, 0x0000000602c00000, 0x0000000602c00000|100%| O|  |TAMS 0x0000000602c00000, 0x0000000602c00000| Untracked 
|  22|0x0000000602c00000, 0x0000000602dfffe8, 0x0000000602e00000| 99%| O|  |TAMS 0x0000000602dfffe8, 0x0000000602dfffe8| Untracked 
|  23|0x0000000602e00000, 0x0000000603000000, 0x0000000603000000|100%| O|  |TAMS 0x0000000603000000, 0x0000000603000000| Untracked 
|  24|0x0000000603000000, 0x00000006031ffff8, 0x0000000603200000| 99%| O|  |TAMS 0x00000006031ffff8, 0x00000006031ffff8| Untracked 
|  25|0x0000000603200000, 0x00000006033ffff8, 0x0000000603400000| 99%| O|  |TAMS 0x00000006033ffff8, 0x00000006033ffff8| Untracked 
|  26|0x0000000603400000, 0x00000006035ffff8, 0x0000000603600000| 99%| O|  |TAMS 0x00000006035ffff8, 0x00000006035ffff8| Untracked 
|  27|0x0000000603600000, 0x00000006037ffff0, 0x0000000603800000| 99%| O|  |TAMS 0x00000006037ffff0, 0x00000006037ffff0| Untracked 
|  28|0x0000000603800000, 0x00000006039ffff0, 0x0000000603a00000| 99%| O|  |TAMS 0x00000006039ffff0, 0x00000006039ffff0| Untracked 
|  29|0x0000000603a00000, 0x0000000603bffff8, 0x0000000603c00000| 99%| O|  |TAMS 0x0000000603bffff8, 0x0000000603bffff8| Untracked 
|  30|0x0000000603c00000, 0x0000000603e00000, 0x0000000603e00000|100%| O|  |TAMS 0x0000000603e00000, 0x0000000603e00000| Untracked 
|  31|0x0000000603e00000, 0x0000000603fffff8, 0x0000000604000000| 99%| O|  |TAMS 0x0000000603fffff8, 0x0000000603fffff8| Untracked 
|  32|0x0000000604000000, 0x00000006041fffe0, 0x0000000604200000| 99%| O|  |TAMS 0x00000006041fffe0, 0x00000006041fffe0| Untracked 
|  33|0x0000000604200000, 0x0000000604400000, 0x0000000604400000|100%| O|  |TAMS 0x0000000604400000, 0x0000000604400000| Untracked 
|  34|0x0000000604400000, 0x0000000604600000, 0x0000000604600000|100%| O|  |TAMS 0x0000000604600000, 0x0000000604600000| Untracked 
|  35|0x0000000604600000, 0x00000006047ffff0, 0x0000000604800000| 99%| O|  |TAMS 0x00000006047ffff0, 0x00000006047ffff0| Untracked 
|  36|0x0000000604800000, 0x00000006049fffe0, 0x0000000604a00000| 99%| O|  |TAMS 0x00000006049fffe0, 0x00000006049fffe0| Untracked 
|  37|0x0000000604a00000, 0x0000000604bffff0, 0x0000000604c00000| 99%| O|  |TAMS 0x0000000604bffff0, 0x0000000604bffff0| Untracked 
|  38|0x0000000604c00000, 0x0000000604dffff0, 0x0000000604e00000| 99%| O|  |TAMS 0x0000000604dffff0, 0x0000000604dffff0| Untracked 
|  39|0x0000000604e00000, 0x0000000604ffffd8, 0x0000000605000000| 99%| O|  |TAMS 0x0000000604ffffd8, 0x0000000604ffffd8| Untracked 
|  40|0x0000000605000000, 0x00000006051fffd0, 0x0000000605200000| 99%| O|  |TAMS 0x00000006051fffd0, 0x00000006051fffd0| Untracked 
|  41|0x0000000605200000, 0x00000006053ffff0, 0x0000000605400000| 99%| O|  |TAMS 0x00000006053ffff0, 0x00000006053ffff0| Untracked 
|  42|0x0000000605400000, 0x00000006055fffe8, 0x0000000605600000| 99%| O|  |TAMS 0x00000006055fffe8, 0x00000006055fffe8| Untracked 
|  43|0x0000000605600000, 0x00000006057fffe0, 0x0000000605800000| 99%| O|  |TAMS 0x00000006057fffe0, 0x00000006057fffe0| Untracked 
|  44|0x0000000605800000, 0x00000006059fffb8, 0x0000000605a00000| 99%| O|  |TAMS 0x00000006059fffb8, 0x00000006059fffb8| Untracked 
|  45|0x0000000605a00000, 0x0000000605c00000, 0x0000000605c00000|100%| O|  |TAMS 0x0000000605c00000, 0x0000000605c00000| Untracked 
|  46|0x0000000605c00000, 0x0000000605dffff8, 0x0000000605e00000| 99%| O|  |TAMS 0x0000000605dffff8, 0x0000000605dffff8| Untracked 
|  47|0x0000000605e00000, 0x0000000606000000, 0x0000000606000000|100%| O|  |TAMS 0x0000000606000000, 0x0000000606000000| Untracked 
|  48|0x0000000606000000, 0x00000006061fffc8, 0x0000000606200000| 99%| O|  |TAMS 0x00000006061fffc8, 0x00000006061fffc8| Untracked 
|  49|0x0000000606200000, 0x00000006063ffff8, 0x0000000606400000| 99%| O|  |TAMS 0x00000006063ffff8, 0x00000006063ffff8| Untracked 
|  50|0x0000000606400000, 0x00000006065fffd8, 0x0000000606600000| 99%| O|  |TAMS 0x00000006065fffd8, 0x00000006065fffd8| Untracked 
|  51|0x0000000606600000, 0x00000006067ffff8, 0x0000000606800000| 99%| O|  |TAMS 0x00000006067ffff8, 0x00000006067ffff8| Untracked 
|  52|0x0000000606800000, 0x00000006069ffff0, 0x0000000606a00000| 99%| O|  |TAMS 0x00000006069ffff0, 0x00000006069ffff0| Untracked 
|  53|0x0000000606a00000, 0x0000000606c00000, 0x0000000606c00000|100%| O|  |TAMS 0x0000000606c00000, 0x0000000606c00000| Untracked 
|  54|0x0000000606c00000, 0x0000000606dfffd8, 0x0000000606e00000| 99%| O|  |TAMS 0x0000000606dfffd8, 0x0000000606dfffd8| Untracked 
|  55|0x0000000606e00000, 0x0000000606ffffe0, 0x0000000607000000| 99%| O|  |TAMS 0x0000000606ffffe0, 0x0000000606ffffe0| Untracked 
|  56|0x0000000607000000, 0x00000006071ffff8, 0x0000000607200000| 99%| O|  |TAMS 0x00000006071ffff8, 0x00000006071ffff8| Untracked 
|  57|0x0000000607200000, 0x00000006073ffff8, 0x0000000607400000| 99%| O|  |TAMS 0x00000006073ffff8, 0x00000006073ffff8| Untracked 
|  58|0x0000000607400000, 0x00000006075fffc8, 0x0000000607600000| 99%| O|  |TAMS 0x00000006075fffc8, 0x00000006075fffc8| Untracked 
|  59|0x0000000607600000, 0x00000006077ffff0, 0x0000000607800000| 99%| O|  |TAMS 0x00000006077ffff0, 0x00000006077ffff0| Untracked 
|  60|0x0000000607800000, 0x00000006079ffff8, 0x0000000607a00000| 99%| O|  |TAMS 0x00000006079ffff8, 0x00000006079ffff8| Untracked 
|  61|0x0000000607a00000, 0x0000000607c00000, 0x0000000607c00000|100%| O|  |TAMS 0x0000000607c00000, 0x0000000607c00000| Untracked 
|  62|0x0000000607c00000, 0x0000000607dffff8, 0x0000000607e00000| 99%| O|  |TAMS 0x0000000607dffff8, 0x0000000607dffff8| Untracked 
|  63|0x0000000607e00000, 0x0000000608000000, 0x0000000608000000|100%| O|  |TAMS 0x0000000608000000, 0x0000000608000000| Untracked 
|  64|0x0000000608000000, 0x00000006081ffff0, 0x0000000608200000| 99%| O|  |TAMS 0x00000006081ffff0, 0x00000006081ffff0| Untracked 
|  65|0x0000000608200000, 0x0000000608400000, 0x0000000608400000|100%| O|  |TAMS 0x0000000608400000, 0x0000000608400000| Untracked 
|  66|0x0000000608400000, 0x0000000608600000, 0x0000000608600000|100%| O|  |TAMS 0x0000000608600000, 0x0000000608600000| Untracked 
|  67|0x0000000608600000, 0x00000006087ffff0, 0x0000000608800000| 99%| O|  |TAMS 0x00000006087ffff0, 0x00000006087ffff0| Untracked 
|  68|0x0000000608800000, 0x00000006089fffe0, 0x0000000608a00000| 99%| O|  |TAMS 0x00000006089fffe0, 0x00000006089fffe0| Untracked 
|  69|0x0000000608a00000, 0x0000000608bffff0, 0x0000000608c00000| 99%| O|  |TAMS 0x0000000608bffff0, 0x0000000608bffff0| Untracked 
|  70|0x0000000608c00000, 0x0000000608e00000, 0x0000000608e00000|100%| O|  |TAMS 0x0000000608e00000, 0x0000000608e00000| Untracked 
|  71|0x0000000608e00000, 0x0000000608fffff8, 0x0000000609000000| 99%| O|  |TAMS 0x0000000608fffff8, 0x0000000608fffff8| Untracked 
|  72|0x0000000609000000, 0x0000000609200000, 0x0000000609200000|100%| O|  |TAMS 0x0000000609200000, 0x0000000609200000| Untracked 
|  73|0x0000000609200000, 0x0000000609400000, 0x0000000609400000|100%| O|  |TAMS 0x0000000609400000, 0x0000000609400000| Untracked 
|  74|0x0000000609400000, 0x0000000609600000, 0x0000000609600000|100%| O|  |TAMS 0x0000000609600000, 0x0000000609600000| Untracked 
|  75|0x0000000609600000, 0x0000000609800000, 0x0000000609800000|100%| O|  |TAMS 0x0000000609800000, 0x0000000609800000| Untracked 
|  76|0x0000000609800000, 0x00000006099ffff8, 0x0000000609a00000| 99%| O|  |TAMS 0x00000006099ffff8, 0x00000006099ffff8| Untracked 
|  77|0x0000000609a00000, 0x0000000609c00000, 0x0000000609c00000|100%| O|  |TAMS 0x0000000609c00000, 0x0000000609c00000| Untracked 
|  78|0x0000000609c00000, 0x0000000609dffff8, 0x0000000609e00000| 99%| O|  |TAMS 0x0000000609dffff8, 0x0000000609dffff8| Untracked 
|  79|0x0000000609e00000, 0x000000060a000000, 0x000000060a000000|100%| O|  |TAMS 0x000000060a000000, 0x000000060a000000| Untracked 
|  80|0x000000060a000000, 0x000000060a1ffff0, 0x000000060a200000| 99%| O|  |TAMS 0x000000060a1ffff0, 0x000000060a1ffff0| Untracked 
|  81|0x000000060a200000, 0x000000060a3ffff8, 0x000000060a400000| 99%| O|  |TAMS 0x000000060a3ffff8, 0x000000060a3ffff8| Untracked 
|  82|0x000000060a400000, 0x000000060a5ffff0, 0x000000060a600000| 99%| O|  |TAMS 0x000000060a5ffff0, 0x000000060a5ffff0| Untracked 
|  83|0x000000060a600000, 0x000000060a800000, 0x000000060a800000|100%| O|  |TAMS 0x000000060a800000, 0x000000060a800000| Untracked 
|  84|0x000000060a800000, 0x000000060aa00000, 0x000000060aa00000|100%| O|  |TAMS 0x000000060aa00000, 0x000000060aa00000| Untracked 
|  85|0x000000060aa00000, 0x000000060abffff0, 0x000000060ac00000| 99%| O|  |TAMS 0x000000060abffff0, 0x000000060abffff0| Untracked 
|  86|0x000000060ac00000, 0x000000060ae00000, 0x000000060ae00000|100%| O|  |TAMS 0x000000060ae00000, 0x000000060ae00000| Untracked 
|  87|0x000000060ae00000, 0x000000060b000000, 0x000000060b000000|100%| O|  |TAMS 0x000000060b000000, 0x000000060b000000| Untracked 
|  88|0x000000060b000000, 0x000000060b1ffff8, 0x000000060b200000| 99%| O|  |TAMS 0x000000060b1ffff8, 0x000000060b1ffff8| Untracked 
|  89|0x000000060b200000, 0x000000060b400000, 0x000000060b400000|100%| O|  |TAMS 0x000000060b400000, 0x000000060b400000| Untracked 
|  90|0x000000060b400000, 0x000000060b600000, 0x000000060b600000|100%| O|  |TAMS 0x000000060b600000, 0x000000060b600000| Untracked 
|  91|0x000000060b600000, 0x000000060b7ffff0, 0x000000060b800000| 99%| O|  |TAMS 0x000000060b7ffff0, 0x000000060b7ffff0| Untracked 
|  92|0x000000060b800000, 0x000000060ba00000, 0x000000060ba00000|100%| O|  |TAMS 0x000000060ba00000, 0x000000060ba00000| Untracked 
|  93|0x000000060ba00000, 0x000000060bbffff8, 0x000000060bc00000| 99%| O|  |TAMS 0x000000060bbffff8, 0x000000060bbffff8| Untracked 
|  94|0x000000060bc00000, 0x000000060be00000, 0x000000060be00000|100%| O|  |TAMS 0x000000060be00000, 0x000000060be00000| Untracked 
|  95|0x000000060be00000, 0x000000060bfffff0, 0x000000060c000000| 99%| O|  |TAMS 0x000000060bfffff0, 0x000000060bfffff0| Untracked 
|  96|0x000000060c000000, 0x000000060c1fffd0, 0x000000060c200000| 99%| O|  |TAMS 0x000000060c1fffd0, 0x000000060c1fffd0| Untracked 
|  97|0x000000060c200000, 0x000000060c3ffff0, 0x000000060c400000| 99%| O|  |TAMS 0x000000060c3ffff0, 0x000000060c3ffff0| Untracked 
|  98|0x000000060c400000, 0x000000060c600000, 0x000000060c600000|100%| O|  |TAMS 0x000000060c600000, 0x000000060c600000| Untracked 
|  99|0x000000060c600000, 0x000000060c7ffff8, 0x000000060c800000| 99%| O|  |TAMS 0x000000060c7ffff8, 0x000000060c7ffff8| Untracked 
| 100|0x000000060c800000, 0x000000060ca00000, 0x000000060ca00000|100%| O|  |TAMS 0x000000060ca00000, 0x000000060ca00000| Untracked 
| 101|0x000000060ca00000, 0x000000060cbfffe8, 0x000000060cc00000| 99%| O|  |TAMS 0x000000060cbfffe8, 0x000000060cbfffe8| Untracked 
| 102|0x000000060cc00000, 0x000000060ce00000, 0x000000060ce00000|100%| O|  |TAMS 0x000000060ce00000, 0x000000060ce00000| Untracked 
| 103|0x000000060ce00000, 0x000000060cfffff8, 0x000000060d000000| 99%| O|  |TAMS 0x000000060cfffff8, 0x000000060cfffff8| Untracked 
| 104|0x000000060d000000, 0x000000060d1ffff0, 0x000000060d200000| 99%| O|  |TAMS 0x000000060d1ffff0, 0x000000060d1ffff0| Untracked 
| 105|0x000000060d200000, 0x000000060d3ffff8, 0x000000060d400000| 99%| O|  |TAMS 0x000000060d3ffff8, 0x000000060d3ffff8| Untracked 
| 106|0x000000060d400000, 0x000000060d5fffc8, 0x000000060d600000| 99%| O|  |TAMS 0x000000060d5fffc8, 0x000000060d5fffc8| Untracked 
| 107|0x000000060d600000, 0x000000060d7fffd8, 0x000000060d800000| 99%| O|  |TAMS 0x000000060d7fffd8, 0x000000060d7fffd8| Untracked 
| 108|0x000000060d800000, 0x000000060d9ffff0, 0x000000060da00000| 99%| O|  |TAMS 0x000000060d9ffff0, 0x000000060d9ffff0| Untracked 
| 109|0x000000060da00000, 0x000000060dbffff0, 0x000000060dc00000| 99%| O|  |TAMS 0x000000060dbffff0, 0x000000060dbffff0| Untracked 
| 110|0x000000060dc00000, 0x000000060ddfffe0, 0x000000060de00000| 99%| O|  |TAMS 0x000000060ddfffe0, 0x000000060ddfffe0| Untracked 
| 111|0x000000060de00000, 0x000000060e000000, 0x000000060e000000|100%| O|  |TAMS 0x000000060e000000, 0x000000060e000000| Untracked 
| 112|0x000000060e000000, 0x000000060e1ffff8, 0x000000060e200000| 99%| O|  |TAMS 0x000000060e1ffff8, 0x000000060e1ffff8| Untracked 
| 113|0x000000060e200000, 0x000000060e400000, 0x000000060e400000|100%| O|  |TAMS 0x000000060e400000, 0x000000060e400000| Untracked 
| 114|0x000000060e400000, 0x000000060e5ffff0, 0x000000060e600000| 99%| O|  |TAMS 0x000000060e5ffff0, 0x000000060e5ffff0| Untracked 
| 115|0x000000060e600000, 0x000000060e7fffe8, 0x000000060e800000| 99%| O|  |TAMS 0x000000060e7fffe8, 0x000000060e7fffe8| Untracked 
| 116|0x000000060e800000, 0x000000060e9ffff8, 0x000000060ea00000| 99%| O|  |TAMS 0x000000060e9ffff8, 0x000000060e9ffff8| Untracked 
| 117|0x000000060ea00000, 0x000000060ebffff0, 0x000000060ec00000| 99%| O|  |TAMS 0x000000060ebffff0, 0x000000060ebffff0| Untracked 
| 118|0x000000060ec00000, 0x000000060edfffd0, 0x000000060ee00000| 99%| O|  |TAMS 0x000000060edfffd0, 0x000000060edfffd0| Untracked 
| 119|0x000000060ee00000, 0x000000060f000000, 0x000000060f000000|100%| O|  |TAMS 0x000000060f000000, 0x000000060f000000| Untracked 
| 120|0x000000060f000000, 0x000000060f1ffff8, 0x000000060f200000| 99%| O|  |TAMS 0x000000060f1ffff8, 0x000000060f1ffff8| Untracked 
| 121|0x000000060f200000, 0x000000060f400000, 0x000000060f400000|100%| O|  |TAMS 0x000000060f400000, 0x000000060f400000| Untracked 
| 122|0x000000060f400000, 0x000000060f600000, 0x000000060f600000|100%| O|  |TAMS 0x000000060f600000, 0x000000060f600000| Untracked 
| 123|0x000000060f600000, 0x000000060f7ffff8, 0x000000060f800000| 99%| O|  |TAMS 0x000000060f7ffff8, 0x000000060f7ffff8| Untracked 
| 124|0x000000060f800000, 0x000000060f9ffff0, 0x000000060fa00000| 99%| O|  |TAMS 0x000000060f9ffff0, 0x000000060f9ffff0| Untracked 
| 125|0x000000060fa00000, 0x000000060fbffff8, 0x000000060fc00000| 99%| O|  |TAMS 0x000000060fbffff8, 0x000000060fbffff8| Untracked 
| 126|0x000000060fc00000, 0x000000060fdfffe8, 0x000000060fe00000| 99%| O|  |TAMS 0x000000060fdfffe8, 0x000000060fdfffe8| Untracked 
| 127|0x000000060fe00000, 0x000000060ffffff8, 0x0000000610000000| 99%| O|  |TAMS 0x000000060ffffff8, 0x000000060ffffff8| Untracked 
| 128|0x0000000610000000, 0x0000000610200000, 0x0000000610200000|100%| O|  |TAMS 0x0000000610200000, 0x0000000610200000| Untracked 
| 129|0x0000000610200000, 0x00000006103fffd0, 0x0000000610400000| 99%| O|  |TAMS 0x00000006103fffd0, 0x00000006103fffd0| Untracked 
| 130|0x0000000610400000, 0x00000006105fffe0, 0x0000000610600000| 99%| O|  |TAMS 0x00000006105fffe0, 0x00000006105fffe0| Untracked 
| 131|0x0000000610600000, 0x00000006107ffff0, 0x0000000610800000| 99%| O|  |TAMS 0x00000006107ffff0, 0x00000006107ffff0| Untracked 
| 132|0x0000000610800000, 0x00000006109ffff0, 0x0000000610a00000| 99%| O|  |TAMS 0x00000006109ffff0, 0x00000006109ffff0| Untracked 
| 133|0x0000000610a00000, 0x0000000610bffff0, 0x0000000610c00000| 99%| O|  |TAMS 0x0000000610bffff0, 0x0000000610bffff0| Untracked 
| 134|0x0000000610c00000, 0x0000000610e00000, 0x0000000610e00000|100%| O|  |TAMS 0x0000000610e00000, 0x0000000610e00000| Untracked 
| 135|0x0000000610e00000, 0x0000000610fffff8, 0x0000000611000000| 99%| O|  |TAMS 0x0000000610fffff8, 0x0000000610fffff8| Untracked 
| 136|0x0000000611000000, 0x00000006111ffff8, 0x0000000611200000| 99%| O|  |TAMS 0x00000006111ffff8, 0x00000006111ffff8| Untracked 
| 137|0x0000000611200000, 0x0000000611400000, 0x0000000611400000|100%| O|  |TAMS 0x0000000611400000, 0x0000000611400000| Untracked 
| 138|0x0000000611400000, 0x00000006115ffff8, 0x0000000611600000| 99%| O|  |TAMS 0x00000006115ffff8, 0x00000006115ffff8| Untracked 
| 139|0x0000000611600000, 0x00000006117ffff8, 0x0000000611800000| 99%| O|  |TAMS 0x00000006117ffff8, 0x00000006117ffff8| Untracked 
| 140|0x0000000611800000, 0x00000006119ffff8, 0x0000000611a00000| 99%| O|  |TAMS 0x00000006119ffff8, 0x00000006119ffff8| Untracked 
| 141|0x0000000611a00000, 0x0000000611bffff8, 0x0000000611c00000| 99%| O|  |TAMS 0x0000000611bffff8, 0x0000000611bffff8| Untracked 
| 142|0x0000000611c00000, 0x0000000611dffff8, 0x0000000611e00000| 99%| O|  |TAMS 0x0000000611dffff8, 0x0000000611dffff8| Untracked 
| 143|0x0000000611e00000, 0x0000000611ffff80, 0x0000000612000000| 99%| O|  |TAMS 0x0000000611ffff80, 0x0000000611ffff80| Untracked 
| 144|0x0000000612000000, 0x0000000612200000, 0x0000000612200000|100%| O|  |TAMS 0x0000000612200000, 0x0000000612200000| Untracked 
| 145|0x0000000612200000, 0x0000000612400000, 0x0000000612400000|100%| O|  |TAMS 0x0000000612400000, 0x0000000612400000| Untracked 
| 146|0x0000000612400000, 0x00000006125fffe8, 0x0000000612600000| 99%| O|  |TAMS 0x00000006125fffe8, 0x00000006125fffe8| Untracked 
| 147|0x0000000612600000, 0x00000006127ffff0, 0x0000000612800000| 99%| O|  |TAMS 0x00000006127ffff0, 0x00000006127ffff0| Untracked 
| 148|0x0000000612800000, 0x0000000612a00000, 0x0000000612a00000|100%| O|  |TAMS 0x0000000612a00000, 0x0000000612a00000| Untracked 
| 149|0x0000000612a00000, 0x0000000612c00000, 0x0000000612c00000|100%| O|  |TAMS 0x0000000612c00000, 0x0000000612c00000| Untracked 
| 150|0x0000000612c00000, 0x0000000612dffff0, 0x0000000612e00000| 99%| O|  |TAMS 0x0000000612dffff0, 0x0000000612dffff0| Untracked 
| 151|0x0000000612e00000, 0x0000000612fffff0, 0x0000000613000000| 99%| O|  |TAMS 0x0000000612fffff0, 0x0000000612fffff0| Untracked 
| 152|0x0000000613000000, 0x00000006131ffff8, 0x0000000613200000| 99%| O|  |TAMS 0x00000006131ffff8, 0x00000006131ffff8| Untracked 
| 153|0x0000000613200000, 0x00000006133ffff8, 0x0000000613400000| 99%| O|  |TAMS 0x00000006133ffff8, 0x00000006133ffff8| Untracked 
| 154|0x0000000613400000, 0x0000000613600000, 0x0000000613600000|100%| O|  |TAMS 0x0000000613600000, 0x0000000613600000| Untracked 
| 155|0x0000000613600000, 0x00000006137fffe8, 0x0000000613800000| 99%| O|  |TAMS 0x00000006137fffe8, 0x00000006137fffe8| Untracked 
| 156|0x0000000613800000, 0x00000006139ffff8, 0x0000000613a00000| 99%| O|  |TAMS 0x00000006139ffff8, 0x00000006139ffff8| Untracked 
| 157|0x0000000613a00000, 0x0000000613bffff0, 0x0000000613c00000| 99%| O|  |TAMS 0x0000000613bffff0, 0x0000000613bffff0| Untracked 
| 158|0x0000000613c00000, 0x0000000613dffff0, 0x0000000613e00000| 99%| O|  |TAMS 0x0000000613dffff0, 0x0000000613dffff0| Untracked 
| 159|0x0000000613e00000, 0x0000000613fffff8, 0x0000000614000000| 99%| O|  |TAMS 0x0000000613fffff8, 0x0000000613fffff8| Untracked 
| 160|0x0000000614000000, 0x0000000614200000, 0x0000000614200000|100%| O|  |TAMS 0x0000000614200000, 0x0000000614200000| Untracked 
| 161|0x0000000614200000, 0x0000000614400000, 0x0000000614400000|100%| O|  |TAMS 0x0000000614400000, 0x0000000614400000| Untracked 
| 162|0x0000000614400000, 0x00000006145ffff0, 0x0000000614600000| 99%| O|  |TAMS 0x00000006145ffff0, 0x00000006145ffff0| Untracked 
| 163|0x0000000614600000, 0x0000000614800000, 0x0000000614800000|100%| O|  |TAMS 0x0000000614800000, 0x0000000614800000| Untracked 
| 164|0x0000000614800000, 0x00000006149fffe8, 0x0000000614a00000| 99%| O|  |TAMS 0x00000006149fffe8, 0x00000006149fffe8| Untracked 
| 165|0x0000000614a00000, 0x0000000614bfffe0, 0x0000000614c00000| 99%| O|  |TAMS 0x0000000614bfffe0, 0x0000000614bfffe0| Untracked 
| 166|0x0000000614c00000, 0x0000000614dfff58, 0x0000000614e00000| 99%| O|  |TAMS 0x0000000614dfff58, 0x0000000614dfff58| Untracked 
| 167|0x0000000614e00000, 0x0000000614fffff8, 0x0000000615000000| 99%| O|  |TAMS 0x0000000614fffff8, 0x0000000614fffff8| Untracked 
| 168|0x0000000615000000, 0x00000006151ffff0, 0x0000000615200000| 99%| O|  |TAMS 0x00000006151ffff0, 0x00000006151ffff0| Untracked 
| 169|0x0000000615200000, 0x00000006153ffff0, 0x0000000615400000| 99%| O|  |TAMS 0x00000006153ffff0, 0x00000006153ffff0| Untracked 
| 170|0x0000000615400000, 0x00000006155ffff0, 0x0000000615600000| 99%| O|  |TAMS 0x00000006155ffff0, 0x00000006155ffff0| Untracked 
| 171|0x0000000615600000, 0x00000006157ffff8, 0x0000000615800000| 99%| O|  |TAMS 0x00000006157ffff8, 0x00000006157ffff8| Untracked 
| 172|0x0000000615800000, 0x0000000615a00000, 0x0000000615a00000|100%| O|  |TAMS 0x0000000615a00000, 0x0000000615a00000| Untracked 
| 173|0x0000000615a00000, 0x0000000615bffff8, 0x0000000615c00000| 99%| O|  |TAMS 0x0000000615bffff8, 0x0000000615bffff8| Untracked 
| 174|0x0000000615c00000, 0x0000000615dffff8, 0x0000000615e00000| 99%| O|  |TAMS 0x0000000615dffff8, 0x0000000615dffff8| Untracked 
| 175|0x0000000615e00000, 0x0000000615fffff8, 0x0000000616000000| 99%| O|  |TAMS 0x0000000615fffff8, 0x0000000615fffff8| Untracked 
| 176|0x0000000616000000, 0x0000000616200000, 0x0000000616200000|100%| O|  |TAMS 0x0000000616200000, 0x0000000616200000| Untracked 
| 177|0x0000000616200000, 0x00000006163ffff0, 0x0000000616400000| 99%| O|  |TAMS 0x00000006163ffff0, 0x00000006163ffff0| Untracked 
| 178|0x0000000616400000, 0x0000000616600000, 0x0000000616600000|100%| O|  |TAMS 0x0000000616600000, 0x0000000616600000| Untracked 
| 179|0x0000000616600000, 0x0000000616800000, 0x0000000616800000|100%| O|  |TAMS 0x0000000616800000, 0x0000000616800000| Untracked 
| 180|0x0000000616800000, 0x00000006169ffff0, 0x0000000616a00000| 99%| O|  |TAMS 0x00000006169ffff0, 0x00000006169ffff0| Untracked 
| 181|0x0000000616a00000, 0x0000000616c00000, 0x0000000616c00000|100%| O|  |TAMS 0x0000000616c00000, 0x0000000616c00000| Untracked 
| 182|0x0000000616c00000, 0x0000000616dfffe8, 0x0000000616e00000| 99%| O|  |TAMS 0x0000000616dfffe8, 0x0000000616dfffe8| Untracked 
| 183|0x0000000616e00000, 0x0000000616fffff8, 0x0000000617000000| 99%| O|  |TAMS 0x0000000616fffff8, 0x0000000616fffff8| Untracked 
| 184|0x0000000617000000, 0x0000000617200000, 0x0000000617200000|100%| O|  |TAMS 0x0000000617200000, 0x0000000617200000| Untracked 
| 185|0x0000000617200000, 0x0000000617400000, 0x0000000617400000|100%| O|  |TAMS 0x0000000617400000, 0x0000000617400000| Untracked 
| 186|0x0000000617400000, 0x00000006175fffe8, 0x0000000617600000| 99%| O|  |TAMS 0x00000006175fffe8, 0x00000006175fffe8| Untracked 
| 187|0x0000000617600000, 0x0000000617800000, 0x0000000617800000|100%| O|  |TAMS 0x0000000617800000, 0x0000000617800000| Untracked 
| 188|0x0000000617800000, 0x00000006179ffff8, 0x0000000617a00000| 99%| O|  |TAMS 0x00000006179ffff8, 0x00000006179ffff8| Untracked 
| 189|0x0000000617a00000, 0x0000000617c00000, 0x0000000617c00000|100%| O|  |TAMS 0x0000000617c00000, 0x0000000617c00000| Untracked 
| 190|0x0000000617c00000, 0x0000000617e00000, 0x0000000617e00000|100%| O|  |TAMS 0x0000000617e00000, 0x0000000617e00000| Untracked 
| 191|0x0000000617e00000, 0x0000000617fffff0, 0x0000000618000000| 99%| O|  |TAMS 0x0000000617fffff0, 0x0000000617fffff0| Untracked 
| 192|0x0000000618000000, 0x00000006181ffff0, 0x0000000618200000| 99%| O|  |TAMS 0x00000006181ffff0, 0x00000006181ffff0| Untracked 
| 193|0x0000000618200000, 0x0000000618400000, 0x0000000618400000|100%| O|  |TAMS 0x0000000618400000, 0x0000000618400000| Untracked 
| 194|0x0000000618400000, 0x0000000618600000, 0x0000000618600000|100%| O|  |TAMS 0x0000000618600000, 0x0000000618600000| Untracked 
| 195|0x0000000618600000, 0x00000006187ffff0, 0x0000000618800000| 99%| O|  |TAMS 0x00000006187ffff0, 0x00000006187ffff0| Untracked 
| 196|0x0000000618800000, 0x00000006189fff98, 0x0000000618a00000| 99%| O|  |TAMS 0x00000006189fff98, 0x00000006189fff98| Untracked 
| 197|0x0000000618a00000, 0x0000000618bfffe8, 0x0000000618c00000| 99%| O|  |TAMS 0x0000000618bfffe8, 0x0000000618bfffe8| Untracked 
| 198|0x0000000618c00000, 0x0000000618e00000, 0x0000000618e00000|100%| O|  |TAMS 0x0000000618e00000, 0x0000000618e00000| Untracked 
| 199|0x0000000618e00000, 0x0000000619000000, 0x0000000619000000|100%| O|  |TAMS 0x0000000619000000, 0x0000000619000000| Untracked 
| 200|0x0000000619000000, 0x00000006191ffff0, 0x0000000619200000| 99%| O|  |TAMS 0x00000006191ffff0, 0x00000006191ffff0| Untracked 
| 201|0x0000000619200000, 0x00000006193ffff8, 0x0000000619400000| 99%| O|  |TAMS 0x00000006193ffff8, 0x00000006193ffff8| Untracked 
| 202|0x0000000619400000, 0x00000006195ffff8, 0x0000000619600000| 99%| O|  |TAMS 0x00000006195ffff8, 0x00000006195ffff8| Untracked 
| 203|0x0000000619600000, 0x00000006197ffff0, 0x0000000619800000| 99%| O|  |TAMS 0x00000006197ffff0, 0x00000006197ffff0| Untracked 
| 204|0x0000000619800000, 0x0000000619a00000, 0x0000000619a00000|100%| O|  |TAMS 0x0000000619a00000, 0x0000000619a00000| Untracked 
| 205|0x0000000619a00000, 0x0000000619c00000, 0x0000000619c00000|100%| O|  |TAMS 0x0000000619c00000, 0x0000000619c00000| Untracked 
| 206|0x0000000619c00000, 0x0000000619dfffa8, 0x0000000619e00000| 99%| O|  |TAMS 0x0000000619dfffa8, 0x0000000619dfffa8| Untracked 
| 207|0x0000000619e00000, 0x0000000619fffff0, 0x000000061a000000| 99%| O|  |TAMS 0x0000000619fffff0, 0x0000000619fffff0| Untracked 
| 208|0x000000061a000000, 0x000000061a1fffe8, 0x000000061a200000| 99%| O|  |TAMS 0x000000061a1fffe8, 0x000000061a1fffe8| Untracked 
| 209|0x000000061a200000, 0x000000061a3ffff8, 0x000000061a400000| 99%| O|  |TAMS 0x000000061a3ffff8, 0x000000061a3ffff8| Untracked 
| 210|0x000000061a400000, 0x000000061a5ffff8, 0x000000061a600000| 99%| O|  |TAMS 0x000000061a5ffff8, 0x000000061a5ffff8| Untracked 
| 211|0x000000061a600000, 0x000000061a7fffe8, 0x000000061a800000| 99%| O|  |TAMS 0x000000061a7fffe8, 0x000000061a7fffe8| Untracked 
| 212|0x000000061a800000, 0x000000061a9fff80, 0x000000061aa00000| 99%| O|  |TAMS 0x000000061a9fff80, 0x000000061a9fff80| Untracked 
| 213|0x000000061aa00000, 0x000000061abffff8, 0x000000061ac00000| 99%| O|  |TAMS 0x000000061abffff8, 0x000000061abffff8| Untracked 
| 214|0x000000061ac00000, 0x000000061adffff0, 0x000000061ae00000| 99%| O|  |TAMS 0x000000061adffff0, 0x000000061adffff0| Untracked 
| 215|0x000000061ae00000, 0x000000061b000000, 0x000000061b000000|100%| O|  |TAMS 0x000000061b000000, 0x000000061b000000| Untracked 
| 216|0x000000061b000000, 0x000000061b1ffff8, 0x000000061b200000| 99%| O|  |TAMS 0x000000061b1ffff8, 0x000000061b1ffff8| Untracked 
| 217|0x000000061b200000, 0x000000061b400000, 0x000000061b400000|100%| O|  |TAMS 0x000000061b400000, 0x000000061b400000| Untracked 
| 218|0x000000061b400000, 0x000000061b5fffe0, 0x000000061b600000| 99%| O|  |TAMS 0x000000061b5fffe0, 0x000000061b5fffe0| Untracked 
| 219|0x000000061b600000, 0x000000061b800000, 0x000000061b800000|100%| O|  |TAMS 0x000000061b800000, 0x000000061b800000| Untracked 
| 220|0x000000061b800000, 0x000000061ba00000, 0x000000061ba00000|100%| O|  |TAMS 0x000000061ba00000, 0x000000061ba00000| Untracked 
| 221|0x000000061ba00000, 0x000000061bbffff8, 0x000000061bc00000| 99%| O|  |TAMS 0x000000061bbffff8, 0x000000061bbffff8| Untracked 
| 222|0x000000061bc00000, 0x000000061bdfffe8, 0x000000061be00000| 99%| O|  |TAMS 0x000000061bdfffe8, 0x000000061bdfffe8| Untracked 
| 223|0x000000061be00000, 0x000000061bfffff8, 0x000000061c000000| 99%| O|  |TAMS 0x000000061bfffff8, 0x000000061bfffff8| Untracked 
| 224|0x000000061c000000, 0x000000061c200000, 0x000000061c200000|100%| O|  |TAMS 0x000000061c200000, 0x000000061c200000| Untracked 
| 225|0x000000061c200000, 0x000000061c400000, 0x000000061c400000|100%| O|  |TAMS 0x000000061c400000, 0x000000061c400000| Untracked 
| 226|0x000000061c400000, 0x000000061c5ffff0, 0x000000061c600000| 99%| O|  |TAMS 0x000000061c5ffff0, 0x000000061c5ffff0| Untracked 
| 227|0x000000061c600000, 0x000000061c7ffff0, 0x000000061c800000| 99%| O|  |TAMS 0x000000061c7ffff0, 0x000000061c7ffff0| Untracked 
| 228|0x000000061c800000, 0x000000061c9fffe8, 0x000000061ca00000| 99%| O|  |TAMS 0x000000061c9fffe8, 0x000000061c9fffe8| Untracked 
| 229|0x000000061ca00000, 0x000000061cbffff8, 0x000000061cc00000| 99%| O|  |TAMS 0x000000061cbffff8, 0x000000061cbffff8| Untracked 
| 230|0x000000061cc00000, 0x000000061cdfffa8, 0x000000061ce00000| 99%| O|  |TAMS 0x000000061cdfffa8, 0x000000061cdfffa8| Untracked 
| 231|0x000000061ce00000, 0x000000061cfffff0, 0x000000061d000000| 99%| O|  |TAMS 0x000000061cfffff0, 0x000000061cfffff0| Untracked 
| 232|0x000000061d000000, 0x000000061d1ffff8, 0x000000061d200000| 99%| O|  |TAMS 0x000000061d1ffff8, 0x000000061d1ffff8| Untracked 
| 233|0x000000061d200000, 0x000000061d3fffe8, 0x000000061d400000| 99%| O|  |TAMS 0x000000061d3fffe8, 0x000000061d3fffe8| Untracked 
| 234|0x000000061d400000, 0x000000061d600000, 0x000000061d600000|100%| O|  |TAMS 0x000000061d600000, 0x000000061d600000| Untracked 
| 235|0x000000061d600000, 0x000000061d7ffff0, 0x000000061d800000| 99%| O|  |TAMS 0x000000061d7ffff0, 0x000000061d7ffff0| Untracked 
| 236|0x000000061d800000, 0x000000061d9ffff8, 0x000000061da00000| 99%| O|  |TAMS 0x000000061d9ffff8, 0x000000061d9ffff8| Untracked 
| 237|0x000000061da00000, 0x000000061dbffff8, 0x000000061dc00000| 99%| O|  |TAMS 0x000000061dbffff8, 0x000000061dbffff8| Untracked 
| 238|0x000000061dc00000, 0x000000061de00000, 0x000000061de00000|100%| O|  |TAMS 0x000000061de00000, 0x000000061de00000| Untracked 
| 239|0x000000061de00000, 0x000000061dfffff0, 0x000000061e000000| 99%| O|  |TAMS 0x000000061dfffff0, 0x000000061dfffff0| Untracked 
| 240|0x000000061e000000, 0x000000061e1ffff0, 0x000000061e200000| 99%| O|  |TAMS 0x000000061e1ffff0, 0x000000061e1ffff0| Untracked 
| 241|0x000000061e200000, 0x000000061e400000, 0x000000061e400000|100%| O|  |TAMS 0x000000061e400000, 0x000000061e400000| Untracked 
| 242|0x000000061e400000, 0x000000061e600000, 0x000000061e600000|100%| O|  |TAMS 0x000000061e600000, 0x000000061e600000| Untracked 
| 243|0x000000061e600000, 0x000000061e800000, 0x000000061e800000|100%| O|  |TAMS 0x000000061e800000, 0x000000061e800000| Untracked 
| 244|0x000000061e800000, 0x000000061e9ffff8, 0x000000061ea00000| 99%| O|  |TAMS 0x000000061e9ffff8, 0x000000061e9ffff8| Untracked 
| 245|0x000000061ea00000, 0x000000061ec00000, 0x000000061ec00000|100%| O|  |TAMS 0x000000061ec00000, 0x000000061ec00000| Untracked 
| 246|0x000000061ec00000, 0x000000061edffff8, 0x000000061ee00000| 99%| O|  |TAMS 0x000000061edffff8, 0x000000061edffff8| Untracked 
| 247|0x000000061ee00000, 0x000000061efffff8, 0x000000061f000000| 99%| O|  |TAMS 0x000000061efffff8, 0x000000061efffff8| Untracked 
| 248|0x000000061f000000, 0x000000061f1fffd8, 0x000000061f200000| 99%| O|  |TAMS 0x000000061f1fffd8, 0x000000061f1fffd8| Untracked 
| 249|0x000000061f200000, 0x000000061f3ffff0, 0x000000061f400000| 99%| O|  |TAMS 0x000000061f3ffff0, 0x000000061f3ffff0| Untracked 
| 250|0x000000061f400000, 0x000000061f600000, 0x000000061f600000|100%| O|  |TAMS 0x000000061f600000, 0x000000061f600000| Untracked 
| 251|0x000000061f600000, 0x000000061f7ffff8, 0x000000061f800000| 99%| O|  |TAMS 0x000000061f7ffff8, 0x000000061f7ffff8| Untracked 
| 252|0x000000061f800000, 0x000000061f9ffff0, 0x000000061fa00000| 99%| O|  |TAMS 0x000000061f9ffff0, 0x000000061f9ffff0| Untracked 
| 253|0x000000061fa00000, 0x000000061fc00000, 0x000000061fc00000|100%| O|  |TAMS 0x000000061fc00000, 0x000000061fc00000| Untracked 
| 254|0x000000061fc00000, 0x000000061fdfffc8, 0x000000061fe00000| 99%| O|  |TAMS 0x000000061fdfffc8, 0x000000061fdfffc8| Untracked 
| 255|0x000000061fe00000, 0x000000061ffffff8, 0x0000000620000000| 99%| O|  |TAMS 0x000000061ffffff8, 0x000000061ffffff8| Untracked 
| 256|0x0000000620000000, 0x00000006201fffe8, 0x0000000620200000| 99%| O|  |TAMS 0x00000006201fffe8, 0x00000006201fffe8| Untracked 
| 257|0x0000000620200000, 0x00000006203ffff8, 0x0000000620400000| 99%| O|  |TAMS 0x00000006203ffff8, 0x00000006203ffff8| Untracked 
| 258|0x0000000620400000, 0x00000006205fffe8, 0x0000000620600000| 99%| O|  |TAMS 0x00000006205fffe8, 0x00000006205fffe8| Untracked 
| 259|0x0000000620600000, 0x0000000620800000, 0x0000000620800000|100%| O|  |TAMS 0x0000000620800000, 0x0000000620800000| Untracked 
| 260|0x0000000620800000, 0x00000006209ffff8, 0x0000000620a00000| 99%| O|  |TAMS 0x00000006209ffff8, 0x00000006209ffff8| Untracked 
| 261|0x0000000620a00000, 0x0000000620bffff8, 0x0000000620c00000| 99%| O|  |TAMS 0x0000000620bffff8, 0x0000000620bffff8| Untracked 
| 262|0x0000000620c00000, 0x0000000620dffff8, 0x0000000620e00000| 99%| O|  |TAMS 0x0000000620dffff8, 0x0000000620dffff8| Untracked 
| 263|0x0000000620e00000, 0x0000000620fffff0, 0x0000000621000000| 99%| O|  |TAMS 0x0000000620fffff0, 0x0000000620fffff0| Untracked 
| 264|0x0000000621000000, 0x00000006211ffff0, 0x0000000621200000| 99%| O|  |TAMS 0x00000006211ffff0, 0x00000006211ffff0| Untracked 
| 265|0x0000000621200000, 0x00000006213ffff0, 0x0000000621400000| 99%| O|  |TAMS 0x00000006213ffff0, 0x00000006213ffff0| Untracked 
| 266|0x0000000621400000, 0x00000006215ffff8, 0x0000000621600000| 99%| O|  |TAMS 0x00000006215ffff8, 0x00000006215ffff8| Untracked 
| 267|0x0000000621600000, 0x0000000621800000, 0x0000000621800000|100%| O|  |TAMS 0x0000000621800000, 0x0000000621800000| Untracked 
| 268|0x0000000621800000, 0x00000006219ffff8, 0x0000000621a00000| 99%| O|  |TAMS 0x00000006219ffff8, 0x00000006219ffff8| Untracked 
| 269|0x0000000621a00000, 0x0000000621bffff0, 0x0000000621c00000| 99%| O|  |TAMS 0x0000000621bffff0, 0x0000000621bffff0| Untracked 
| 270|0x0000000621c00000, 0x0000000621e00000, 0x0000000621e00000|100%| O|  |TAMS 0x0000000621e00000, 0x0000000621e00000| Untracked 
| 271|0x0000000621e00000, 0x0000000621ffffe8, 0x0000000622000000| 99%| O|  |TAMS 0x0000000621ffffe8, 0x0000000621ffffe8| Untracked 
| 272|0x0000000622000000, 0x00000006221fffe8, 0x0000000622200000| 99%| O|  |TAMS 0x00000006221fffe8, 0x00000006221fffe8| Untracked 
| 273|0x0000000622200000, 0x00000006223fffe8, 0x0000000622400000| 99%| O|  |TAMS 0x00000006223fffe8, 0x00000006223fffe8| Untracked 
| 274|0x0000000622400000, 0x0000000622600000, 0x0000000622600000|100%| O|  |TAMS 0x0000000622600000, 0x0000000622600000| Untracked 
| 275|0x0000000622600000, 0x00000006227ffff8, 0x0000000622800000| 99%| O|  |TAMS 0x00000006227ffff8, 0x00000006227ffff8| Untracked 
| 276|0x0000000622800000, 0x00000006229ffff0, 0x0000000622a00000| 99%| O|  |TAMS 0x00000006229ffff0, 0x00000006229ffff0| Untracked 
| 277|0x0000000622a00000, 0x0000000622bfffe8, 0x0000000622c00000| 99%| O|  |TAMS 0x0000000622bfffe8, 0x0000000622bfffe8| Untracked 
| 278|0x0000000622c00000, 0x0000000622dffff0, 0x0000000622e00000| 99%| O|  |TAMS 0x0000000622dffff0, 0x0000000622dffff0| Untracked 
| 279|0x0000000622e00000, 0x0000000622fffff8, 0x0000000623000000| 99%| O|  |TAMS 0x0000000622fffff8, 0x0000000622fffff8| Untracked 
| 280|0x0000000623000000, 0x00000006231ffff0, 0x0000000623200000| 99%| O|  |TAMS 0x00000006231ffff0, 0x00000006231ffff0| Untracked 
| 281|0x0000000623200000, 0x00000006233ffff0, 0x0000000623400000| 99%| O|  |TAMS 0x00000006233ffff0, 0x00000006233ffff0| Untracked 
| 282|0x0000000623400000, 0x00000006235ffff0, 0x0000000623600000| 99%| O|  |TAMS 0x00000006235ffff0, 0x00000006235ffff0| Untracked 
| 283|0x0000000623600000, 0x00000006237ffff0, 0x0000000623800000| 99%| O|  |TAMS 0x00000006237ffff0, 0x00000006237ffff0| Untracked 
| 284|0x0000000623800000, 0x00000006239ffff0, 0x0000000623a00000| 99%| O|  |TAMS 0x00000006239ffff0, 0x00000006239ffff0| Untracked 
| 285|0x0000000623a00000, 0x0000000623bfffe8, 0x0000000623c00000| 99%| O|  |TAMS 0x0000000623bfffe8, 0x0000000623bfffe8| Untracked 
| 286|0x0000000623c00000, 0x0000000623e00000, 0x0000000623e00000|100%| O|  |TAMS 0x0000000623e00000, 0x0000000623e00000| Untracked 
| 287|0x0000000623e00000, 0x0000000623fffff8, 0x0000000624000000| 99%| O|  |TAMS 0x0000000623fffff8, 0x0000000623fffff8| Untracked 
| 288|0x0000000624000000, 0x0000000624200000, 0x0000000624200000|100%| O|  |TAMS 0x0000000624200000, 0x0000000624200000| Untracked 
| 289|0x0000000624200000, 0x0000000624400000, 0x0000000624400000|100%| O|  |TAMS 0x0000000624400000, 0x0000000624400000| Untracked 
| 290|0x0000000624400000, 0x0000000624600000, 0x0000000624600000|100%| O|  |TAMS 0x0000000624600000, 0x0000000624600000| Untracked 
| 291|0x0000000624600000, 0x00000006247fffb0, 0x0000000624800000| 99%| O|  |TAMS 0x00000006247fffb0, 0x00000006247fffb0| Untracked 
| 292|0x0000000624800000, 0x00000006249ffff0, 0x0000000624a00000| 99%| O|  |TAMS 0x00000006249ffff0, 0x00000006249ffff0| Untracked 
| 293|0x0000000624a00000, 0x0000000624c00000, 0x0000000624c00000|100%| O|  |TAMS 0x0000000624c00000, 0x0000000624c00000| Untracked 
| 294|0x0000000624c00000, 0x0000000624dffff0, 0x0000000624e00000| 99%| O|  |TAMS 0x0000000624dffff0, 0x0000000624dffff0| Untracked 
| 295|0x0000000624e00000, 0x0000000624ffffe8, 0x0000000625000000| 99%| O|  |TAMS 0x0000000624ffffe8, 0x0000000624ffffe8| Untracked 
| 296|0x0000000625000000, 0x0000000625200000, 0x0000000625200000|100%| O|  |TAMS 0x0000000625200000, 0x0000000625200000| Untracked 
| 297|0x0000000625200000, 0x00000006253fffe0, 0x0000000625400000| 99%| O|  |TAMS 0x00000006253fffe0, 0x00000006253fffe0| Untracked 
| 298|0x0000000625400000, 0x00000006255fffe8, 0x0000000625600000| 99%| O|  |TAMS 0x00000006255fffe8, 0x00000006255fffe8| Untracked 
| 299|0x0000000625600000, 0x0000000625800000, 0x0000000625800000|100%| O|  |TAMS 0x0000000625800000, 0x0000000625800000| Untracked 
| 300|0x0000000625800000, 0x0000000625a00000, 0x0000000625a00000|100%| O|  |TAMS 0x0000000625a00000, 0x0000000625a00000| Untracked 
| 301|0x0000000625a00000, 0x0000000625bffff0, 0x0000000625c00000| 99%| O|  |TAMS 0x0000000625bffff0, 0x0000000625bffff0| Untracked 
| 302|0x0000000625c00000, 0x0000000625e00000, 0x0000000625e00000|100%| O|  |TAMS 0x0000000625e00000, 0x0000000625e00000| Untracked 
| 303|0x0000000625e00000, 0x0000000625fffff8, 0x0000000626000000| 99%| O|  |TAMS 0x0000000625fffff8, 0x0000000625fffff8| Untracked 
| 304|0x0000000626000000, 0x00000006261ffff8, 0x0000000626200000| 99%| O|  |TAMS 0x00000006261ffff8, 0x00000006261ffff8| Untracked 
| 305|0x0000000626200000, 0x0000000626400000, 0x0000000626400000|100%| O|  |TAMS 0x0000000626400000, 0x0000000626400000| Untracked 
| 306|0x0000000626400000, 0x00000006265ffff8, 0x0000000626600000| 99%| O|  |TAMS 0x00000006265ffff8, 0x00000006265ffff8| Untracked 
| 307|0x0000000626600000, 0x00000006267ffff8, 0x0000000626800000| 99%| O|  |TAMS 0x00000006267ffff8, 0x00000006267ffff8| Untracked 
| 308|0x0000000626800000, 0x0000000626a00000, 0x0000000626a00000|100%| O|  |TAMS 0x0000000626a00000, 0x0000000626a00000| Untracked 
| 309|0x0000000626a00000, 0x0000000626bfff50, 0x0000000626c00000| 99%| O|  |TAMS 0x0000000626bfff50, 0x0000000626bfff50| Untracked 
| 310|0x0000000626c00000, 0x0000000626dffff8, 0x0000000626e00000| 99%| O|  |TAMS 0x0000000626dffff8, 0x0000000626dffff8| Untracked 
| 311|0x0000000626e00000, 0x0000000627000000, 0x0000000627000000|100%| O|  |TAMS 0x0000000627000000, 0x0000000627000000| Untracked 
| 312|0x0000000627000000, 0x00000006271fffa8, 0x0000000627200000| 99%| O|  |TAMS 0x00000006271fffa8, 0x00000006271fffa8| Untracked 
| 313|0x0000000627200000, 0x00000006273fffe0, 0x0000000627400000| 99%| O|  |TAMS 0x00000006273fffe0, 0x00000006273fffe0| Untracked 
| 314|0x0000000627400000, 0x0000000627600000, 0x0000000627600000|100%| O|  |TAMS 0x0000000627600000, 0x0000000627600000| Untracked 
| 315|0x0000000627600000, 0x0000000627800000, 0x0000000627800000|100%| O|  |TAMS 0x0000000627800000, 0x0000000627800000| Untracked 
| 316|0x0000000627800000, 0x00000006279ffff0, 0x0000000627a00000| 99%| O|  |TAMS 0x00000006279ffff0, 0x00000006279ffff0| Untracked 
| 317|0x0000000627a00000, 0x0000000627c00000, 0x0000000627c00000|100%| O|  |TAMS 0x0000000627c00000, 0x0000000627c00000| Untracked 
| 318|0x0000000627c00000, 0x0000000627dfffd0, 0x0000000627e00000| 99%| O|  |TAMS 0x0000000627dfffd0, 0x0000000627dfffd0| Untracked 
| 319|0x0000000627e00000, 0x0000000627ffffe8, 0x0000000628000000| 99%| O|  |TAMS 0x0000000627ffffe8, 0x0000000627ffffe8| Untracked 
| 320|0x0000000628000000, 0x00000006281ffff8, 0x0000000628200000| 99%| O|  |TAMS 0x00000006281ffff8, 0x00000006281ffff8| Untracked 
| 321|0x0000000628200000, 0x00000006283ffff0, 0x0000000628400000| 99%| O|  |TAMS 0x00000006283ffff0, 0x00000006283ffff0| Untracked 
| 322|0x0000000628400000, 0x00000006285ffff8, 0x0000000628600000| 99%| O|  |TAMS 0x00000006285ffff8, 0x00000006285ffff8| Untracked 
| 323|0x0000000628600000, 0x0000000628800000, 0x0000000628800000|100%| O|  |TAMS 0x0000000628800000, 0x0000000628800000| Untracked 
| 324|0x0000000628800000, 0x0000000628a00000, 0x0000000628a00000|100%| O|  |TAMS 0x0000000628a00000, 0x0000000628a00000| Untracked 
| 325|0x0000000628a00000, 0x0000000628bffff8, 0x0000000628c00000| 99%| O|  |TAMS 0x0000000628bffff8, 0x0000000628bffff8| Untracked 
| 326|0x0000000628c00000, 0x0000000628dffff8, 0x0000000628e00000| 99%| O|  |TAMS 0x0000000628dffff8, 0x0000000628dffff8| Untracked 
| 327|0x0000000628e00000, 0x0000000629000000, 0x0000000629000000|100%| O|  |TAMS 0x0000000629000000, 0x0000000629000000| Untracked 
| 328|0x0000000629000000, 0x00000006291ffff0, 0x0000000629200000| 99%| O|  |TAMS 0x00000006291ffff0, 0x00000006291ffff0| Untracked 
| 329|0x0000000629200000, 0x00000006293ffff0, 0x0000000629400000| 99%| O|  |TAMS 0x00000006293ffff0, 0x00000006293ffff0| Untracked 
| 330|0x0000000629400000, 0x0000000629600000, 0x0000000629600000|100%| O|  |TAMS 0x0000000629600000, 0x0000000629600000| Untracked 
| 331|0x0000000629600000, 0x00000006297ffff0, 0x0000000629800000| 99%| O|  |TAMS 0x00000006297ffff0, 0x00000006297ffff0| Untracked 
| 332|0x0000000629800000, 0x0000000629a00000, 0x0000000629a00000|100%| O|  |TAMS 0x0000000629a00000, 0x0000000629a00000| Untracked 
| 333|0x0000000629a00000, 0x0000000629c00000, 0x0000000629c00000|100%| O|  |TAMS 0x0000000629c00000, 0x0000000629c00000| Untracked 
| 334|0x0000000629c00000, 0x0000000629dffff8, 0x0000000629e00000| 99%| O|  |TAMS 0x0000000629dffff8, 0x0000000629dffff8| Untracked 
| 335|0x0000000629e00000, 0x0000000629fffff0, 0x000000062a000000| 99%| O|  |TAMS 0x0000000629fffff0, 0x0000000629fffff0| Untracked 
| 336|0x000000062a000000, 0x000000062a1fffe8, 0x000000062a200000| 99%| O|  |TAMS 0x000000062a1fffe8, 0x000000062a1fffe8| Untracked 
| 337|0x000000062a200000, 0x000000062a400000, 0x000000062a400000|100%| O|  |TAMS 0x000000062a400000, 0x000000062a400000| Untracked 
| 338|0x000000062a400000, 0x000000062a5ffff0, 0x000000062a600000| 99%| O|  |TAMS 0x000000062a5ffff0, 0x000000062a5ffff0| Untracked 
| 339|0x000000062a600000, 0x000000062a7ffff0, 0x000000062a800000| 99%| O|  |TAMS 0x000000062a7ffff0, 0x000000062a7ffff0| Untracked 
| 340|0x000000062a800000, 0x000000062a9ffff8, 0x000000062aa00000| 99%| O|  |TAMS 0x000000062a9ffff8, 0x000000062a9ffff8| Untracked 
| 341|0x000000062aa00000, 0x000000062abffff0, 0x000000062ac00000| 99%| O|  |TAMS 0x000000062abffff0, 0x000000062abffff0| Untracked 
| 342|0x000000062ac00000, 0x000000062ae00000, 0x000000062ae00000|100%| O|  |TAMS 0x000000062ae00000, 0x000000062ae00000| Untracked 
| 343|0x000000062ae00000, 0x000000062afffff0, 0x000000062b000000| 99%| O|  |TAMS 0x000000062afffff0, 0x000000062afffff0| Untracked 
| 344|0x000000062b000000, 0x000000062b1ffff0, 0x000000062b200000| 99%| O|  |TAMS 0x000000062b1ffff0, 0x000000062b1ffff0| Untracked 
| 345|0x000000062b200000, 0x000000062b3ffff8, 0x000000062b400000| 99%| O|  |TAMS 0x000000062b3ffff8, 0x000000062b3ffff8| Untracked 
| 346|0x000000062b400000, 0x000000062b600000, 0x000000062b600000|100%| O|  |TAMS 0x000000062b600000, 0x000000062b600000| Untracked 
| 347|0x000000062b600000, 0x000000062b800000, 0x000000062b800000|100%| O|  |TAMS 0x000000062b800000, 0x000000062b800000| Untracked 
| 348|0x000000062b800000, 0x000000062b9fffe0, 0x000000062ba00000| 99%| O|  |TAMS 0x000000062b9fffe0, 0x000000062b9fffe0| Untracked 
| 349|0x000000062ba00000, 0x000000062bbffff8, 0x000000062bc00000| 99%| O|  |TAMS 0x000000062bbffff8, 0x000000062bbffff8| Untracked 
| 350|0x000000062bc00000, 0x000000062bdffff8, 0x000000062be00000| 99%| O|  |TAMS 0x000000062bdffff8, 0x000000062bdffff8| Untracked 
| 351|0x000000062be00000, 0x000000062bfffff8, 0x000000062c000000| 99%| O|  |TAMS 0x000000062bfffff8, 0x000000062bfffff8| Untracked 
| 352|0x000000062c000000, 0x000000062c1ffff0, 0x000000062c200000| 99%| O|  |TAMS 0x000000062c1ffff0, 0x000000062c1ffff0| Untracked 
| 353|0x000000062c200000, 0x000000062c3ffff8, 0x000000062c400000| 99%| O|  |TAMS 0x000000062c3ffff8, 0x000000062c3ffff8| Untracked 
| 354|0x000000062c400000, 0x000000062c5ffff8, 0x000000062c600000| 99%| O|  |TAMS 0x000000062c5ffff8, 0x000000062c5ffff8| Untracked 
| 355|0x000000062c600000, 0x000000062c7fffd0, 0x000000062c800000| 99%| O|  |TAMS 0x000000062c7fffd0, 0x000000062c7fffd0| Untracked 
| 356|0x000000062c800000, 0x000000062c9fffe8, 0x000000062ca00000| 99%| O|  |TAMS 0x000000062c9fffe8, 0x000000062c9fffe8| Untracked 
| 357|0x000000062ca00000, 0x000000062cbfffb8, 0x000000062cc00000| 99%| O|  |TAMS 0x000000062cbfffb8, 0x000000062cbfffb8| Untracked 
| 358|0x000000062cc00000, 0x000000062cdfffe8, 0x000000062ce00000| 99%| O|  |TAMS 0x000000062cdfffe8, 0x000000062cdfffe8| Untracked 
| 359|0x000000062ce00000, 0x000000062d000000, 0x000000062d000000|100%| O|  |TAMS 0x000000062d000000, 0x000000062d000000| Untracked 
| 360|0x000000062d000000, 0x000000062d1ffff8, 0x000000062d200000| 99%| O|  |TAMS 0x000000062d1ffff8, 0x000000062d1ffff8| Untracked 
| 361|0x000000062d200000, 0x000000062d3fffe8, 0x000000062d400000| 99%| O|  |TAMS 0x000000062d3fffe8, 0x000000062d3fffe8| Untracked 
| 362|0x000000062d400000, 0x000000062d5fffa0, 0x000000062d600000| 99%| O|  |TAMS 0x000000062d5fffa0, 0x000000062d5fffa0| Untracked 
| 363|0x000000062d600000, 0x000000062d7ffff0, 0x000000062d800000| 99%| O|  |TAMS 0x000000062d7ffff0, 0x000000062d7ffff0| Untracked 
| 364|0x000000062d800000, 0x000000062da00000, 0x000000062da00000|100%| O|  |TAMS 0x000000062da00000, 0x000000062da00000| Untracked 
| 365|0x000000062da00000, 0x000000062dbffff8, 0x000000062dc00000| 99%| O|  |TAMS 0x000000062dbffff8, 0x000000062dbffff8| Untracked 
| 366|0x000000062dc00000, 0x000000062de00000, 0x000000062de00000|100%| O|  |TAMS 0x000000062de00000, 0x000000062de00000| Untracked 
| 367|0x000000062de00000, 0x000000062dfffff8, 0x000000062e000000| 99%| O|  |TAMS 0x000000062dfffff8, 0x000000062dfffff8| Untracked 
| 368|0x000000062e000000, 0x000000062e200000, 0x000000062e200000|100%| O|  |TAMS 0x000000062e200000, 0x000000062e200000| Untracked 
| 369|0x000000062e200000, 0x000000062e400000, 0x000000062e400000|100%| O|  |TAMS 0x000000062e400000, 0x000000062e400000| Untracked 
| 370|0x000000062e400000, 0x000000062e600000, 0x000000062e600000|100%| O|  |TAMS 0x000000062e600000, 0x000000062e600000| Untracked 
| 371|0x000000062e600000, 0x000000062e7ffff8, 0x000000062e800000| 99%| O|  |TAMS 0x000000062e7ffff8, 0x000000062e7ffff8| Untracked 
| 372|0x000000062e800000, 0x000000062e9ffff8, 0x000000062ea00000| 99%| O|  |TAMS 0x000000062e9ffff8, 0x000000062e9ffff8| Untracked 
| 373|0x000000062ea00000, 0x000000062ebffff8, 0x000000062ec00000| 99%| O|  |TAMS 0x000000062ebffff8, 0x000000062ebffff8| Untracked 
| 374|0x000000062ec00000, 0x000000062ee00000, 0x000000062ee00000|100%| O|  |TAMS 0x000000062ee00000, 0x000000062ee00000| Untracked 
| 375|0x000000062ee00000, 0x000000062efffff8, 0x000000062f000000| 99%| O|  |TAMS 0x000000062efffff8, 0x000000062efffff8| Untracked 
| 376|0x000000062f000000, 0x000000062f1ffee0, 0x000000062f200000| 99%| O|  |TAMS 0x000000062f1ffee0, 0x000000062f1ffee0| Untracked 
| 377|0x000000062f200000, 0x000000062f3ffff8, 0x000000062f400000| 99%| O|  |TAMS 0x000000062f3ffff8, 0x000000062f3ffff8| Untracked 
| 378|0x000000062f400000, 0x000000062f5ffff8, 0x000000062f600000| 99%| O|  |TAMS 0x000000062f5ffff8, 0x000000062f5ffff8| Untracked 
| 379|0x000000062f600000, 0x000000062f7fffe8, 0x000000062f800000| 99%| O|  |TAMS 0x000000062f7fffe8, 0x000000062f7fffe8| Untracked 
| 380|0x000000062f800000, 0x000000062f9ffff8, 0x000000062fa00000| 99%| O|  |TAMS 0x000000062f9ffff8, 0x000000062f9ffff8| Untracked 
| 381|0x000000062fa00000, 0x000000062fbfffe0, 0x000000062fc00000| 99%| O|  |TAMS 0x000000062fbfffe0, 0x000000062fbfffe0| Untracked 
| 382|0x000000062fc00000, 0x000000062fdffff8, 0x000000062fe00000| 99%| O|  |TAMS 0x000000062fdffff8, 0x000000062fdffff8| Untracked 
| 383|0x000000062fe00000, 0x000000062ffffff8, 0x0000000630000000| 99%| O|  |TAMS 0x000000062ffffff8, 0x000000062ffffff8| Untracked 
| 384|0x0000000630000000, 0x00000006301ffff8, 0x0000000630200000| 99%| O|  |TAMS 0x00000006301ffff8, 0x00000006301ffff8| Untracked 
| 385|0x0000000630200000, 0x00000006303ffff8, 0x0000000630400000| 99%| O|  |TAMS 0x00000006303ffff8, 0x00000006303ffff8| Untracked 
| 386|0x0000000630400000, 0x00000006305fffe0, 0x0000000630600000| 99%| O|  |TAMS 0x00000006305fffe0, 0x00000006305fffe0| Untracked 
| 387|0x0000000630600000, 0x00000006307ffff0, 0x0000000630800000| 99%| O|  |TAMS 0x00000006307ffff0, 0x00000006307ffff0| Untracked 
| 388|0x0000000630800000, 0x0000000630a00000, 0x0000000630a00000|100%| O|  |TAMS 0x0000000630a00000, 0x0000000630a00000| Untracked 
| 389|0x0000000630a00000, 0x0000000630bffff0, 0x0000000630c00000| 99%| O|  |TAMS 0x0000000630bffff0, 0x0000000630bffff0| Untracked 
| 390|0x0000000630c00000, 0x0000000630e00000, 0x0000000630e00000|100%| O|  |TAMS 0x0000000630e00000, 0x0000000630e00000| Untracked 
| 391|0x0000000630e00000, 0x0000000631000000, 0x0000000631000000|100%| O|  |TAMS 0x0000000631000000, 0x0000000631000000| Untracked 
| 392|0x0000000631000000, 0x00000006311ffff8, 0x0000000631200000| 99%| O|  |TAMS 0x00000006311ffff8, 0x00000006311ffff8| Untracked 
| 393|0x0000000631200000, 0x00000006313ffff8, 0x0000000631400000| 99%| O|  |TAMS 0x00000006313ffff8, 0x00000006313ffff8| Untracked 
| 394|0x0000000631400000, 0x0000000631600000, 0x0000000631600000|100%| O|  |TAMS 0x0000000631600000, 0x0000000631600000| Untracked 
| 395|0x0000000631600000, 0x00000006317fffe8, 0x0000000631800000| 99%| O|  |TAMS 0x00000006317fffe8, 0x00000006317fffe8| Untracked 
| 396|0x0000000631800000, 0x00000006319ffff0, 0x0000000631a00000| 99%| O|  |TAMS 0x00000006319ffff0, 0x00000006319ffff0| Untracked 
| 397|0x0000000631a00000, 0x0000000631bffff0, 0x0000000631c00000| 99%| O|  |TAMS 0x0000000631bffff0, 0x0000000631bffff0| Untracked 
| 398|0x0000000631c00000, 0x0000000631dffff0, 0x0000000631e00000| 99%| O|  |TAMS 0x0000000631dffff0, 0x0000000631dffff0| Untracked 
| 399|0x0000000631e00000, 0x0000000632000000, 0x0000000632000000|100%| O|  |TAMS 0x0000000632000000, 0x0000000632000000| Untracked 
| 400|0x0000000632000000, 0x00000006321ffff8, 0x0000000632200000| 99%| O|  |TAMS 0x00000006321ffff8, 0x00000006321ffff8| Untracked 
| 401|0x0000000632200000, 0x00000006323fffe0, 0x0000000632400000| 99%| O|  |TAMS 0x00000006323fffe0, 0x00000006323fffe0| Untracked 
| 402|0x0000000632400000, 0x00000006325ffff8, 0x0000000632600000| 99%| O|  |TAMS 0x00000006325ffff8, 0x00000006325ffff8| Untracked 
| 403|0x0000000632600000, 0x00000006327fffc8, 0x0000000632800000| 99%| O|  |TAMS 0x00000006327fffc8, 0x00000006327fffc8| Untracked 
| 404|0x0000000632800000, 0x00000006329ffff8, 0x0000000632a00000| 99%| O|  |TAMS 0x00000006329ffff8, 0x00000006329ffff8| Untracked 
| 405|0x0000000632a00000, 0x0000000632bffff8, 0x0000000632c00000| 99%| O|  |TAMS 0x0000000632bffff8, 0x0000000632bffff8| Untracked 
| 406|0x0000000632c00000, 0x0000000632e00000, 0x0000000632e00000|100%| O|  |TAMS 0x0000000632e00000, 0x0000000632e00000| Untracked 
| 407|0x0000000632e00000, 0x0000000633000000, 0x0000000633000000|100%| O|  |TAMS 0x0000000633000000, 0x0000000633000000| Untracked 
| 408|0x0000000633000000, 0x0000000633200000, 0x0000000633200000|100%| O|  |TAMS 0x0000000633200000, 0x0000000633200000| Untracked 
| 409|0x0000000633200000, 0x0000000633400000, 0x0000000633400000|100%| O|  |TAMS 0x0000000633400000, 0x0000000633400000| Untracked 
| 410|0x0000000633400000, 0x0000000633600000, 0x0000000633600000|100%| O|  |TAMS 0x0000000633600000, 0x0000000633600000| Untracked 
| 411|0x0000000633600000, 0x00000006337ffff0, 0x0000000633800000| 99%| O|  |TAMS 0x00000006337ffff0, 0x00000006337ffff0| Untracked 
| 412|0x0000000633800000, 0x00000006339fffe8, 0x0000000633a00000| 99%| O|  |TAMS 0x00000006339fffe8, 0x00000006339fffe8| Untracked 
| 413|0x0000000633a00000, 0x0000000633c00000, 0x0000000633c00000|100%| O|  |TAMS 0x0000000633c00000, 0x0000000633c00000| Untracked 
| 414|0x0000000633c00000, 0x0000000633dffff0, 0x0000000633e00000| 99%| O|  |TAMS 0x0000000633dffff0, 0x0000000633dffff0| Untracked 
| 415|0x0000000633e00000, 0x0000000633ffffe8, 0x0000000634000000| 99%| O|  |TAMS 0x0000000633ffffe8, 0x0000000633ffffe8| Untracked 
| 416|0x0000000634000000, 0x0000000634200000, 0x0000000634200000|100%| O|  |TAMS 0x0000000634200000, 0x0000000634200000| Untracked 
| 417|0x0000000634200000, 0x00000006343ffff0, 0x0000000634400000| 99%| O|  |TAMS 0x00000006343ffff0, 0x00000006343ffff0| Untracked 
| 418|0x0000000634400000, 0x0000000634600000, 0x0000000634600000|100%| O|  |TAMS 0x0000000634600000, 0x0000000634600000| Untracked 
| 419|0x0000000634600000, 0x00000006347fffe8, 0x0000000634800000| 99%| O|  |TAMS 0x00000006347fffe8, 0x00000006347fffe8| Untracked 
| 420|0x0000000634800000, 0x00000006349ffff8, 0x0000000634a00000| 99%| O|  |TAMS 0x00000006349ffff8, 0x00000006349ffff8| Untracked 
| 421|0x0000000634a00000, 0x0000000634c00000, 0x0000000634c00000|100%| O|  |TAMS 0x0000000634c00000, 0x0000000634c00000| Untracked 
| 422|0x0000000634c00000, 0x0000000634dffff8, 0x0000000634e00000| 99%| O|  |TAMS 0x0000000634dffff8, 0x0000000634dffff8| Untracked 
| 423|0x0000000634e00000, 0x0000000634fffff0, 0x0000000635000000| 99%| O|  |TAMS 0x0000000634fffff0, 0x0000000634fffff0| Untracked 
| 424|0x0000000635000000, 0x00000006351ffff8, 0x0000000635200000| 99%| O|  |TAMS 0x00000006351ffff8, 0x00000006351ffff8| Untracked 
| 425|0x0000000635200000, 0x0000000635400000, 0x0000000635400000|100%| O|  |TAMS 0x0000000635400000, 0x0000000635400000| Untracked 
| 426|0x0000000635400000, 0x00000006355ffff0, 0x0000000635600000| 99%| O|  |TAMS 0x00000006355ffff0, 0x00000006355ffff0| Untracked 
| 427|0x0000000635600000, 0x00000006357ffff0, 0x0000000635800000| 99%| O|  |TAMS 0x00000006357ffff0, 0x00000006357ffff0| Untracked 
| 428|0x0000000635800000, 0x0000000635a00000, 0x0000000635a00000|100%| O|  |TAMS 0x0000000635a00000, 0x0000000635a00000| Untracked 
| 429|0x0000000635a00000, 0x0000000635bffff8, 0x0000000635c00000| 99%| O|  |TAMS 0x0000000635bffff8, 0x0000000635bffff8| Untracked 
| 430|0x0000000635c00000, 0x0000000635e00000, 0x0000000635e00000|100%| O|  |TAMS 0x0000000635e00000, 0x0000000635e00000| Untracked 
| 431|0x0000000635e00000, 0x0000000636000000, 0x0000000636000000|100%| O|  |TAMS 0x0000000636000000, 0x0000000636000000| Untracked 
| 432|0x0000000636000000, 0x00000006361fffc8, 0x0000000636200000| 99%| O|  |TAMS 0x00000006361fffc8, 0x00000006361fffc8| Untracked 
| 433|0x0000000636200000, 0x0000000636400000, 0x0000000636400000|100%| O|  |TAMS 0x0000000636400000, 0x0000000636400000| Untracked 
| 434|0x0000000636400000, 0x00000006365ffff8, 0x0000000636600000| 99%| O|  |TAMS 0x00000006365ffff8, 0x00000006365ffff8| Untracked 
| 435|0x0000000636600000, 0x00000006367ffff8, 0x0000000636800000| 99%| O|  |TAMS 0x00000006367ffff8, 0x00000006367ffff8| Untracked 
| 436|0x0000000636800000, 0x0000000636a00000, 0x0000000636a00000|100%| O|  |TAMS 0x0000000636a00000, 0x0000000636a00000| Untracked 
| 437|0x0000000636a00000, 0x0000000636bffff8, 0x0000000636c00000| 99%| O|  |TAMS 0x0000000636bffff8, 0x0000000636bffff8| Untracked 
| 438|0x0000000636c00000, 0x0000000636dffff8, 0x0000000636e00000| 99%| O|  |TAMS 0x0000000636dffff8, 0x0000000636dffff8| Untracked 
| 439|0x0000000636e00000, 0x0000000637000000, 0x0000000637000000|100%| O|  |TAMS 0x0000000637000000, 0x0000000637000000| Untracked 
| 440|0x0000000637000000, 0x00000006371ffff0, 0x0000000637200000| 99%| O|  |TAMS 0x00000006371ffff0, 0x00000006371ffff0| Untracked 
| 441|0x0000000637200000, 0x00000006373fffd8, 0x0000000637400000| 99%| O|  |TAMS 0x00000006373fffd8, 0x00000006373fffd8| Untracked 
| 442|0x0000000637400000, 0x00000006375ffff8, 0x0000000637600000| 99%| O|  |TAMS 0x00000006375ffff8, 0x00000006375ffff8| Untracked 
| 443|0x0000000637600000, 0x00000006377ffff8, 0x0000000637800000| 99%| O|  |TAMS 0x00000006377ffff8, 0x00000006377ffff8| Untracked 
| 444|0x0000000637800000, 0x00000006379ffff8, 0x0000000637a00000| 99%| O|  |TAMS 0x00000006379ffff8, 0x00000006379ffff8| Untracked 
| 445|0x0000000637a00000, 0x0000000637bffff0, 0x0000000637c00000| 99%| O|  |TAMS 0x0000000637bffff0, 0x0000000637bffff0| Untracked 
| 446|0x0000000637c00000, 0x0000000637dffff0, 0x0000000637e00000| 99%| O|  |TAMS 0x0000000637dffff0, 0x0000000637dffff0| Untracked 
| 447|0x0000000637e00000, 0x0000000638000000, 0x0000000638000000|100%| O|  |TAMS 0x0000000638000000, 0x0000000638000000| Untracked 
| 448|0x0000000638000000, 0x0000000638200000, 0x0000000638200000|100%| O|  |TAMS 0x0000000638200000, 0x0000000638200000| Untracked 
| 449|0x0000000638200000, 0x00000006383ffff8, 0x0000000638400000| 99%| O|  |TAMS 0x00000006383ffff8, 0x00000006383ffff8| Untracked 
| 450|0x0000000638400000, 0x00000006385ffff0, 0x0000000638600000| 99%| O|  |TAMS 0x00000006385ffff0, 0x00000006385ffff0| Untracked 
| 451|0x0000000638600000, 0x00000006387fffe0, 0x0000000638800000| 99%| O|  |TAMS 0x00000006387fffe0, 0x00000006387fffe0| Untracked 
| 452|0x0000000638800000, 0x0000000638a00000, 0x0000000638a00000|100%| O|  |TAMS 0x0000000638a00000, 0x0000000638a00000| Untracked 
| 453|0x0000000638a00000, 0x0000000638bfffe8, 0x0000000638c00000| 99%| O|  |TAMS 0x0000000638bfffe8, 0x0000000638bfffe8| Untracked 
| 454|0x0000000638c00000, 0x0000000638e00000, 0x0000000638e00000|100%| O|  |TAMS 0x0000000638e00000, 0x0000000638e00000| Untracked 
| 455|0x0000000638e00000, 0x0000000638fffff0, 0x0000000639000000| 99%| O|  |TAMS 0x0000000638fffff0, 0x0000000638fffff0| Untracked 
| 456|0x0000000639000000, 0x00000006391ffff8, 0x0000000639200000| 99%| O|  |TAMS 0x00000006391ffff8, 0x00000006391ffff8| Untracked 
| 457|0x0000000639200000, 0x0000000639400000, 0x0000000639400000|100%| O|  |TAMS 0x0000000639400000, 0x0000000639400000| Untracked 
| 458|0x0000000639400000, 0x00000006395ffff0, 0x0000000639600000| 99%| O|  |TAMS 0x00000006395ffff0, 0x00000006395ffff0| Untracked 
| 459|0x0000000639600000, 0x0000000639800000, 0x0000000639800000|100%| O|  |TAMS 0x0000000639800000, 0x0000000639800000| Untracked 
| 460|0x0000000639800000, 0x0000000639a00000, 0x0000000639a00000|100%| O|  |TAMS 0x0000000639a00000, 0x0000000639a00000| Untracked 
| 461|0x0000000639a00000, 0x0000000639c00000, 0x0000000639c00000|100%| O|  |TAMS 0x0000000639c00000, 0x0000000639c00000| Untracked 
| 462|0x0000000639c00000, 0x0000000639dffff0, 0x0000000639e00000| 99%| O|  |TAMS 0x0000000639dffff0, 0x0000000639dffff0| Untracked 
| 463|0x0000000639e00000, 0x000000063a000000, 0x000000063a000000|100%| O|  |TAMS 0x000000063a000000, 0x000000063a000000| Untracked 
| 464|0x000000063a000000, 0x000000063a1fffe0, 0x000000063a200000| 99%| O|  |TAMS 0x000000063a1fffe0, 0x000000063a1fffe0| Untracked 
| 465|0x000000063a200000, 0x000000063a400000, 0x000000063a400000|100%| O|  |TAMS 0x000000063a400000, 0x000000063a400000| Untracked 
| 466|0x000000063a400000, 0x000000063a5ffff8, 0x000000063a600000| 99%| O|  |TAMS 0x000000063a5ffff8, 0x000000063a5ffff8| Untracked 
| 467|0x000000063a600000, 0x000000063a7ffff8, 0x000000063a800000| 99%| O|  |TAMS 0x000000063a7ffff8, 0x000000063a7ffff8| Untracked 
| 468|0x000000063a800000, 0x000000063a9ffff0, 0x000000063aa00000| 99%| O|  |TAMS 0x000000063a9ffff0, 0x000000063a9ffff0| Untracked 
| 469|0x000000063aa00000, 0x000000063ac00000, 0x000000063ac00000|100%| O|  |TAMS 0x000000063ac00000, 0x000000063ac00000| Untracked 
| 470|0x000000063ac00000, 0x000000063adfffe0, 0x000000063ae00000| 99%| O|  |TAMS 0x000000063adfffe0, 0x000000063adfffe0| Untracked 
| 471|0x000000063ae00000, 0x000000063b000000, 0x000000063b000000|100%| O|  |TAMS 0x000000063b000000, 0x000000063b000000| Untracked 
| 472|0x000000063b000000, 0x000000063b200000, 0x000000063b200000|100%| O|  |TAMS 0x000000063b200000, 0x000000063b200000| Untracked 
| 473|0x000000063b200000, 0x000000063b400000, 0x000000063b400000|100%| O|  |TAMS 0x000000063b400000, 0x000000063b400000| Untracked 
| 474|0x000000063b400000, 0x000000063b5ffff8, 0x000000063b600000| 99%| O|  |TAMS 0x000000063b5ffff8, 0x000000063b5ffff8| Untracked 
| 475|0x000000063b600000, 0x000000063b7ffff8, 0x000000063b800000| 99%| O|  |TAMS 0x000000063b7ffff8, 0x000000063b7ffff8| Untracked 
| 476|0x000000063b800000, 0x000000063b9ffff0, 0x000000063ba00000| 99%| O|  |TAMS 0x000000063b9ffff0, 0x000000063b9ffff0| Untracked 
| 477|0x000000063ba00000, 0x000000063bbffff0, 0x000000063bc00000| 99%| O|  |TAMS 0x000000063bbffff0, 0x000000063bbffff0| Untracked 
| 478|0x000000063bc00000, 0x000000063bdffff0, 0x000000063be00000| 99%| O|  |TAMS 0x000000063bdffff0, 0x000000063bdffff0| Untracked 
| 479|0x000000063be00000, 0x000000063c000000, 0x000000063c000000|100%| O|  |TAMS 0x000000063c000000, 0x000000063c000000| Untracked 
| 480|0x000000063c000000, 0x000000063c200000, 0x000000063c200000|100%| O|  |TAMS 0x000000063c200000, 0x000000063c200000| Untracked 
| 481|0x000000063c200000, 0x000000063c3ffff8, 0x000000063c400000| 99%| O|  |TAMS 0x000000063c3ffff8, 0x000000063c3ffff8| Untracked 
| 482|0x000000063c400000, 0x000000063c5ffff0, 0x000000063c600000| 99%| O|  |TAMS 0x000000063c5ffff0, 0x000000063c5ffff0| Untracked 
| 483|0x000000063c600000, 0x000000063c7ffff8, 0x000000063c800000| 99%| O|  |TAMS 0x000000063c7ffff8, 0x000000063c7ffff8| Untracked 
| 484|0x000000063c800000, 0x000000063c9ffff0, 0x000000063ca00000| 99%| O|  |TAMS 0x000000063c9ffff0, 0x000000063c9ffff0| Untracked 
| 485|0x000000063ca00000, 0x000000063cbfffd8, 0x000000063cc00000| 99%| O|  |TAMS 0x000000063cbfffd8, 0x000000063cbfffd8| Untracked 
| 486|0x000000063cc00000, 0x000000063cdfffe8, 0x000000063ce00000| 99%| O|  |TAMS 0x000000063cdfffe8, 0x000000063cdfffe8| Untracked 
| 487|0x000000063ce00000, 0x000000063cffff78, 0x000000063d000000| 99%| O|  |TAMS 0x000000063cffff78, 0x000000063cffff78| Untracked 
| 488|0x000000063d000000, 0x000000063d200000, 0x000000063d200000|100%| O|  |TAMS 0x000000063d200000, 0x000000063d200000| Untracked 
| 489|0x000000063d200000, 0x000000063d400000, 0x000000063d400000|100%| O|  |TAMS 0x000000063d400000, 0x000000063d400000| Untracked 
| 490|0x000000063d400000, 0x000000063d5fff68, 0x000000063d600000| 99%| O|  |TAMS 0x000000063d5fff68, 0x000000063d5fff68| Untracked 
| 491|0x000000063d600000, 0x000000063d7ffff8, 0x000000063d800000| 99%| O|  |TAMS 0x000000063d7ffff8, 0x000000063d7ffff8| Untracked 
| 492|0x000000063d800000, 0x000000063d9ffff8, 0x000000063da00000| 99%| O|  |TAMS 0x000000063d9ffff8, 0x000000063d9ffff8| Untracked 
| 493|0x000000063da00000, 0x000000063dbffff8, 0x000000063dc00000| 99%| O|  |TAMS 0x000000063dbffff8, 0x000000063dbffff8| Untracked 
| 494|0x000000063dc00000, 0x000000063ddffff8, 0x000000063de00000| 99%| O|  |TAMS 0x000000063ddffff8, 0x000000063ddffff8| Untracked 
| 495|0x000000063de00000, 0x000000063dfffff8, 0x000000063e000000| 99%| O|  |TAMS 0x000000063dfffff8, 0x000000063dfffff8| Untracked 
| 496|0x000000063e000000, 0x000000063e1ffff8, 0x000000063e200000| 99%| O|  |TAMS 0x000000063e1ffff8, 0x000000063e1ffff8| Untracked 
| 497|0x000000063e200000, 0x000000063e3fffd0, 0x000000063e400000| 99%| O|  |TAMS 0x000000063e3fffd0, 0x000000063e3fffd0| Untracked 
| 498|0x000000063e400000, 0x000000063e5ffff8, 0x000000063e600000| 99%| O|  |TAMS 0x000000063e5ffff8, 0x000000063e5ffff8| Untracked 
| 499|0x000000063e600000, 0x000000063e7ffff0, 0x000000063e800000| 99%| O|  |TAMS 0x000000063e7ffff0, 0x000000063e7ffff0| Untracked 
| 500|0x000000063e800000, 0x000000063e9ffff0, 0x000000063ea00000| 99%| O|  |TAMS 0x000000063e9ffff0, 0x000000063e9ffff0| Untracked 
| 501|0x000000063ea00000, 0x000000063ebffff0, 0x000000063ec00000| 99%| O|  |TAMS 0x000000063ebffff0, 0x000000063ebffff0| Untracked 
| 502|0x000000063ec00000, 0x000000063edfffe8, 0x000000063ee00000| 99%| O|  |TAMS 0x000000063edfffe8, 0x000000063edfffe8| Untracked 
| 503|0x000000063ee00000, 0x000000063effffe8, 0x000000063f000000| 99%| O|  |TAMS 0x000000063effffe8, 0x000000063effffe8| Untracked 
| 504|0x000000063f000000, 0x000000063f200000, 0x000000063f200000|100%| O|  |TAMS 0x000000063f200000, 0x000000063f200000| Untracked 
| 505|0x000000063f200000, 0x000000063f400000, 0x000000063f400000|100%| O|  |TAMS 0x000000063f400000, 0x000000063f400000| Untracked 
| 506|0x000000063f400000, 0x000000063f5ffff0, 0x000000063f600000| 99%| O|  |TAMS 0x000000063f5ffff0, 0x000000063f5ffff0| Untracked 
| 507|0x000000063f600000, 0x000000063f800000, 0x000000063f800000|100%| O|  |TAMS 0x000000063f800000, 0x000000063f800000| Untracked 
| 508|0x000000063f800000, 0x000000063fa00000, 0x000000063fa00000|100%| O|  |TAMS 0x000000063fa00000, 0x000000063fa00000| Untracked 
| 509|0x000000063fa00000, 0x000000063fbffff0, 0x000000063fc00000| 99%| O|  |TAMS 0x000000063fbffff0, 0x000000063fbffff0| Untracked 
| 510|0x000000063fc00000, 0x000000063fdffff8, 0x000000063fe00000| 99%| O|  |TAMS 0x000000063fdffff8, 0x000000063fdffff8| Untracked 
| 511|0x000000063fe00000, 0x000000063ffffff0, 0x0000000640000000| 99%| O|  |TAMS 0x000000063ffffff0, 0x000000063ffffff0| Untracked 
| 512|0x0000000640000000, 0x00000006401ffff0, 0x0000000640200000| 99%| O|  |TAMS 0x00000006401ffff0, 0x00000006401ffff0| Untracked 
| 513|0x0000000640200000, 0x00000006403fff58, 0x0000000640400000| 99%| O|  |TAMS 0x00000006403fff58, 0x00000006403fff58| Untracked 
| 514|0x0000000640400000, 0x00000006405ffff0, 0x0000000640600000| 99%| O|  |TAMS 0x00000006405ffff0, 0x00000006405ffff0| Untracked 
| 515|0x0000000640600000, 0x00000006407fffe0, 0x0000000640800000| 99%| O|  |TAMS 0x00000006407fffe0, 0x00000006407fffe0| Untracked 
| 516|0x0000000640800000, 0x00000006409ffff8, 0x0000000640a00000| 99%| O|  |TAMS 0x00000006409ffff8, 0x00000006409ffff8| Untracked 
| 517|0x0000000640a00000, 0x0000000640bffff0, 0x0000000640c00000| 99%| O|  |TAMS 0x0000000640bffff0, 0x0000000640bffff0| Untracked 
| 518|0x0000000640c00000, 0x0000000640dffff8, 0x0000000640e00000| 99%| O|  |TAMS 0x0000000640dffff8, 0x0000000640dffff8| Untracked 
| 519|0x0000000640e00000, 0x0000000640fffff0, 0x0000000641000000| 99%| O|  |TAMS 0x0000000640fffff0, 0x0000000640fffff0| Untracked 
| 520|0x0000000641000000, 0x00000006411ffff8, 0x0000000641200000| 99%| O|  |TAMS 0x00000006411ffff8, 0x00000006411ffff8| Untracked 
| 521|0x0000000641200000, 0x0000000641400000, 0x0000000641400000|100%| O|  |TAMS 0x0000000641400000, 0x0000000641400000| Untracked 
| 522|0x0000000641400000, 0x00000006415ffff8, 0x0000000641600000| 99%| O|  |TAMS 0x00000006415ffff8, 0x00000006415ffff8| Untracked 
| 523|0x0000000641600000, 0x00000006417ffff8, 0x0000000641800000| 99%| O|  |TAMS 0x00000006417ffff8, 0x00000006417ffff8| Untracked 
| 524|0x0000000641800000, 0x00000006419ffff0, 0x0000000641a00000| 99%| O|  |TAMS 0x00000006419ffff0, 0x00000006419ffff0| Untracked 
| 525|0x0000000641a00000, 0x0000000641bfffc8, 0x0000000641c00000| 99%| O|  |TAMS 0x0000000641bfffc8, 0x0000000641bfffc8| Untracked 
| 526|0x0000000641c00000, 0x0000000641dfffe0, 0x0000000641e00000| 99%| O|  |TAMS 0x0000000641dfffe0, 0x0000000641dfffe0| Untracked 
| 527|0x0000000641e00000, 0x0000000641fffff8, 0x0000000642000000| 99%| O|  |TAMS 0x0000000641fffff8, 0x0000000641fffff8| Untracked 
| 528|0x0000000642000000, 0x00000006421fffe0, 0x0000000642200000| 99%| O|  |TAMS 0x00000006421fffe0, 0x00000006421fffe0| Untracked 
| 529|0x0000000642200000, 0x00000006423ffff0, 0x0000000642400000| 99%| O|  |TAMS 0x00000006423ffff0, 0x00000006423ffff0| Untracked 
| 530|0x0000000642400000, 0x00000006425fffe8, 0x0000000642600000| 99%| O|  |TAMS 0x00000006425fffe8, 0x00000006425fffe8| Untracked 
| 531|0x0000000642600000, 0x00000006427ffff8, 0x0000000642800000| 99%| O|  |TAMS 0x00000006427ffff8, 0x00000006427ffff8| Untracked 
| 532|0x0000000642800000, 0x00000006429ffff8, 0x0000000642a00000| 99%| O|  |TAMS 0x00000006429ffff8, 0x00000006429ffff8| Untracked 
| 533|0x0000000642a00000, 0x0000000642bffff8, 0x0000000642c00000| 99%| O|  |TAMS 0x0000000642bffff8, 0x0000000642bffff8| Untracked 
| 534|0x0000000642c00000, 0x0000000642e00000, 0x0000000642e00000|100%| O|  |TAMS 0x0000000642e00000, 0x0000000642e00000| Untracked 
| 535|0x0000000642e00000, 0x0000000642fffff8, 0x0000000643000000| 99%| O|  |TAMS 0x0000000642fffff8, 0x0000000642fffff8| Untracked 
| 536|0x0000000643000000, 0x00000006431ffff0, 0x0000000643200000| 99%| O|  |TAMS 0x00000006431ffff0, 0x00000006431ffff0| Untracked 
| 537|0x0000000643200000, 0x00000006433fffe8, 0x0000000643400000| 99%| O|  |TAMS 0x00000006433fffe8, 0x00000006433fffe8| Untracked 
| 538|0x0000000643400000, 0x0000000643600000, 0x0000000643600000|100%| O|  |TAMS 0x0000000643600000, 0x0000000643600000| Untracked 
| 539|0x0000000643600000, 0x00000006437ffff8, 0x0000000643800000| 99%| O|  |TAMS 0x00000006437ffff8, 0x00000006437ffff8| Untracked 
| 540|0x0000000643800000, 0x00000006439ffff8, 0x0000000643a00000| 99%| O|  |TAMS 0x00000006439ffff8, 0x00000006439ffff8| Untracked 
| 541|0x0000000643a00000, 0x0000000643c00000, 0x0000000643c00000|100%| O|  |TAMS 0x0000000643c00000, 0x0000000643c00000| Untracked 
| 542|0x0000000643c00000, 0x0000000643dfffe8, 0x0000000643e00000| 99%| O|  |TAMS 0x0000000643dfffe8, 0x0000000643dfffe8| Untracked 
| 543|0x0000000643e00000, 0x0000000643fffff8, 0x0000000644000000| 99%| O|  |TAMS 0x0000000643fffff8, 0x0000000643fffff8| Untracked 
| 544|0x0000000644000000, 0x00000006441fff80, 0x0000000644200000| 99%| O|  |TAMS 0x00000006441fff80, 0x00000006441fff80| Untracked 
| 545|0x0000000644200000, 0x00000006443ffff0, 0x0000000644400000| 99%| O|  |TAMS 0x00000006443ffff0, 0x00000006443ffff0| Untracked 
| 546|0x0000000644400000, 0x00000006445fff90, 0x0000000644600000| 99%| O|  |TAMS 0x00000006445fff90, 0x00000006445fff90| Untracked 
| 547|0x0000000644600000, 0x0000000644800000, 0x0000000644800000|100%| O|  |TAMS 0x0000000644800000, 0x0000000644800000| Untracked 
| 548|0x0000000644800000, 0x00000006449ffff0, 0x0000000644a00000| 99%| O|  |TAMS 0x00000006449ffff0, 0x00000006449ffff0| Untracked 
| 549|0x0000000644a00000, 0x0000000644bfffe8, 0x0000000644c00000| 99%| O|  |TAMS 0x0000000644bfffe8, 0x0000000644bfffe8| Untracked 
| 550|0x0000000644c00000, 0x0000000644e00000, 0x0000000644e00000|100%| O|  |TAMS 0x0000000644e00000, 0x0000000644e00000| Untracked 
| 551|0x0000000644e00000, 0x0000000644fffff0, 0x0000000645000000| 99%| O|  |TAMS 0x0000000644fffff0, 0x0000000644fffff0| Untracked 
| 552|0x0000000645000000, 0x00000006451fffc8, 0x0000000645200000| 99%| O|  |TAMS 0x00000006451fffc8, 0x00000006451fffc8| Untracked 
| 553|0x0000000645200000, 0x00000006453fff88, 0x0000000645400000| 99%| O|  |TAMS 0x00000006453fff88, 0x00000006453fff88| Untracked 
| 554|0x0000000645400000, 0x00000006455ffff8, 0x0000000645600000| 99%| O|  |TAMS 0x00000006455ffff8, 0x00000006455ffff8| Untracked 
| 555|0x0000000645600000, 0x00000006457fff98, 0x0000000645800000| 99%| O|  |TAMS 0x00000006457fff98, 0x00000006457fff98| Untracked 
| 556|0x0000000645800000, 0x00000006459fffe8, 0x0000000645a00000| 99%| O|  |TAMS 0x00000006459fffe8, 0x00000006459fffe8| Untracked 
| 557|0x0000000645a00000, 0x0000000645bffff8, 0x0000000645c00000| 99%| O|  |TAMS 0x0000000645bffff8, 0x0000000645bffff8| Untracked 
| 558|0x0000000645c00000, 0x0000000645dffff8, 0x0000000645e00000| 99%| O|  |TAMS 0x0000000645dffff8, 0x0000000645dffff8| Untracked 
| 559|0x0000000645e00000, 0x0000000645fffff0, 0x0000000646000000| 99%| O|  |TAMS 0x0000000645fffff0, 0x0000000645fffff0| Untracked 
| 560|0x0000000646000000, 0x00000006461ffff0, 0x0000000646200000| 99%| O|  |TAMS 0x00000006461ffff0, 0x00000006461ffff0| Untracked 
| 561|0x0000000646200000, 0x00000006463fffe8, 0x0000000646400000| 99%| O|  |TAMS 0x00000006463fffe8, 0x00000006463fffe8| Untracked 
| 562|0x0000000646400000, 0x00000006465ffff8, 0x0000000646600000| 99%| O|  |TAMS 0x00000006465ffff8, 0x00000006465ffff8| Untracked 
| 563|0x0000000646600000, 0x00000006467ffff8, 0x0000000646800000| 99%| O|  |TAMS 0x00000006467ffff8, 0x00000006467ffff8| Untracked 
| 564|0x0000000646800000, 0x00000006469ffff8, 0x0000000646a00000| 99%| O|  |TAMS 0x00000006469ffff8, 0x00000006469ffff8| Untracked 
| 565|0x0000000646a00000, 0x0000000646bffff0, 0x0000000646c00000| 99%| O|  |TAMS 0x0000000646bffff0, 0x0000000646bffff0| Untracked 
| 566|0x0000000646c00000, 0x0000000646dfff80, 0x0000000646e00000| 99%| O|  |TAMS 0x0000000646dfff80, 0x0000000646dfff80| Untracked 
| 567|0x0000000646e00000, 0x0000000646ffffd0, 0x0000000647000000| 99%| O|  |TAMS 0x0000000646ffffd0, 0x0000000646ffffd0| Untracked 
| 568|0x0000000647000000, 0x00000006471ffff0, 0x0000000647200000| 99%| O|  |TAMS 0x00000006471ffff0, 0x00000006471ffff0| Untracked 
| 569|0x0000000647200000, 0x00000006473ffff0, 0x0000000647400000| 99%| O|  |TAMS 0x00000006473ffff0, 0x00000006473ffff0| Untracked 
| 570|0x0000000647400000, 0x00000006475fff18, 0x0000000647600000| 99%| O|  |TAMS 0x00000006475fff18, 0x00000006475fff18| Untracked 
| 571|0x0000000647600000, 0x00000006477fffd0, 0x0000000647800000| 99%| O|  |TAMS 0x00000006477fffd0, 0x00000006477fffd0| Untracked 
| 572|0x0000000647800000, 0x00000006479fff78, 0x0000000647a00000| 99%| O|  |TAMS 0x00000006479fff78, 0x00000006479fff78| Untracked 
| 573|0x0000000647a00000, 0x0000000647c00000, 0x0000000647c00000|100%| O|  |TAMS 0x0000000647c00000, 0x0000000647c00000| Untracked 
| 574|0x0000000647c00000, 0x0000000647dfffe8, 0x0000000647e00000| 99%| O|  |TAMS 0x0000000647dfffe8, 0x0000000647dfffe8| Untracked 
| 575|0x0000000647e00000, 0x0000000647fffff8, 0x0000000648000000| 99%| O|  |TAMS 0x0000000647fffff8, 0x0000000647fffff8| Untracked 
| 576|0x0000000648000000, 0x00000006481ffff8, 0x0000000648200000| 99%| O|  |TAMS 0x00000006481ffff8, 0x00000006481ffff8| Untracked 
| 577|0x0000000648200000, 0x00000006483fffe8, 0x0000000648400000| 99%| O|  |TAMS 0x00000006483fffe8, 0x00000006483fffe8| Untracked 
| 578|0x0000000648400000, 0x00000006485ffff8, 0x0000000648600000| 99%| O|  |TAMS 0x00000006485ffff8, 0x00000006485ffff8| Untracked 
| 579|0x0000000648600000, 0x0000000648800000, 0x0000000648800000|100%| O|  |TAMS 0x0000000648800000, 0x0000000648800000| Untracked 
| 580|0x0000000648800000, 0x00000006489ffff0, 0x0000000648a00000| 99%| O|  |TAMS 0x00000006489ffff0, 0x00000006489ffff0| Untracked 
| 581|0x0000000648a00000, 0x0000000648c00000, 0x0000000648c00000|100%| O|  |TAMS 0x0000000648c00000, 0x0000000648c00000| Untracked 
| 582|0x0000000648c00000, 0x0000000648dfff10, 0x0000000648e00000| 99%| O|  |TAMS 0x0000000648dfff10, 0x0000000648dfff10| Untracked 
| 583|0x0000000648e00000, 0x0000000648ffffe0, 0x0000000649000000| 99%| O|  |TAMS 0x0000000648ffffe0, 0x0000000648ffffe0| Untracked 
| 584|0x0000000649000000, 0x00000006491fffe0, 0x0000000649200000| 99%| O|  |TAMS 0x00000006491fffe0, 0x00000006491fffe0| Untracked 
| 585|0x0000000649200000, 0x00000006493ffff8, 0x0000000649400000| 99%| O|  |TAMS 0x00000006493ffff8, 0x00000006493ffff8| Untracked 
| 586|0x0000000649400000, 0x00000006495fff78, 0x0000000649600000| 99%| O|  |TAMS 0x00000006495fff78, 0x00000006495fff78| Untracked 
| 587|0x0000000649600000, 0x0000000649800000, 0x0000000649800000|100%| O|  |TAMS 0x0000000649800000, 0x0000000649800000| Untracked 
| 588|0x0000000649800000, 0x0000000649a00000, 0x0000000649a00000|100%| O|  |TAMS 0x0000000649a00000, 0x0000000649a00000| Untracked 
| 589|0x0000000649a00000, 0x0000000649c00000, 0x0000000649c00000|100%| O|  |TAMS 0x0000000649c00000, 0x0000000649c00000| Untracked 
| 590|0x0000000649c00000, 0x0000000649e00000, 0x0000000649e00000|100%| O|  |TAMS 0x0000000649e00000, 0x0000000649e00000| Untracked 
| 591|0x0000000649e00000, 0x000000064a000000, 0x000000064a000000|100%| O|  |TAMS 0x000000064a000000, 0x000000064a000000| Untracked 
| 592|0x000000064a000000, 0x000000064a1fffb0, 0x000000064a200000| 99%| O|  |TAMS 0x000000064a1fffb0, 0x000000064a1fffb0| Untracked 
| 593|0x000000064a200000, 0x000000064a3ffff8, 0x000000064a400000| 99%| O|  |TAMS 0x000000064a3ffff8, 0x000000064a3ffff8| Untracked 
| 594|0x000000064a400000, 0x000000064a5ffff8, 0x000000064a600000| 99%| O|  |TAMS 0x000000064a5ffff8, 0x000000064a5ffff8| Untracked 
| 595|0x000000064a600000, 0x000000064a7fffe8, 0x000000064a800000| 99%| O|  |TAMS 0x000000064a7fffe8, 0x000000064a7fffe8| Untracked 
| 596|0x000000064a800000, 0x000000064a9ffff0, 0x000000064aa00000| 99%| O|  |TAMS 0x000000064a9ffff0, 0x000000064a9ffff0| Untracked 
| 597|0x000000064aa00000, 0x000000064ac00000, 0x000000064ac00000|100%| O|  |TAMS 0x000000064ac00000, 0x000000064ac00000| Untracked 
| 598|0x000000064ac00000, 0x000000064adfff58, 0x000000064ae00000| 99%| O|  |TAMS 0x000000064adfff58, 0x000000064adfff58| Untracked 
| 599|0x000000064ae00000, 0x000000064affff68, 0x000000064b000000| 99%| O|  |TAMS 0x000000064affff68, 0x000000064affff68| Untracked 
| 600|0x000000064b000000, 0x000000064b200000, 0x000000064b200000|100%| O|  |TAMS 0x000000064b200000, 0x000000064b200000| Untracked 
| 601|0x000000064b200000, 0x000000064b3ffd10, 0x000000064b400000| 99%| O|  |TAMS 0x000000064b3ffd10, 0x000000064b3ffd10| Untracked 
| 602|0x000000064b400000, 0x000000064b5fffb8, 0x000000064b600000| 99%| O|  |TAMS 0x000000064b5fffb8, 0x000000064b5fffb8| Untracked 
| 603|0x000000064b600000, 0x000000064b7ffff0, 0x000000064b800000| 99%| O|  |TAMS 0x000000064b7ffff0, 0x000000064b7ffff0| Untracked 
| 604|0x000000064b800000, 0x000000064ba00000, 0x000000064ba00000|100%| O|  |TAMS 0x000000064ba00000, 0x000000064ba00000| Untracked 
| 605|0x000000064ba00000, 0x000000064bbfff98, 0x000000064bc00000| 99%| O|  |TAMS 0x000000064bbfff98, 0x000000064bbfff98| Untracked 
| 606|0x000000064bc00000, 0x000000064bdffff8, 0x000000064be00000| 99%| O|  |TAMS 0x000000064bdffff8, 0x000000064bdffff8| Untracked 
| 607|0x000000064be00000, 0x000000064bffffd0, 0x000000064c000000| 99%| O|  |TAMS 0x000000064bffffd0, 0x000000064bffffd0| Untracked 
| 608|0x000000064c000000, 0x000000064c200000, 0x000000064c200000|100%| O|  |TAMS 0x000000064c200000, 0x000000064c200000| Untracked 
| 609|0x000000064c200000, 0x000000064c400000, 0x000000064c400000|100%| O|  |TAMS 0x000000064c400000, 0x000000064c400000| Untracked 
| 610|0x000000064c400000, 0x000000064c600000, 0x000000064c600000|100%| O|  |TAMS 0x000000064c600000, 0x000000064c600000| Untracked 
| 611|0x000000064c600000, 0x000000064c7fff88, 0x000000064c800000| 99%| O|  |TAMS 0x000000064c7fff88, 0x000000064c7fff88| Untracked 
| 612|0x000000064c800000, 0x000000064c9ffff0, 0x000000064ca00000| 99%| O|  |TAMS 0x000000064c9ffff0, 0x000000064c9ffff0| Untracked 
| 613|0x000000064ca00000, 0x000000064cbffff8, 0x000000064cc00000| 99%| O|  |TAMS 0x000000064cbffff8, 0x000000064cbffff8| Untracked 
| 614|0x000000064cc00000, 0x000000064cdffff0, 0x000000064ce00000| 99%| O|  |TAMS 0x000000064cdffff0, 0x000000064cdffff0| Untracked 
| 615|0x000000064ce00000, 0x000000064d000000, 0x000000064d000000|100%| O|  |TAMS 0x000000064d000000, 0x000000064d000000| Untracked 
| 616|0x000000064d000000, 0x000000064d1ffff0, 0x000000064d200000| 99%| O|  |TAMS 0x000000064d1ffff0, 0x000000064d1ffff0| Untracked 
| 617|0x000000064d200000, 0x000000064d3fffc0, 0x000000064d400000| 99%| O|  |TAMS 0x000000064d3fffc0, 0x000000064d3fffc0| Untracked 
| 618|0x000000064d400000, 0x000000064d5fffe8, 0x000000064d600000| 99%| O|  |TAMS 0x000000064d5fffe8, 0x000000064d5fffe8| Untracked 
| 619|0x000000064d600000, 0x000000064d800000, 0x000000064d800000|100%| O|  |TAMS 0x000000064d800000, 0x000000064d800000| Untracked 
| 620|0x000000064d800000, 0x000000064d9fffe0, 0x000000064da00000| 99%| O|  |TAMS 0x000000064d9fffe0, 0x000000064d9fffe0| Untracked 
| 621|0x000000064da00000, 0x000000064dbae9d0, 0x000000064dc00000| 84%| O|  |TAMS 0x000000064dbae9d0, 0x000000064dbae9d0| Untracked 
| 622|0x000000064dc00000, 0x000000064ddffff0, 0x000000064de00000| 99%| O|  |TAMS 0x000000064ddffff0, 0x000000064ddffff0| Untracked 
| 623|0x000000064de00000, 0x000000064dfffff8, 0x000000064e000000| 99%| O|  |TAMS 0x000000064dfffff8, 0x000000064dfffff8| Untracked 
| 624|0x000000064e000000, 0x000000064e1ffff0, 0x000000064e200000| 99%| O|  |TAMS 0x000000064e1ffff0, 0x000000064e1ffff0| Untracked 
| 625|0x000000064e200000, 0x000000064e3ffff0, 0x000000064e400000| 99%| O|  |TAMS 0x000000064e3ffff0, 0x000000064e3ffff0| Untracked 
| 626|0x000000064e400000, 0x000000064e600000, 0x000000064e600000|100%| O|  |TAMS 0x000000064e600000, 0x000000064e600000| Untracked 
| 627|0x000000064e600000, 0x000000064e800000, 0x000000064e800000|100%| O|  |TAMS 0x000000064e800000, 0x000000064e800000| Untracked 
| 628|0x000000064e800000, 0x000000064e9ffff8, 0x000000064ea00000| 99%| O|  |TAMS 0x000000064e9ffff8, 0x000000064e9ffff8| Untracked 
| 629|0x000000064ea00000, 0x000000064ebffff0, 0x000000064ec00000| 99%| O|  |TAMS 0x000000064ebffff0, 0x000000064ebffff0| Untracked 
| 630|0x000000064ec00000, 0x000000064edfffb0, 0x000000064ee00000| 99%| O|  |TAMS 0x000000064edfffb0, 0x000000064edfffb0| Untracked 
| 631|0x000000064ee00000, 0x000000064f000000, 0x000000064f000000|100%| O|  |TAMS 0x000000064f000000, 0x000000064f000000| Untracked 
| 632|0x000000064f000000, 0x000000064f1ffff8, 0x000000064f200000| 99%| O|  |TAMS 0x000000064f1ffff8, 0x000000064f1ffff8| Untracked 
| 633|0x000000064f200000, 0x000000064f400000, 0x000000064f400000|100%| O|  |TAMS 0x000000064f400000, 0x000000064f400000| Untracked 
| 634|0x000000064f400000, 0x000000064f5ffff8, 0x000000064f600000| 99%| O|  |TAMS 0x000000064f5ffff8, 0x000000064f5ffff8| Untracked 
| 635|0x000000064f600000, 0x000000064f800000, 0x000000064f800000|100%| O|  |TAMS 0x000000064f800000, 0x000000064f800000| Untracked 
| 636|0x000000064f800000, 0x000000064f9fffb8, 0x000000064fa00000| 99%| O|  |TAMS 0x000000064f9fffb8, 0x000000064f9fffb8| Untracked 
| 637|0x000000064fa00000, 0x000000064fbffff0, 0x000000064fc00000| 99%| O|  |TAMS 0x000000064fbffff0, 0x000000064fbffff0| Untracked 
| 638|0x000000064fc00000, 0x000000064fdffff0, 0x000000064fe00000| 99%| O|  |TAMS 0x000000064fdffff0, 0x000000064fdffff0| Untracked 
| 639|0x000000064fe00000, 0x000000064ffffef8, 0x0000000650000000| 99%| O|  |TAMS 0x000000064ffffef8, 0x000000064ffffef8| Untracked 
| 640|0x0000000650000000, 0x00000006501fffb0, 0x0000000650200000| 99%| O|  |TAMS 0x00000006501fffb0, 0x00000006501fffb0| Untracked 
| 641|0x0000000650200000, 0x00000006503ffff0, 0x0000000650400000| 99%| O|  |TAMS 0x00000006503ffff0, 0x00000006503ffff0| Untracked 
| 642|0x0000000650400000, 0x00000006505fffe8, 0x0000000650600000| 99%| O|  |TAMS 0x00000006505fffe8, 0x00000006505fffe8| Untracked 
| 643|0x0000000650600000, 0x00000006507ffff8, 0x0000000650800000| 99%| O|  |TAMS 0x00000006507ffff8, 0x00000006507ffff8| Untracked 
| 644|0x0000000650800000, 0x0000000650a00000, 0x0000000650a00000|100%| O|  |TAMS 0x0000000650a00000, 0x0000000650a00000| Untracked 
| 645|0x0000000650a00000, 0x0000000650bfcf20, 0x0000000650c00000| 99%| O|  |TAMS 0x0000000650bfcf20, 0x0000000650bfcf20| Untracked 
| 646|0x0000000650c00000, 0x0000000650dffff8, 0x0000000650e00000| 99%| O|  |TAMS 0x0000000650dffff8, 0x0000000650dffff8| Untracked 
| 647|0x0000000650e00000, 0x0000000650ffffb0, 0x0000000651000000| 99%| O|  |TAMS 0x0000000650ffffb0, 0x0000000650ffffb0| Untracked 
| 648|0x0000000651000000, 0x0000000651200000, 0x0000000651200000|100%| O|  |TAMS 0x0000000651200000, 0x0000000651200000| Untracked 
| 649|0x0000000651200000, 0x00000006513ffff8, 0x0000000651400000| 99%| O|  |TAMS 0x00000006513ffff8, 0x00000006513ffff8| Untracked 
| 650|0x0000000651400000, 0x00000006515fff10, 0x0000000651600000| 99%| O|  |TAMS 0x00000006515fff10, 0x00000006515fff10| Untracked 
| 651|0x0000000651600000, 0x0000000651800000, 0x0000000651800000|100%| O|  |TAMS 0x0000000651800000, 0x0000000651800000| Untracked 
| 652|0x0000000651800000, 0x0000000651a00000, 0x0000000651a00000|100%| O|  |TAMS 0x0000000651a00000, 0x0000000651a00000| Untracked 
| 653|0x0000000651a00000, 0x0000000651bffff0, 0x0000000651c00000| 99%| O|  |TAMS 0x0000000651bffff0, 0x0000000651bffff0| Untracked 
| 654|0x0000000651c00000, 0x0000000651dffff8, 0x0000000651e00000| 99%| O|  |TAMS 0x0000000651dffff8, 0x0000000651dffff8| Untracked 
| 655|0x0000000651e00000, 0x0000000652000000, 0x0000000652000000|100%| O|  |TAMS 0x0000000652000000, 0x0000000652000000| Untracked 
| 656|0x0000000652000000, 0x0000000652200000, 0x0000000652200000|100%| O|  |TAMS 0x0000000652200000, 0x0000000652200000| Untracked 
| 657|0x0000000652200000, 0x00000006523ffff0, 0x0000000652400000| 99%| O|  |TAMS 0x00000006523ffff0, 0x00000006523ffff0| Untracked 
| 658|0x0000000652400000, 0x00000006525fffe0, 0x0000000652600000| 99%| O|  |TAMS 0x00000006525fffe0, 0x00000006525fffe0| Untracked 
| 659|0x0000000652600000, 0x00000006527ffff8, 0x0000000652800000| 99%| O|  |TAMS 0x00000006527ffff8, 0x00000006527ffff8| Untracked 
| 660|0x0000000652800000, 0x00000006529fffe0, 0x0000000652a00000| 99%| O|  |TAMS 0x00000006529fffe0, 0x00000006529fffe0| Untracked 
| 661|0x0000000652a00000, 0x0000000652bffff8, 0x0000000652c00000| 99%| O|  |TAMS 0x0000000652bffff8, 0x0000000652bffff8| Untracked 
| 662|0x0000000652c00000, 0x0000000652e00000, 0x0000000652e00000|100%| O|  |TAMS 0x0000000652e00000, 0x0000000652e00000| Untracked 
| 663|0x0000000652e00000, 0x0000000652fffff8, 0x0000000653000000| 99%| O|  |TAMS 0x0000000652fffff8, 0x0000000652fffff8| Untracked 
| 664|0x0000000653000000, 0x0000000653200000, 0x0000000653200000|100%| O|  |TAMS 0x0000000653200000, 0x0000000653200000| Untracked 
| 665|0x0000000653200000, 0x00000006533ffff8, 0x0000000653400000| 99%| O|  |TAMS 0x00000006533ffff8, 0x00000006533ffff8| Untracked 
| 666|0x0000000653400000, 0x00000006535ffff8, 0x0000000653600000| 99%| O|  |TAMS 0x00000006535ffff8, 0x00000006535ffff8| Untracked 
| 667|0x0000000653600000, 0x00000006537ffff8, 0x0000000653800000| 99%| O|  |TAMS 0x00000006537ffff8, 0x00000006537ffff8| Untracked 
| 668|0x0000000653800000, 0x00000006539fffe0, 0x0000000653a00000| 99%| O|  |TAMS 0x00000006539fffe0, 0x00000006539fffe0| Untracked 
| 669|0x0000000653a00000, 0x0000000653c00000, 0x0000000653c00000|100%| O|  |TAMS 0x0000000653c00000, 0x0000000653c00000| Untracked 
| 670|0x0000000653c00000, 0x0000000653dffef8, 0x0000000653e00000| 99%| O|  |TAMS 0x0000000653dffef8, 0x0000000653dffef8| Untracked 
| 671|0x0000000653e00000, 0x0000000654000000, 0x0000000654000000|100%| O|  |TAMS 0x0000000654000000, 0x0000000654000000| Untracked 
| 672|0x0000000654000000, 0x00000006541fffe8, 0x0000000654200000| 99%| O|  |TAMS 0x00000006541fffe8, 0x00000006541fffe8| Untracked 
| 673|0x0000000654200000, 0x00000006543fff50, 0x0000000654400000| 99%| O|  |TAMS 0x00000006543fff50, 0x00000006543fff50| Untracked 
| 674|0x0000000654400000, 0x00000006545fffd8, 0x0000000654600000| 99%| O|  |TAMS 0x00000006545fffd8, 0x00000006545fffd8| Untracked 
| 675|0x0000000654600000, 0x00000006547ffff0, 0x0000000654800000| 99%| O|  |TAMS 0x00000006547ffff0, 0x00000006547ffff0| Untracked 
| 676|0x0000000654800000, 0x00000006549fffb8, 0x0000000654a00000| 99%| O|  |TAMS 0x00000006549fffb8, 0x00000006549fffb8| Untracked 
| 677|0x0000000654a00000, 0x0000000654c00000, 0x0000000654c00000|100%| O|  |TAMS 0x0000000654c00000, 0x0000000654c00000| Untracked 
| 678|0x0000000654c00000, 0x0000000654dffff0, 0x0000000654e00000| 99%| O|  |TAMS 0x0000000654dffff0, 0x0000000654dffff0| Untracked 
| 679|0x0000000654e00000, 0x0000000654ffffe8, 0x0000000655000000| 99%| O|  |TAMS 0x0000000654ffffe8, 0x0000000654ffffe8| Untracked 
| 680|0x0000000655000000, 0x00000006551fffe8, 0x0000000655200000| 99%| O|  |TAMS 0x00000006551fffe8, 0x00000006551fffe8| Untracked 
| 681|0x0000000655200000, 0x00000006553fffe0, 0x0000000655400000| 99%| O|  |TAMS 0x00000006553fffe0, 0x00000006553fffe0| Untracked 
| 682|0x0000000655400000, 0x00000006555fffb8, 0x0000000655600000| 99%| O|  |TAMS 0x00000006555fffb8, 0x00000006555fffb8| Untracked 
| 683|0x0000000655600000, 0x00000006557ffff0, 0x0000000655800000| 99%| O|  |TAMS 0x00000006557ffff0, 0x00000006557ffff0| Untracked 
| 684|0x0000000655800000, 0x00000006559ff080, 0x0000000655a00000| 99%| O|  |TAMS 0x00000006559ff080, 0x00000006559ff080| Untracked 
| 685|0x0000000655a00000, 0x0000000655c00000, 0x0000000655c00000|100%| O|  |TAMS 0x0000000655c00000, 0x0000000655c00000| Untracked 
| 686|0x0000000655c00000, 0x0000000655dfffe8, 0x0000000655e00000| 99%| O|  |TAMS 0x0000000655dfffe8, 0x0000000655dfffe8| Untracked 
| 687|0x0000000655e00000, 0x0000000655ffffe8, 0x0000000656000000| 99%| O|  |TAMS 0x0000000655ffffe8, 0x0000000655ffffe8| Untracked 
| 688|0x0000000656000000, 0x00000006561ffff0, 0x0000000656200000| 99%| O|  |TAMS 0x00000006561ffff0, 0x00000006561ffff0| Untracked 
| 689|0x0000000656200000, 0x00000006563ffff8, 0x0000000656400000| 99%| O|  |TAMS 0x00000006563ffff8, 0x00000006563ffff8| Untracked 
| 690|0x0000000656400000, 0x0000000656600000, 0x0000000656600000|100%| O|  |TAMS 0x0000000656600000, 0x0000000656600000| Untracked 
| 691|0x0000000656600000, 0x00000006567ffff8, 0x0000000656800000| 99%| O|  |TAMS 0x00000006567ffff8, 0x00000006567ffff8| Untracked 
| 692|0x0000000656800000, 0x00000006569fffe0, 0x0000000656a00000| 99%| O|  |TAMS 0x00000006569fffe0, 0x00000006569fffe0| Untracked 
| 693|0x0000000656a00000, 0x0000000656bfffe8, 0x0000000656c00000| 99%| O|  |TAMS 0x0000000656bfffe8, 0x0000000656bfffe8| Untracked 
| 694|0x0000000656c00000, 0x0000000656e00000, 0x0000000656e00000|100%| O|  |TAMS 0x0000000656e00000, 0x0000000656e00000| Untracked 
| 695|0x0000000656e00000, 0x0000000656fffff0, 0x0000000657000000| 99%| O|  |TAMS 0x0000000656fffff0, 0x0000000656fffff0| Untracked 
| 696|0x0000000657000000, 0x0000000657200000, 0x0000000657200000|100%| O|  |TAMS 0x0000000657200000, 0x0000000657200000| Untracked 
| 697|0x0000000657200000, 0x00000006573ffff0, 0x0000000657400000| 99%| O|  |TAMS 0x00000006573ffff0, 0x00000006573ffff0| Untracked 
| 698|0x0000000657400000, 0x00000006575ffff0, 0x0000000657600000| 99%| O|  |TAMS 0x00000006575ffff0, 0x00000006575ffff0| Untracked 
| 699|0x0000000657600000, 0x00000006577ffff0, 0x0000000657800000| 99%| O|  |TAMS 0x00000006577ffff0, 0x00000006577ffff0| Untracked 
| 700|0x0000000657800000, 0x00000006579ffef0, 0x0000000657a00000| 99%| O|  |TAMS 0x00000006579ffef0, 0x00000006579ffef0| Untracked 
| 701|0x0000000657a00000, 0x0000000657c00000, 0x0000000657c00000|100%| O|  |TAMS 0x0000000657c00000, 0x0000000657c00000| Untracked 
| 702|0x0000000657c00000, 0x0000000657dffff8, 0x0000000657e00000| 99%| O|  |TAMS 0x0000000657dffff8, 0x0000000657dffff8| Untracked 
| 703|0x0000000657e00000, 0x0000000657ffffe8, 0x0000000658000000| 99%| O|  |TAMS 0x0000000657ffffe8, 0x0000000657ffffe8| Untracked 
| 704|0x0000000658000000, 0x00000006581ffff8, 0x0000000658200000| 99%| O|  |TAMS 0x00000006581ffff8, 0x00000006581ffff8| Untracked 
| 705|0x0000000658200000, 0x0000000658400000, 0x0000000658400000|100%| O|  |TAMS 0x0000000658400000, 0x0000000658400000| Untracked 
| 706|0x0000000658400000, 0x00000006585ffff0, 0x0000000658600000| 99%| O|  |TAMS 0x00000006585ffff0, 0x00000006585ffff0| Untracked 
| 707|0x0000000658600000, 0x00000006587ffff8, 0x0000000658800000| 99%| O|  |TAMS 0x00000006587ffff8, 0x00000006587ffff8| Untracked 
| 708|0x0000000658800000, 0x0000000658a00000, 0x0000000658a00000|100%| O|  |TAMS 0x0000000658a00000, 0x0000000658a00000| Untracked 
| 709|0x0000000658a00000, 0x0000000658bfff20, 0x0000000658c00000| 99%| O|  |TAMS 0x0000000658bfff20, 0x0000000658bfff20| Untracked 
| 710|0x0000000658c00000, 0x0000000658dffff0, 0x0000000658e00000| 99%| O|  |TAMS 0x0000000658dffff0, 0x0000000658dffff0| Untracked 
| 711|0x0000000658e00000, 0x0000000659000000, 0x0000000659000000|100%| O|  |TAMS 0x0000000659000000, 0x0000000659000000| Untracked 
| 712|0x0000000659000000, 0x00000006591ffff8, 0x0000000659200000| 99%| O|  |TAMS 0x00000006591ffff8, 0x00000006591ffff8| Untracked 
| 713|0x0000000659200000, 0x0000000659400000, 0x0000000659400000|100%| O|  |TAMS 0x0000000659400000, 0x0000000659400000| Untracked 
| 714|0x0000000659400000, 0x00000006595ffff8, 0x0000000659600000| 99%| O|  |TAMS 0x00000006595ffff8, 0x00000006595ffff8| Untracked 
| 715|0x0000000659600000, 0x0000000659800000, 0x0000000659800000|100%| O|  |TAMS 0x0000000659800000, 0x0000000659800000| Untracked 
| 716|0x0000000659800000, 0x00000006599ffff0, 0x0000000659a00000| 99%| O|  |TAMS 0x00000006599ffff0, 0x00000006599ffff0| Untracked 
| 717|0x0000000659a00000, 0x0000000659bfdac0, 0x0000000659c00000| 99%| O|  |TAMS 0x0000000659bfdac0, 0x0000000659bfdac0| Untracked 
| 718|0x0000000659c00000, 0x0000000659e00000, 0x0000000659e00000|100%| O|  |TAMS 0x0000000659e00000, 0x0000000659e00000| Untracked 
| 719|0x0000000659e00000, 0x0000000659fffff8, 0x000000065a000000| 99%| O|  |TAMS 0x0000000659fffff8, 0x0000000659fffff8| Untracked 
| 720|0x000000065a000000, 0x000000065a1ffff0, 0x000000065a200000| 99%| O|  |TAMS 0x000000065a1ffff0, 0x000000065a1ffff0| Untracked 
| 721|0x000000065a200000, 0x000000065a3fffe8, 0x000000065a400000| 99%| O|  |TAMS 0x000000065a3fffe8, 0x000000065a3fffe8| Untracked 
| 722|0x000000065a400000, 0x000000065a5fffa8, 0x000000065a600000| 99%| O|  |TAMS 0x000000065a5fffa8, 0x000000065a5fffa8| Untracked 
| 723|0x000000065a600000, 0x000000065a7fffe0, 0x000000065a800000| 99%| O|  |TAMS 0x000000065a7fffe0, 0x000000065a7fffe0| Untracked 
| 724|0x000000065a800000, 0x000000065a9ffff8, 0x000000065aa00000| 99%| O|  |TAMS 0x000000065a9ffff8, 0x000000065a9ffff8| Untracked 
| 725|0x000000065aa00000, 0x000000065abffff8, 0x000000065ac00000| 99%| O|  |TAMS 0x000000065abffff8, 0x000000065abffff8| Untracked 
| 726|0x000000065ac00000, 0x000000065adad248, 0x000000065ae00000| 83%| O|  |TAMS 0x000000065adad248, 0x000000065adad248| Untracked 
| 727|0x000000065ae00000, 0x000000065afffff0, 0x000000065b000000| 99%| O|  |TAMS 0x000000065afffff0, 0x000000065afffff0| Untracked 
| 728|0x000000065b000000, 0x000000065b200000, 0x000000065b200000|100%| O|  |TAMS 0x000000065b200000, 0x000000065b200000| Untracked 
| 729|0x000000065b200000, 0x000000065b400000, 0x000000065b400000|100%| O|  |TAMS 0x000000065b400000, 0x000000065b400000| Untracked 
| 730|0x000000065b400000, 0x000000065b5fffe8, 0x000000065b600000| 99%| O|  |TAMS 0x000000065b5fffe8, 0x000000065b5fffe8| Untracked 
| 731|0x000000065b600000, 0x000000065b7ffff0, 0x000000065b800000| 99%| O|  |TAMS 0x000000065b7ffff0, 0x000000065b7ffff0| Untracked 
| 732|0x000000065b800000, 0x000000065b9fff98, 0x000000065ba00000| 99%| O|  |TAMS 0x000000065b9fff98, 0x000000065b9fff98| Untracked 
| 733|0x000000065ba00000, 0x000000065bbfffe0, 0x000000065bc00000| 99%| O|  |TAMS 0x000000065bbfffe0, 0x000000065bbfffe0| Untracked 
| 734|0x000000065bc00000, 0x000000065bdfffe0, 0x000000065be00000| 99%| O|  |TAMS 0x000000065bdfffe0, 0x000000065bdfffe0| Untracked 
| 735|0x000000065be00000, 0x000000065bffffe0, 0x000000065c000000| 99%| O|  |TAMS 0x000000065bffffe0, 0x000000065bffffe0| Untracked 
| 736|0x000000065c000000, 0x000000065c1ffff0, 0x000000065c200000| 99%| O|  |TAMS 0x000000065c1ffff0, 0x000000065c1ffff0| Untracked 
| 737|0x000000065c200000, 0x000000065c3fffc8, 0x000000065c400000| 99%| O|  |TAMS 0x000000065c3fffc8, 0x000000065c3fffc8| Untracked 
| 738|0x000000065c400000, 0x000000065c5fffe0, 0x000000065c600000| 99%| O|  |TAMS 0x000000065c5fffe0, 0x000000065c5fffe0| Untracked 
| 739|0x000000065c600000, 0x000000065c7ffff8, 0x000000065c800000| 99%| O|  |TAMS 0x000000065c7ffff8, 0x000000065c7ffff8| Untracked 
| 740|0x000000065c800000, 0x000000065ca00000, 0x000000065ca00000|100%| O|  |TAMS 0x000000065ca00000, 0x000000065ca00000| Untracked 
| 741|0x000000065ca00000, 0x000000065cbfffe0, 0x000000065cc00000| 99%| O|  |TAMS 0x000000065cbfffe0, 0x000000065cbfffe0| Untracked 
| 742|0x000000065cc00000, 0x000000065cdfffc0, 0x000000065ce00000| 99%| O|  |TAMS 0x000000065cdfffc0, 0x000000065cdfffc0| Untracked 
| 743|0x000000065ce00000, 0x000000065d000000, 0x000000065d000000|100%| O|  |TAMS 0x000000065d000000, 0x000000065d000000| Untracked 
| 744|0x000000065d000000, 0x000000065d200000, 0x000000065d200000|100%| O|  |TAMS 0x000000065d200000, 0x000000065d200000| Untracked 
| 745|0x000000065d200000, 0x000000065d3fff88, 0x000000065d400000| 99%| O|  |TAMS 0x000000065d3fff88, 0x000000065d3fff88| Untracked 
| 746|0x000000065d400000, 0x000000065d5fff30, 0x000000065d600000| 99%| O|  |TAMS 0x000000065d5fff30, 0x000000065d5fff30| Untracked 
| 747|0x000000065d600000, 0x000000065d7ffff8, 0x000000065d800000| 99%| O|  |TAMS 0x000000065d7ffff8, 0x000000065d7ffff8| Untracked 
| 748|0x000000065d800000, 0x000000065d9ffff0, 0x000000065da00000| 99%| O|  |TAMS 0x000000065d9ffff0, 0x000000065d9ffff0| Untracked 
| 749|0x000000065da00000, 0x000000065dc00000, 0x000000065dc00000|100%| O|  |TAMS 0x000000065dc00000, 0x000000065dc00000| Untracked 
| 750|0x000000065dc00000, 0x000000065ddfd560, 0x000000065de00000| 99%| O|  |TAMS 0x000000065ddfd560, 0x000000065ddfd560| Untracked 
| 751|0x000000065de00000, 0x000000065dfffff0, 0x000000065e000000| 99%| O|  |TAMS 0x000000065dfffff0, 0x000000065dfffff0| Untracked 
| 752|0x000000065e000000, 0x000000065e1fffc8, 0x000000065e200000| 99%| O|  |TAMS 0x000000065e1fffc8, 0x000000065e1fffc8| Untracked 
| 753|0x000000065e200000, 0x000000065e3ffff8, 0x000000065e400000| 99%| O|  |TAMS 0x000000065e3ffff8, 0x000000065e3ffff8| Untracked 
| 754|0x000000065e400000, 0x000000065e5ffff8, 0x000000065e600000| 99%| O|  |TAMS 0x000000065e5ffff8, 0x000000065e5ffff8| Untracked 
| 755|0x000000065e600000, 0x000000065e7ffff0, 0x000000065e800000| 99%| O|  |TAMS 0x000000065e7ffff0, 0x000000065e7ffff0| Untracked 
| 756|0x000000065e800000, 0x000000065e9c6ff0, 0x000000065ea00000| 88%| O|  |TAMS 0x000000065e9c6ff0, 0x000000065e9c6ff0| Untracked 
| 757|0x000000065ea00000, 0x000000065ebfffd0, 0x000000065ec00000| 99%| O|  |TAMS 0x000000065ebfffd0, 0x000000065ebfffd0| Untracked 
| 758|0x000000065ec00000, 0x000000065edffff8, 0x000000065ee00000| 99%| O|  |TAMS 0x000000065edffff8, 0x000000065edffff8| Untracked 
| 759|0x000000065ee00000, 0x000000065effffe0, 0x000000065f000000| 99%| O|  |TAMS 0x000000065effffe0, 0x000000065effffe0| Untracked 
| 760|0x000000065f000000, 0x000000065f1feb70, 0x000000065f200000| 99%| O|  |TAMS 0x000000065f1feb70, 0x000000065f1feb70| Untracked 
| 761|0x000000065f200000, 0x000000065f3ffff0, 0x000000065f400000| 99%| O|  |TAMS 0x000000065f3ffff0, 0x000000065f3ffff0| Untracked 
| 762|0x000000065f400000, 0x000000065f600000, 0x000000065f600000|100%| O|  |TAMS 0x000000065f600000, 0x000000065f600000| Untracked 
| 763|0x000000065f600000, 0x000000065f800000, 0x000000065f800000|100%| O|  |TAMS 0x000000065f800000, 0x000000065f800000| Untracked 
| 764|0x000000065f800000, 0x000000065f9fffe8, 0x000000065fa00000| 99%| O|  |TAMS 0x000000065f9fffe8, 0x000000065f9fffe8| Untracked 
| 765|0x000000065fa00000, 0x000000065fc00000, 0x000000065fc00000|100%| O|  |TAMS 0x000000065fc00000, 0x000000065fc00000| Untracked 
| 766|0x000000065fc00000, 0x000000065fdfff68, 0x000000065fe00000| 99%| O|  |TAMS 0x000000065fdfff68, 0x000000065fdfff68| Untracked 
| 767|0x000000065fe00000, 0x000000065ffffff8, 0x0000000660000000| 99%| O|  |TAMS 0x000000065ffffff8, 0x000000065ffffff8| Untracked 
| 768|0x0000000660000000, 0x00000006601ffff0, 0x0000000660200000| 99%| O|  |TAMS 0x00000006601ffff0, 0x00000006601ffff0| Untracked 
| 769|0x0000000660200000, 0x00000006603ffef0, 0x0000000660400000| 99%| O|  |TAMS 0x00000006603ffef0, 0x00000006603ffef0| Untracked 
| 770|0x0000000660400000, 0x00000006605fff00, 0x0000000660600000| 99%| O|  |TAMS 0x00000006605fff00, 0x00000006605fff00| Untracked 
| 771|0x0000000660600000, 0x00000006607ffff0, 0x0000000660800000| 99%| O|  |TAMS 0x00000006607ffff0, 0x00000006607ffff0| Untracked 
| 772|0x0000000660800000, 0x0000000660a00000, 0x0000000660a00000|100%| O|  |TAMS 0x0000000660a00000, 0x0000000660a00000| Untracked 
| 773|0x0000000660a00000, 0x0000000660c00000, 0x0000000660c00000|100%| O|  |TAMS 0x0000000660c00000, 0x0000000660c00000| Untracked 
| 774|0x0000000660c00000, 0x0000000660dffff0, 0x0000000660e00000| 99%| O|  |TAMS 0x0000000660dffff0, 0x0000000660dffff0| Untracked 
| 775|0x0000000660e00000, 0x0000000660fffff0, 0x0000000661000000| 99%| O|  |TAMS 0x0000000660fffff0, 0x0000000660fffff0| Untracked 
| 776|0x0000000661000000, 0x0000000661200000, 0x0000000661200000|100%| O|  |TAMS 0x0000000661200000, 0x0000000661200000| Untracked 
| 777|0x0000000661200000, 0x0000000661400000, 0x0000000661400000|100%| O|  |TAMS 0x0000000661400000, 0x0000000661400000| Untracked 
| 778|0x0000000661400000, 0x00000006615fe5f0, 0x0000000661600000| 99%| O|  |TAMS 0x00000006615fe5f0, 0x00000006615fe5f0| Untracked 
| 779|0x0000000661600000, 0x00000006617fffe0, 0x0000000661800000| 99%| O|  |TAMS 0x00000006617fffe0, 0x00000006617fffe0| Untracked 
| 780|0x0000000661800000, 0x00000006619fff00, 0x0000000661a00000| 99%| O|  |TAMS 0x00000006619fff00, 0x00000006619fff00| Untracked 
| 781|0x0000000661a00000, 0x0000000661c00000, 0x0000000661c00000|100%| O|  |TAMS 0x0000000661c00000, 0x0000000661c00000| Untracked 
| 782|0x0000000661c00000, 0x0000000661dffff0, 0x0000000661e00000| 99%| O|  |TAMS 0x0000000661dffff0, 0x0000000661dffff0| Untracked 
| 783|0x0000000661e00000, 0x0000000661ffc530, 0x0000000662000000| 99%| O|  |TAMS 0x0000000661ffc530, 0x0000000661ffc530| Untracked 
| 784|0x0000000662000000, 0x00000006621cc070, 0x0000000662200000| 89%| O|  |TAMS 0x00000006621cc070, 0x00000006621cc070| Untracked 
| 785|0x0000000662200000, 0x00000006623fffe0, 0x0000000662400000| 99%| O|  |TAMS 0x00000006623fffe0, 0x00000006623fffe0| Untracked 
| 786|0x0000000662400000, 0x00000006625fffe0, 0x0000000662600000| 99%| O|  |TAMS 0x00000006625fffe0, 0x00000006625fffe0| Untracked 
| 787|0x0000000662600000, 0x0000000662800000, 0x0000000662800000|100%| O|  |TAMS 0x0000000662800000, 0x0000000662800000| Untracked 
| 788|0x0000000662800000, 0x0000000662a00000, 0x0000000662a00000|100%| O|  |TAMS 0x0000000662a00000, 0x0000000662a00000| Untracked 
| 789|0x0000000662a00000, 0x0000000662bfe920, 0x0000000662c00000| 99%| O|  |TAMS 0x0000000662bfe920, 0x0000000662bfe920| Untracked 
| 790|0x0000000662c00000, 0x0000000662e00000, 0x0000000662e00000|100%| O|  |TAMS 0x0000000662e00000, 0x0000000662e00000| Untracked 
| 791|0x0000000662e00000, 0x0000000662fffff8, 0x0000000663000000| 99%| O|  |TAMS 0x0000000662fffff8, 0x0000000662fffff8| Untracked 
| 792|0x0000000663000000, 0x00000006631fff78, 0x0000000663200000| 99%| O|  |TAMS 0x00000006631fff78, 0x00000006631fff78| Untracked 
| 793|0x0000000663200000, 0x0000000663400000, 0x0000000663400000|100%| O|  |TAMS 0x0000000663400000, 0x0000000663400000| Untracked 
| 794|0x0000000663400000, 0x00000006635ffff8, 0x0000000663600000| 99%| O|  |TAMS 0x00000006635ffff8, 0x00000006635ffff8| Untracked 
| 795|0x0000000663600000, 0x00000006637b39f8, 0x0000000663800000| 85%| O|  |TAMS 0x00000006637b39f8, 0x00000006637b39f8| Untracked 
| 796|0x0000000663800000, 0x0000000663a00000, 0x0000000663a00000|100%| O|  |TAMS 0x0000000663a00000, 0x0000000663a00000| Untracked 
| 797|0x0000000663a00000, 0x0000000663bb14b8, 0x0000000663c00000| 84%| O|  |TAMS 0x0000000663bb14b8, 0x0000000663bb14b8| Untracked 
| 798|0x0000000663c00000, 0x0000000663dffff0, 0x0000000663e00000| 99%| O|  |TAMS 0x0000000663dffff0, 0x0000000663dffff0| Untracked 
| 799|0x0000000663e00000, 0x0000000663fffff8, 0x0000000664000000| 99%| O|  |TAMS 0x0000000663fffff8, 0x0000000663fffff8| Untracked 
| 800|0x0000000664000000, 0x00000006641ffff0, 0x0000000664200000| 99%| O|  |TAMS 0x00000006641ffff0, 0x00000006641ffff0| Untracked 
| 801|0x0000000664200000, 0x0000000664400000, 0x0000000664400000|100%| O|  |TAMS 0x0000000664400000, 0x0000000664400000| Untracked 
| 802|0x0000000664400000, 0x0000000664600000, 0x0000000664600000|100%| O|  |TAMS 0x0000000664600000, 0x0000000664600000| Untracked 
| 803|0x0000000664600000, 0x00000006647cfeb0, 0x0000000664800000| 90%| O|  |TAMS 0x00000006647cfeb0, 0x00000006647cfeb0| Untracked 
| 804|0x0000000664800000, 0x00000006649c2e40, 0x0000000664a00000| 88%| O|  |TAMS 0x00000006649c2e40, 0x00000006649c2e40| Untracked 
| 805|0x0000000664a00000, 0x0000000664bffff8, 0x0000000664c00000| 99%| O|  |TAMS 0x0000000664bffff8, 0x0000000664bffff8| Untracked 
| 806|0x0000000664c00000, 0x0000000664e00000, 0x0000000664e00000|100%| O|  |TAMS 0x0000000664e00000, 0x0000000664e00000| Untracked 
| 807|0x0000000664e00000, 0x0000000664fa4fe0, 0x0000000665000000| 82%| O|  |TAMS 0x0000000664fa4fe0, 0x0000000664fa4fe0| Untracked 
| 808|0x0000000665000000, 0x00000006651a9ef8, 0x0000000665200000| 83%| O|  |TAMS 0x00000006651a9ef8, 0x00000006651a9ef8| Untracked 
| 809|0x0000000665200000, 0x00000006653ffff8, 0x0000000665400000| 99%| O|  |TAMS 0x00000006653ffff8, 0x00000006653ffff8| Untracked 
| 810|0x0000000665400000, 0x0000000665600000, 0x0000000665600000|100%| O|  |TAMS 0x0000000665600000, 0x0000000665600000| Untracked 
| 811|0x0000000665600000, 0x00000006657ffff8, 0x0000000665800000| 99%| O|  |TAMS 0x00000006657ffff8, 0x00000006657ffff8| Untracked 
| 812|0x0000000665800000, 0x0000000665a00000, 0x0000000665a00000|100%| O|  |TAMS 0x0000000665a00000, 0x0000000665a00000| Untracked 
| 813|0x0000000665a00000, 0x0000000665c00000, 0x0000000665c00000|100%| O|  |TAMS 0x0000000665c00000, 0x0000000665c00000| Untracked 
| 814|0x0000000665c00000, 0x0000000665db83c8, 0x0000000665e00000| 85%| O|  |TAMS 0x0000000665db83c8, 0x0000000665db83c8| Untracked 
| 815|0x0000000665e00000, 0x0000000666000000, 0x0000000666000000|100%| O|  |TAMS 0x0000000666000000, 0x0000000666000000| Untracked 
| 816|0x0000000666000000, 0x0000000666200000, 0x0000000666200000|100%| O|  |TAMS 0x0000000666200000, 0x0000000666200000| Untracked 
| 817|0x0000000666200000, 0x00000006663ffff0, 0x0000000666400000| 99%| O|  |TAMS 0x00000006663ffff0, 0x00000006663ffff0| Untracked 
| 818|0x0000000666400000, 0x00000006665d59e0, 0x0000000666600000| 91%| O|  |TAMS 0x00000006665d59e0, 0x00000006665d59e0| Untracked 
| 819|0x0000000666600000, 0x0000000666740908, 0x0000000666800000| 62%| O|  |TAMS 0x0000000666740908, 0x0000000666740908| Untracked 
| 820|0x0000000666800000, 0x0000000666925330, 0x0000000666a00000| 57%| O|  |TAMS 0x0000000666925330, 0x0000000666925330| Untracked 
| 821|0x0000000666a00000, 0x0000000666bba120, 0x0000000666c00000| 86%| O|  |TAMS 0x0000000666bba120, 0x0000000666bba120| Untracked 
| 822|0x0000000666c00000, 0x0000000666e00000, 0x0000000666e00000|100%| O|  |TAMS 0x0000000666e00000, 0x0000000666e00000| Untracked 
| 823|0x0000000666e00000, 0x0000000667000000, 0x0000000667000000|100%| O|  |TAMS 0x0000000667000000, 0x0000000667000000| Untracked 
| 824|0x0000000667000000, 0x0000000667200000, 0x0000000667200000|100%| O|  |TAMS 0x0000000667200000, 0x0000000667200000| Untracked 
| 825|0x0000000667200000, 0x0000000667400000, 0x0000000667400000|100%| O|  |TAMS 0x0000000667400000, 0x0000000667400000| Untracked 
| 826|0x0000000667400000, 0x0000000667600000, 0x0000000667600000|100%| O|  |TAMS 0x0000000667600000, 0x0000000667600000| Untracked 
| 827|0x0000000667600000, 0x0000000667800000, 0x0000000667800000|100%| O|  |TAMS 0x0000000667800000, 0x0000000667800000| Untracked 
| 828|0x0000000667800000, 0x0000000667a00000, 0x0000000667a00000|100%| O|  |TAMS 0x0000000667a00000, 0x0000000667a00000| Untracked 
| 829|0x0000000667a00000, 0x0000000667c00000, 0x0000000667c00000|100%| O|  |TAMS 0x0000000667c00000, 0x0000000667c00000| Untracked 
| 830|0x0000000667c00000, 0x0000000667ce2460, 0x0000000667e00000| 44%| O|  |TAMS 0x0000000667ce2460, 0x0000000667ce2460| Untracked 
| 831|0x0000000667e00000, 0x0000000668000000, 0x0000000668000000|100%| O|  |TAMS 0x0000000668000000, 0x0000000668000000| Untracked 
| 832|0x0000000668000000, 0x0000000668200000, 0x0000000668200000|100%| O|  |TAMS 0x0000000668200000, 0x0000000668200000| Untracked 
| 833|0x0000000668200000, 0x00000006683f9dc0, 0x0000000668400000| 98%| O|  |TAMS 0x00000006683f9dc0, 0x00000006683f9dc0| Untracked 
| 834|0x0000000668400000, 0x0000000668600000, 0x0000000668600000|100%| O|  |TAMS 0x0000000668600000, 0x0000000668600000| Untracked 
| 835|0x0000000668600000, 0x00000006686f9828, 0x0000000668800000| 48%| O|  |TAMS 0x00000006686f9828, 0x00000006686f9828| Untracked 
| 836|0x0000000668800000, 0x0000000668a00000, 0x0000000668a00000|100%| O|  |TAMS 0x0000000668a00000, 0x0000000668a00000| Untracked 
| 837|0x0000000668a00000, 0x0000000668c00000, 0x0000000668c00000|100%| O|  |TAMS 0x0000000668c00000, 0x0000000668c00000| Untracked 
| 838|0x0000000668c00000, 0x0000000668e00000, 0x0000000668e00000|100%| O|  |TAMS 0x0000000668e00000, 0x0000000668e00000| Untracked 
| 839|0x0000000668e00000, 0x0000000669000000, 0x0000000669000000|100%| O|  |TAMS 0x0000000669000000, 0x0000000669000000| Untracked 
| 840|0x0000000669000000, 0x0000000669200000, 0x0000000669200000|100%| O|  |TAMS 0x0000000669200000, 0x0000000669200000| Untracked 
| 841|0x0000000669200000, 0x00000006693ffff8, 0x0000000669400000| 99%| O|  |TAMS 0x00000006693ffff8, 0x00000006693ffff8| Untracked 
| 842|0x0000000669400000, 0x0000000669600000, 0x0000000669600000|100%| O|  |TAMS 0x0000000669600000, 0x0000000669600000| Untracked 
| 843|0x0000000669600000, 0x0000000669800000, 0x0000000669800000|100%| O|  |TAMS 0x0000000669800000, 0x0000000669800000| Untracked 
| 844|0x0000000669800000, 0x00000006699a42f8, 0x0000000669a00000| 82%| O|  |TAMS 0x00000006699a42f8, 0x00000006699a42f8| Untracked 
| 845|0x0000000669a00000, 0x0000000669c00000, 0x0000000669c00000|100%| O|  |TAMS 0x0000000669c00000, 0x0000000669c00000| Untracked 
| 846|0x0000000669c00000, 0x0000000669e00000, 0x0000000669e00000|100%| O|  |TAMS 0x0000000669e00000, 0x0000000669e00000| Untracked 
| 847|0x0000000669e00000, 0x000000066a000000, 0x000000066a000000|100%| O|  |TAMS 0x000000066a000000, 0x000000066a000000| Untracked 
| 848|0x000000066a000000, 0x000000066a200000, 0x000000066a200000|100%| O|  |TAMS 0x000000066a200000, 0x000000066a200000| Untracked 
| 849|0x000000066a200000, 0x000000066a400000, 0x000000066a400000|100%| O|  |TAMS 0x000000066a400000, 0x000000066a400000| Untracked 
| 850|0x000000066a400000, 0x000000066a400000, 0x000000066a600000|  0%| F|  |TAMS 0x000000066a400000, 0x000000066a400000| Untracked 
| 851|0x000000066a600000, 0x000000066a800000, 0x000000066a800000|100%| O|  |TAMS 0x000000066a800000, 0x000000066a800000| Untracked 
| 852|0x000000066a800000, 0x000000066a9f6bd0, 0x000000066aa00000| 98%| O|  |TAMS 0x000000066a9f6bd0, 0x000000066a9f6bd0| Untracked 
| 853|0x000000066aa00000, 0x000000066ac00000, 0x000000066ac00000|100%| O|  |TAMS 0x000000066ac00000, 0x000000066ac00000| Untracked 
| 854|0x000000066ac00000, 0x000000066ae00000, 0x000000066ae00000|100%| O|  |TAMS 0x000000066ae00000, 0x000000066ae00000| Untracked 
| 855|0x000000066ae00000, 0x000000066b000000, 0x000000066b000000|100%| O|  |TAMS 0x000000066b000000, 0x000000066b000000| Untracked 
| 856|0x000000066b000000, 0x000000066b200000, 0x000000066b200000|100%|HS|  |TAMS 0x000000066b200000, 0x000000066b200000| Untracked 
| 857|0x000000066b200000, 0x000000066b400000, 0x000000066b400000|100%|HC|  |TAMS 0x000000066b400000, 0x000000066b400000| Untracked 
| 858|0x000000066b400000, 0x000000066b600000, 0x000000066b600000|100%|HC|  |TAMS 0x000000066b600000, 0x000000066b600000| Untracked 
| 859|0x000000066b600000, 0x000000066b800000, 0x000000066b800000|100%|HS|  |TAMS 0x000000066b600000, 0x000000066b800000| Complete 
| 860|0x000000066b800000, 0x000000066ba00000, 0x000000066ba00000|100%|HS|  |TAMS 0x000000066b800000, 0x000000066ba00000| Complete 
| 861|0x000000066ba00000, 0x000000066bbffff8, 0x000000066bc00000| 99%| O|  |TAMS 0x000000066bbffff8, 0x000000066bbffff8| Untracked 
| 862|0x000000066bc00000, 0x000000066be00000, 0x000000066be00000|100%| O|  |TAMS 0x000000066be00000, 0x000000066be00000| Untracked 
| 863|0x000000066be00000, 0x000000066c000000, 0x000000066c000000|100%| O|  |TAMS 0x000000066c000000, 0x000000066c000000| Untracked 
| 864|0x000000066c000000, 0x000000066c200000, 0x000000066c200000|100%| O|  |TAMS 0x000000066c200000, 0x000000066c200000| Untracked 
| 865|0x000000066c200000, 0x000000066c400000, 0x000000066c400000|100%| O|  |TAMS 0x000000066c400000, 0x000000066c400000| Untracked 
| 866|0x000000066c400000, 0x000000066c600000, 0x000000066c600000|100%|HS|  |TAMS 0x000000066c400000, 0x000000066c600000| Complete 
| 867|0x000000066c600000, 0x000000066c800000, 0x000000066c800000|100%| O|  |TAMS 0x000000066c800000, 0x000000066c800000| Untracked 
| 868|0x000000066c800000, 0x000000066ca00000, 0x000000066ca00000|100%| O|  |TAMS 0x000000066ca00000, 0x000000066ca00000| Untracked 
| 869|0x000000066ca00000, 0x000000066cc00000, 0x000000066cc00000|100%|HS|  |TAMS 0x000000066ca00000, 0x000000066cc00000| Complete 
| 870|0x000000066cc00000, 0x000000066ce00000, 0x000000066ce00000|100%|HS|  |TAMS 0x000000066cc00000, 0x000000066ce00000| Complete 
| 871|0x000000066ce00000, 0x000000066d000000, 0x000000066d000000|100%|HS|  |TAMS 0x000000066ce00000, 0x000000066d000000| Complete 
| 872|0x000000066d000000, 0x000000066d200000, 0x000000066d200000|100%|HS|  |TAMS 0x000000066d000000, 0x000000066d200000| Complete 
| 873|0x000000066d200000, 0x000000066d400000, 0x000000066d400000|100%|HS|  |TAMS 0x000000066d200000, 0x000000066d400000| Complete 
| 874|0x000000066d400000, 0x000000066d600000, 0x000000066d600000|100%| O|  |TAMS 0x000000066d600000, 0x000000066d600000| Untracked 
| 875|0x000000066d600000, 0x000000066d800000, 0x000000066d800000|100%| O|  |TAMS 0x000000066d800000, 0x000000066d800000| Untracked 
| 876|0x000000066d800000, 0x000000066da00000, 0x000000066da00000|100%| O|  |TAMS 0x000000066d9d4a00, 0x000000066da00000| Untracked 
| 877|0x000000066da00000, 0x000000066dc00000, 0x000000066dc00000|100%|HS|  |TAMS 0x000000066da00000, 0x000000066dc00000| Complete 
| 878|0x000000066dc00000, 0x000000066de00000, 0x000000066de00000|100%|HC|  |TAMS 0x000000066dc00000, 0x000000066de00000| Complete 
| 879|0x000000066de00000, 0x000000066e000000, 0x000000066e000000|100%|HS|  |TAMS 0x000000066de00000, 0x000000066e000000| Complete 
| 880|0x000000066e000000, 0x000000066e200000, 0x000000066e200000|100%|HS|  |TAMS 0x000000066e000000, 0x000000066e200000| Complete 
| 881|0x000000066e200000, 0x000000066e400000, 0x000000066e400000|100%|HS|  |TAMS 0x000000066e200000, 0x000000066e400000| Complete 
| 882|0x000000066e400000, 0x000000066e600000, 0x000000066e600000|100%|HS|  |TAMS 0x000000066e400000, 0x000000066e600000| Complete 
| 883|0x000000066e600000, 0x000000066e800000, 0x000000066e800000|100%|HS|  |TAMS 0x000000066e600000, 0x000000066e800000| Complete 
| 884|0x000000066e800000, 0x000000066ea00000, 0x000000066ea00000|100%|HS|  |TAMS 0x000000066e800000, 0x000000066ea00000| Complete 
| 885|0x000000066ea00000, 0x000000066ec00000, 0x000000066ec00000|100%|HS|  |TAMS 0x000000066ea00000, 0x000000066ec00000| Complete 
| 886|0x000000066ec00000, 0x000000066edfffd0, 0x000000066ee00000| 99%| O|  |TAMS 0x000000066edfffd0, 0x000000066edfffd0| Untracked 
| 887|0x000000066ee00000, 0x000000066f000000, 0x000000066f000000|100%|HS|  |TAMS 0x000000066f000000, 0x000000066f000000| Untracked 
| 888|0x000000066f000000, 0x000000066f200000, 0x000000066f200000|100%|HC|  |TAMS 0x000000066f200000, 0x000000066f200000| Untracked 
| 889|0x000000066f200000, 0x000000066f400000, 0x000000066f400000|100%|HC|  |TAMS 0x000000066f400000, 0x000000066f400000| Untracked 
| 890|0x000000066f400000, 0x000000066f600000, 0x000000066f600000|100%|HS|  |TAMS 0x000000066f400000, 0x000000066f600000| Complete 
| 891|0x000000066f600000, 0x000000066f800000, 0x000000066f800000|100%| O|  |TAMS 0x000000066f800000, 0x000000066f800000| Untracked 
| 892|0x000000066f800000, 0x000000066fa00000, 0x000000066fa00000|100%| O|  |TAMS 0x000000066fa00000, 0x000000066fa00000| Untracked 
| 893|0x000000066fa00000, 0x000000066fc00000, 0x000000066fc00000|100%|HS|  |TAMS 0x000000066fc00000, 0x000000066fc00000| Untracked 
| 894|0x000000066fc00000, 0x000000066fe00000, 0x000000066fe00000|100%|HC|  |TAMS 0x000000066fe00000, 0x000000066fe00000| Untracked 
| 895|0x000000066fe00000, 0x0000000670000000, 0x0000000670000000|100%|HC|  |TAMS 0x0000000670000000, 0x0000000670000000| Untracked 
| 896|0x0000000670000000, 0x0000000670200000, 0x0000000670200000|100%|HS|  |TAMS 0x0000000670200000, 0x0000000670200000| Untracked 
| 897|0x0000000670200000, 0x0000000670400000, 0x0000000670400000|100%|HC|  |TAMS 0x0000000670400000, 0x0000000670400000| Untracked 
| 898|0x0000000670400000, 0x0000000670600000, 0x0000000670600000|100%|HC|  |TAMS 0x0000000670600000, 0x0000000670600000| Untracked 
| 899|0x0000000670600000, 0x0000000670800000, 0x0000000670800000|100%|HS|  |TAMS 0x0000000670800000, 0x0000000670800000| Untracked 
| 900|0x0000000670800000, 0x0000000670a00000, 0x0000000670a00000|100%|HC|  |TAMS 0x0000000670a00000, 0x0000000670a00000| Untracked 
| 901|0x0000000670a00000, 0x0000000670c00000, 0x0000000670c00000|100%|HC|  |TAMS 0x0000000670c00000, 0x0000000670c00000| Untracked 
| 902|0x0000000670c00000, 0x0000000670e00000, 0x0000000670e00000|100%|HS|  |TAMS 0x0000000670c00000, 0x0000000670e00000| Untracked 
| 903|0x0000000670e00000, 0x0000000671000000, 0x0000000671000000|100%|HC|  |TAMS 0x0000000670e00000, 0x0000000671000000| Untracked 
| 904|0x0000000671000000, 0x0000000671200000, 0x0000000671200000|100%|HC|  |TAMS 0x0000000671000000, 0x0000000671200000| Untracked 
| 905|0x0000000671200000, 0x0000000671400000, 0x0000000671400000|100%|HC|  |TAMS 0x0000000671200000, 0x0000000671400000| Untracked 
| 906|0x0000000671400000, 0x0000000671600000, 0x0000000671600000|100%| O|  |TAMS 0x0000000671600000, 0x0000000671600000| Untracked 
| 907|0x0000000671600000, 0x0000000671800000, 0x0000000671800000|100%|HS|  |TAMS 0x0000000671600000, 0x0000000671800000| Complete 
| 908|0x0000000671800000, 0x0000000671a00000, 0x0000000671a00000|100%|HS|  |TAMS 0x0000000671800000, 0x0000000671a00000| Complete 
| 909|0x0000000671a00000, 0x0000000671b2b7a8, 0x0000000671c00000| 58%| O|  |TAMS 0x0000000671b2b7a8, 0x0000000671b2b7a8| Untracked 
| 910|0x0000000671c00000, 0x0000000671e00000, 0x0000000671e00000|100%| O|  |TAMS 0x0000000671e00000, 0x0000000671e00000| Untracked 
| 911|0x0000000671e00000, 0x0000000671e00000, 0x0000000672000000|  0%| F|  |TAMS 0x0000000671e00000, 0x0000000671e00000| Untracked 
| 912|0x0000000672000000, 0x0000000672200000, 0x0000000672200000|100%|HS|  |TAMS 0x0000000672200000, 0x0000000672200000| Untracked 
| 913|0x0000000672200000, 0x0000000672400000, 0x0000000672400000|100%|HS|  |TAMS 0x0000000672400000, 0x0000000672400000| Untracked 
| 914|0x0000000672400000, 0x00000006725fd088, 0x0000000672600000| 99%| O|  |TAMS 0x00000006725fd088, 0x00000006725fd088| Untracked 
| 915|0x0000000672600000, 0x0000000672800000, 0x0000000672800000|100%|HS|  |TAMS 0x0000000672600000, 0x0000000672800000| Complete 
| 916|0x0000000672800000, 0x0000000672a00000, 0x0000000672a00000|100%|HS|  |TAMS 0x0000000672800000, 0x0000000672a00000| Complete 
| 917|0x0000000672a00000, 0x0000000672c00000, 0x0000000672c00000|100%|HS|  |TAMS 0x0000000672a00000, 0x0000000672c00000| Complete 
| 918|0x0000000672c00000, 0x0000000672c00000, 0x0000000672e00000|  0%| F|  |TAMS 0x0000000672c00000, 0x0000000672c00000| Untracked 
| 919|0x0000000672e00000, 0x0000000672e00000, 0x0000000673000000|  0%| F|  |TAMS 0x0000000672e00000, 0x0000000672e00000| Untracked 
| 920|0x0000000673000000, 0x0000000673200000, 0x0000000673200000|100%|HS|  |TAMS 0x0000000673200000, 0x0000000673200000| Untracked 
| 921|0x0000000673200000, 0x0000000673400000, 0x0000000673400000|100%|HC|  |TAMS 0x0000000673400000, 0x0000000673400000| Untracked 
| 922|0x0000000673400000, 0x0000000673600000, 0x0000000673600000|100%|HC|  |TAMS 0x0000000673600000, 0x0000000673600000| Untracked 
| 923|0x0000000673600000, 0x0000000673800000, 0x0000000673800000|100%|HC|  |TAMS 0x0000000673800000, 0x0000000673800000| Untracked 
| 924|0x0000000673800000, 0x0000000673a00000, 0x0000000673a00000|100%|HC|  |TAMS 0x0000000673a00000, 0x0000000673a00000| Untracked 
| 925|0x0000000673a00000, 0x0000000673c00000, 0x0000000673c00000|100%|HS|  |TAMS 0x0000000673c00000, 0x0000000673c00000| Complete 
| 926|0x0000000673c00000, 0x0000000673e00000, 0x0000000673e00000|100%|HC|  |TAMS 0x0000000673e00000, 0x0000000673e00000| Complete 
| 927|0x0000000673e00000, 0x0000000674000000, 0x0000000674000000|100%|HC|  |TAMS 0x0000000674000000, 0x0000000674000000| Complete 
| 928|0x0000000674000000, 0x0000000674200000, 0x0000000674200000|100%|HC|  |TAMS 0x0000000674200000, 0x0000000674200000| Complete 
| 929|0x0000000674200000, 0x0000000674400000, 0x0000000674400000|100%|HC|  |TAMS 0x0000000674400000, 0x0000000674400000| Complete 
| 930|0x0000000674400000, 0x0000000674400000, 0x0000000674600000|  0%| F|  |TAMS 0x0000000674400000, 0x0000000674400000| Untracked 
| 931|0x0000000674600000, 0x0000000674600000, 0x0000000674800000|  0%| F|  |TAMS 0x0000000674600000, 0x0000000674600000| Untracked 
| 932|0x0000000674800000, 0x0000000674800000, 0x0000000674a00000|  0%| F|  |TAMS 0x0000000674800000, 0x0000000674800000| Untracked 
| 933|0x0000000674a00000, 0x0000000674a00000, 0x0000000674c00000|  0%| F|  |TAMS 0x0000000674a00000, 0x0000000674a00000| Untracked 
| 934|0x0000000674c00000, 0x0000000674e00000, 0x0000000674e00000|100%|HS|  |TAMS 0x0000000674c00000, 0x0000000674e00000| Complete 
| 935|0x0000000674e00000, 0x0000000674e00000, 0x0000000675000000|  0%| F|  |TAMS 0x0000000674e00000, 0x0000000674e00000| Untracked 
| 936|0x0000000675000000, 0x0000000675000000, 0x0000000675200000|  0%| F|  |TAMS 0x0000000675000000, 0x0000000675000000| Untracked 
| 937|0x0000000675200000, 0x0000000675200000, 0x0000000675400000|  0%| F|  |TAMS 0x0000000675200000, 0x0000000675200000| Untracked 
| 938|0x0000000675400000, 0x0000000675465518, 0x0000000675600000| 19%| O|  |TAMS 0x0000000675465518, 0x0000000675465518| Untracked 
| 939|0x0000000675600000, 0x0000000675600000, 0x0000000675800000|  0%| F|  |TAMS 0x0000000675600000, 0x0000000675600000| Untracked 
| 940|0x0000000675800000, 0x0000000675800000, 0x0000000675a00000|  0%| F|  |TAMS 0x0000000675800000, 0x0000000675800000| Untracked 
| 941|0x0000000675a00000, 0x0000000675a00000, 0x0000000675c00000|  0%| F|  |TAMS 0x0000000675a00000, 0x0000000675a00000| Untracked 
| 942|0x0000000675c00000, 0x0000000675c00000, 0x0000000675e00000|  0%| F|  |TAMS 0x0000000675c00000, 0x0000000675c00000| Untracked 
| 943|0x0000000675e00000, 0x0000000675e00000, 0x0000000676000000|  0%| F|  |TAMS 0x0000000675e00000, 0x0000000675e00000| Untracked 
| 944|0x0000000676000000, 0x0000000676200000, 0x0000000676200000|100%|HS|  |TAMS 0x0000000676200000, 0x0000000676200000| Untracked 
| 945|0x0000000676200000, 0x0000000676400000, 0x0000000676400000|100%|HC|  |TAMS 0x0000000676400000, 0x0000000676400000| Untracked 
| 946|0x0000000676400000, 0x0000000676600000, 0x0000000676600000|100%|HC|  |TAMS 0x0000000676600000, 0x0000000676600000| Untracked 
| 947|0x0000000676600000, 0x0000000676800000, 0x0000000676800000|100%|HC|  |TAMS 0x0000000676800000, 0x0000000676800000| Untracked 
| 948|0x0000000676800000, 0x0000000676a00000, 0x0000000676a00000|100%|HC|  |TAMS 0x0000000676a00000, 0x0000000676a00000| Untracked 
| 949|0x0000000676a00000, 0x0000000676a00000, 0x0000000676c00000|  0%| F|  |TAMS 0x0000000676a00000, 0x0000000676a00000| Untracked 
| 950|0x0000000676c00000, 0x0000000676e00000, 0x0000000676e00000|100%|HS|  |TAMS 0x0000000676c00000, 0x0000000676e00000| Complete 
| 951|0x0000000676e00000, 0x0000000677000000, 0x0000000677000000|100%| O|  |TAMS 0x0000000676e00000, 0x0000000677000000| Untracked 
| 952|0x0000000677000000, 0x0000000677000000, 0x0000000677200000|  0%| F|  |TAMS 0x0000000677000000, 0x0000000677000000| Untracked 
| 953|0x0000000677200000, 0x0000000677200000, 0x0000000677400000|  0%| F|  |TAMS 0x0000000677200000, 0x0000000677200000| Untracked 
| 954|0x0000000677400000, 0x0000000677600000, 0x0000000677600000|100%|HS|  |TAMS 0x0000000677600000, 0x0000000677600000| Untracked 
| 955|0x0000000677600000, 0x0000000677800000, 0x0000000677800000|100%|HC|  |TAMS 0x0000000677800000, 0x0000000677800000| Untracked 
| 956|0x0000000677800000, 0x0000000677a00000, 0x0000000677a00000|100%|HC|  |TAMS 0x0000000677a00000, 0x0000000677a00000| Untracked 
| 957|0x0000000677a00000, 0x0000000677c00000, 0x0000000677c00000|100%|HC|  |TAMS 0x0000000677c00000, 0x0000000677c00000| Untracked 
| 958|0x0000000677c00000, 0x0000000677e00000, 0x0000000677e00000|100%|HC|  |TAMS 0x0000000677e00000, 0x0000000677e00000| Untracked 
| 959|0x0000000677e00000, 0x0000000678000000, 0x0000000678000000|100%|HS|  |TAMS 0x0000000678000000, 0x0000000678000000| Untracked 
| 960|0x0000000678000000, 0x0000000678200000, 0x0000000678200000|100%|HC|  |TAMS 0x0000000678200000, 0x0000000678200000| Untracked 
| 961|0x0000000678200000, 0x0000000678400000, 0x0000000678400000|100%|HC|  |TAMS 0x0000000678400000, 0x0000000678400000| Untracked 
| 962|0x0000000678400000, 0x0000000678600000, 0x0000000678600000|100%|HC|  |TAMS 0x0000000678600000, 0x0000000678600000| Untracked 
| 963|0x0000000678600000, 0x0000000678800000, 0x0000000678800000|100%| O|  |TAMS 0x0000000678800000, 0x0000000678800000| Untracked 
| 964|0x0000000678800000, 0x0000000678800000, 0x0000000678a00000|  0%| F|  |TAMS 0x0000000678800000, 0x0000000678800000| Untracked 
| 965|0x0000000678a00000, 0x0000000678a00000, 0x0000000678c00000|  0%| F|  |TAMS 0x0000000678a00000, 0x0000000678a00000| Untracked 
| 966|0x0000000678c00000, 0x0000000678e00000, 0x0000000678e00000|100%| O|  |TAMS 0x0000000678e00000, 0x0000000678e00000| Untracked 
| 967|0x0000000678e00000, 0x0000000679000000, 0x0000000679000000|100%|HS|  |TAMS 0x0000000678e00000, 0x0000000679000000| Complete 
| 968|0x0000000679000000, 0x0000000679200000, 0x0000000679200000|100%|HC|  |TAMS 0x0000000679000000, 0x0000000679200000| Complete 
| 969|0x0000000679200000, 0x0000000679400000, 0x0000000679400000|100%| O|  |TAMS 0x0000000679400000, 0x0000000679400000| Untracked 
| 970|0x0000000679400000, 0x0000000679600000, 0x0000000679600000|100%|HS|  |TAMS 0x0000000679400000, 0x0000000679600000| Complete 
| 971|0x0000000679600000, 0x0000000679800000, 0x0000000679800000|100%| O|  |TAMS 0x0000000679800000, 0x0000000679800000| Untracked 
| 972|0x0000000679800000, 0x0000000679a00000, 0x0000000679a00000|100%|HS|  |TAMS 0x0000000679a00000, 0x0000000679a00000| Untracked 
| 973|0x0000000679a00000, 0x0000000679c00000, 0x0000000679c00000|100%|HC|  |TAMS 0x0000000679c00000, 0x0000000679c00000| Untracked 
| 974|0x0000000679c00000, 0x0000000679e00000, 0x0000000679e00000|100%|HC|  |TAMS 0x0000000679e00000, 0x0000000679e00000| Untracked 
| 975|0x0000000679e00000, 0x000000067a000000, 0x000000067a000000|100%|HC|  |TAMS 0x000000067a000000, 0x000000067a000000| Untracked 
| 976|0x000000067a000000, 0x000000067a200000, 0x000000067a200000|100%|HC|  |TAMS 0x000000067a200000, 0x000000067a200000| Untracked 
| 977|0x000000067a200000, 0x000000067a400000, 0x000000067a400000|100%| O|  |TAMS 0x000000067a400000, 0x000000067a400000| Untracked 
| 978|0x000000067a400000, 0x000000067a600000, 0x000000067a600000|100%| O|  |TAMS 0x000000067a600000, 0x000000067a600000| Untracked 
| 979|0x000000067a600000, 0x000000067a800000, 0x000000067a800000|100%| O|  |TAMS 0x000000067a800000, 0x000000067a800000| Untracked 
| 980|0x000000067a800000, 0x000000067aa00000, 0x000000067aa00000|100%| O|  |TAMS 0x000000067aa00000, 0x000000067aa00000| Untracked 
| 981|0x000000067aa00000, 0x000000067ac00000, 0x000000067ac00000|100%| O|  |TAMS 0x000000067ac00000, 0x000000067ac00000| Untracked 
| 982|0x000000067ac00000, 0x000000067ae00000, 0x000000067ae00000|100%| O|  |TAMS 0x000000067ae00000, 0x000000067ae00000| Untracked 
| 983|0x000000067ae00000, 0x000000067b000000, 0x000000067b000000|100%| O|  |TAMS 0x000000067b000000, 0x000000067b000000| Untracked 
| 984|0x000000067b000000, 0x000000067b200000, 0x000000067b200000|100%| O|  |TAMS 0x000000067b200000, 0x000000067b200000| Untracked 
| 985|0x000000067b200000, 0x000000067b400000, 0x000000067b400000|100%| O|  |TAMS 0x000000067b400000, 0x000000067b400000| Untracked 
| 986|0x000000067b400000, 0x000000067b600000, 0x000000067b600000|100%| O|  |TAMS 0x000000067b600000, 0x000000067b600000| Untracked 
| 987|0x000000067b600000, 0x000000067b800000, 0x000000067b800000|100%|HS|  |TAMS 0x000000067b800000, 0x000000067b800000| Untracked 
| 988|0x000000067b800000, 0x000000067ba00000, 0x000000067ba00000|100%|HC|  |TAMS 0x000000067ba00000, 0x000000067ba00000| Untracked 
| 989|0x000000067ba00000, 0x000000067bc00000, 0x000000067bc00000|100%|HC|  |TAMS 0x000000067bc00000, 0x000000067bc00000| Untracked 
| 990|0x000000067bc00000, 0x000000067be00000, 0x000000067be00000|100%|HC|  |TAMS 0x000000067be00000, 0x000000067be00000| Untracked 
| 991|0x000000067be00000, 0x000000067c000000, 0x000000067c000000|100%|HC|  |TAMS 0x000000067c000000, 0x000000067c000000| Untracked 
| 992|0x000000067c000000, 0x000000067c000000, 0x000000067c200000|  0%| F|  |TAMS 0x000000067c000000, 0x000000067c000000| Untracked 
| 993|0x000000067c200000, 0x000000067c200000, 0x000000067c400000|  0%| F|  |TAMS 0x000000067c200000, 0x000000067c200000| Untracked 
| 994|0x000000067c400000, 0x000000067c400000, 0x000000067c600000|  0%| F|  |TAMS 0x000000067c400000, 0x000000067c400000| Untracked 
| 995|0x000000067c600000, 0x000000067c600000, 0x000000067c800000|  0%| F|  |TAMS 0x000000067c600000, 0x000000067c600000| Untracked 
| 996|0x000000067c800000, 0x000000067c800000, 0x000000067ca00000|  0%| F|  |TAMS 0x000000067c800000, 0x000000067c800000| Untracked 
| 997|0x000000067ca00000, 0x000000067cc00000, 0x000000067cc00000|100%|HS|  |TAMS 0x000000067ca00000, 0x000000067cc00000| Complete 
| 998|0x000000067cc00000, 0x000000067ce00000, 0x000000067ce00000|100%|HC|  |TAMS 0x000000067cc00000, 0x000000067ce00000| Complete 
| 999|0x000000067ce00000, 0x000000067ce00000, 0x000000067d000000|  0%| F|  |TAMS 0x000000067ce00000, 0x000000067ce00000| Untracked 
|1000|0x000000067d000000, 0x000000067d200000, 0x000000067d200000|100%| O|  |TAMS 0x000000067d200000, 0x000000067d200000| Untracked 
|1001|0x000000067d200000, 0x000000067d400000, 0x000000067d400000|100%| O|  |TAMS 0x000000067d400000, 0x000000067d400000| Untracked 
|1002|0x000000067d400000, 0x000000067d400000, 0x000000067d600000|  0%| F|  |TAMS 0x000000067d400000, 0x000000067d400000| Untracked 
|1003|0x000000067d600000, 0x000000067d600000, 0x000000067d800000|  0%| F|  |TAMS 0x000000067d600000, 0x000000067d600000| Untracked 
|1004|0x000000067d800000, 0x000000067da00000, 0x000000067da00000|100%| O|  |TAMS 0x000000067da00000, 0x000000067da00000| Untracked 
|1005|0x000000067da00000, 0x000000067dc00000, 0x000000067dc00000|100%|HS|  |TAMS 0x000000067da00000, 0x000000067dc00000| Complete 
|1006|0x000000067dc00000, 0x000000067de00000, 0x000000067de00000|100%|HC|  |TAMS 0x000000067dc00000, 0x000000067de00000| Complete 
|1007|0x000000067de00000, 0x000000067e000000, 0x000000067e000000|100%| O|  |TAMS 0x000000067e000000, 0x000000067e000000| Untracked 
|1008|0x000000067e000000, 0x000000067e200000, 0x000000067e200000|100%|HS|  |TAMS 0x000000067e200000, 0x000000067e200000| Untracked 
|1009|0x000000067e200000, 0x000000067e400000, 0x000000067e400000|100%|HC|  |TAMS 0x000000067e400000, 0x000000067e400000| Untracked 
|1010|0x000000067e400000, 0x000000067e600000, 0x000000067e600000|100%|HC|  |TAMS 0x000000067e600000, 0x000000067e600000| Untracked 
|1011|0x000000067e600000, 0x000000067e800000, 0x000000067e800000|100%|HC|  |TAMS 0x000000067e800000, 0x000000067e800000| Untracked 
|1012|0x000000067e800000, 0x000000067ea00000, 0x000000067ea00000|100%|HC|  |TAMS 0x000000067ea00000, 0x000000067ea00000| Untracked 
|1013|0x000000067ea00000, 0x000000067ec00000, 0x000000067ec00000|100%|HS|  |TAMS 0x000000067ec00000, 0x000000067ec00000| Untracked 
|1014|0x000000067ec00000, 0x000000067ee00000, 0x000000067ee00000|100%|HC|  |TAMS 0x000000067ee00000, 0x000000067ee00000| Untracked 
|1015|0x000000067ee00000, 0x000000067f000000, 0x000000067f000000|100%|HC|  |TAMS 0x000000067f000000, 0x000000067f000000| Untracked 
|1016|0x000000067f000000, 0x000000067f200000, 0x000000067f200000|100%|HC|  |TAMS 0x000000067f200000, 0x000000067f200000| Untracked 
|1017|0x000000067f200000, 0x000000067f400000, 0x000000067f400000|100%|HC|  |TAMS 0x000000067f400000, 0x000000067f400000| Untracked 
|1018|0x000000067f400000, 0x000000067f600000, 0x000000067f600000|100%|HS|  |TAMS 0x000000067f600000, 0x000000067f600000| Untracked 
|1019|0x000000067f600000, 0x000000067f800000, 0x000000067f800000|100%|HC|  |TAMS 0x000000067f800000, 0x000000067f800000| Untracked 
|1020|0x000000067f800000, 0x000000067fa00000, 0x000000067fa00000|100%|HC|  |TAMS 0x000000067fa00000, 0x000000067fa00000| Untracked 
|1021|0x000000067fa00000, 0x000000067fc00000, 0x000000067fc00000|100%|HC|  |TAMS 0x000000067fc00000, 0x000000067fc00000| Untracked 
|1022|0x000000067fc00000, 0x000000067fe00000, 0x000000067fe00000|100%|HC|  |TAMS 0x000000067fe00000, 0x000000067fe00000| Untracked 
|1023|0x000000067fe00000, 0x0000000680000000, 0x0000000680000000|100%|HS|  |TAMS 0x0000000680000000, 0x0000000680000000| Untracked 
|1024|0x0000000680000000, 0x0000000680200000, 0x0000000680200000|100%|HC|  |TAMS 0x0000000680200000, 0x0000000680200000| Untracked 
|1025|0x0000000680200000, 0x0000000680400000, 0x0000000680400000|100%|HC|  |TAMS 0x0000000680400000, 0x0000000680400000| Untracked 
|1026|0x0000000680400000, 0x0000000680600000, 0x0000000680600000|100%|HC|  |TAMS 0x0000000680600000, 0x0000000680600000| Untracked 
|1027|0x0000000680600000, 0x0000000680800000, 0x0000000680800000|100%|HC|  |TAMS 0x0000000680800000, 0x0000000680800000| Untracked 
|1028|0x0000000680800000, 0x0000000680a00000, 0x0000000680a00000|100%|HS|  |TAMS 0x0000000680800000, 0x0000000680a00000| Complete 
|1029|0x0000000680a00000, 0x0000000680a00000, 0x0000000680c00000|  0%| F|  |TAMS 0x0000000680a00000, 0x0000000680a00000| Untracked 
|1030|0x0000000680c00000, 0x0000000680c00000, 0x0000000680e00000|  0%| F|  |TAMS 0x0000000680c00000, 0x0000000680c00000| Untracked 
|1031|0x0000000680e00000, 0x0000000680e00000, 0x0000000681000000|  0%| F|  |TAMS 0x0000000680e00000, 0x0000000680e00000| Untracked 
|1032|0x0000000681000000, 0x0000000681200000, 0x0000000681200000|100%|HS|  |TAMS 0x0000000681000000, 0x0000000681200000| Complete 
|1033|0x0000000681200000, 0x0000000681200000, 0x0000000681400000|  0%| F|  |TAMS 0x0000000681200000, 0x0000000681200000| Untracked 
|1034|0x0000000681400000, 0x0000000681400000, 0x0000000681600000|  0%| F|  |TAMS 0x0000000681400000, 0x0000000681400000| Untracked 
|1035|0x0000000681600000, 0x0000000681600000, 0x0000000681800000|  0%| F|  |TAMS 0x0000000681600000, 0x0000000681600000| Untracked 
|1036|0x0000000681800000, 0x0000000681a00000, 0x0000000681a00000|100%| O|  |TAMS 0x0000000681a00000, 0x0000000681a00000| Untracked 
|1037|0x0000000681a00000, 0x0000000681c00000, 0x0000000681c00000|100%| O|  |TAMS 0x0000000681c00000, 0x0000000681c00000| Untracked 
|1038|0x0000000681c00000, 0x0000000681e00000, 0x0000000681e00000|100%|HS|  |TAMS 0x0000000681c00000, 0x0000000681e00000| Complete 
|1039|0x0000000681e00000, 0x0000000681e00000, 0x0000000682000000|  0%| F|  |TAMS 0x0000000681e00000, 0x0000000681e00000| Untracked 
|1040|0x0000000682000000, 0x0000000682200000, 0x0000000682200000|100%| O|  |TAMS 0x0000000682200000, 0x0000000682200000| Untracked 
|1041|0x0000000682200000, 0x0000000682400000, 0x0000000682400000|100%| O|  |TAMS 0x0000000682400000, 0x0000000682400000| Untracked 
|1042|0x0000000682400000, 0x0000000682600000, 0x0000000682600000|100%| O|  |TAMS 0x0000000682600000, 0x0000000682600000| Untracked 
|1043|0x0000000682600000, 0x0000000682800000, 0x0000000682800000|100%| O|  |TAMS 0x0000000682800000, 0x0000000682800000| Untracked 
|1044|0x0000000682800000, 0x0000000682a00000, 0x0000000682a00000|100%| O|  |TAMS 0x0000000682a00000, 0x0000000682a00000| Untracked 
|1045|0x0000000682a00000, 0x0000000682c00000, 0x0000000682c00000|100%| O|  |TAMS 0x0000000682c00000, 0x0000000682c00000| Untracked 
|1046|0x0000000682c00000, 0x0000000682e00000, 0x0000000682e00000|100%| O|  |TAMS 0x0000000682e00000, 0x0000000682e00000| Untracked 
|1047|0x0000000682e00000, 0x0000000683000000, 0x0000000683000000|100%| O|  |TAMS 0x0000000683000000, 0x0000000683000000| Untracked 
|1048|0x0000000683000000, 0x0000000683200000, 0x0000000683200000|100%| O|  |TAMS 0x0000000683200000, 0x0000000683200000| Untracked 
|1049|0x0000000683200000, 0x0000000683400000, 0x0000000683400000|100%|HS|  |TAMS 0x0000000683400000, 0x0000000683400000| Untracked 
|1050|0x0000000683400000, 0x0000000683600000, 0x0000000683600000|100%|HC|  |TAMS 0x0000000683600000, 0x0000000683600000| Untracked 
|1051|0x0000000683600000, 0x0000000683800000, 0x0000000683800000|100%|HC|  |TAMS 0x0000000683800000, 0x0000000683800000| Untracked 
|1052|0x0000000683800000, 0x0000000683a00000, 0x0000000683a00000|100%|HC|  |TAMS 0x0000000683a00000, 0x0000000683a00000| Untracked 
|1053|0x0000000683a00000, 0x0000000683c00000, 0x0000000683c00000|100%|HC|  |TAMS 0x0000000683c00000, 0x0000000683c00000| Untracked 
|1054|0x0000000683c00000, 0x0000000683e00000, 0x0000000683e00000|100%|HS|  |TAMS 0x0000000683e00000, 0x0000000683e00000| Untracked 
|1055|0x0000000683e00000, 0x0000000684000000, 0x0000000684000000|100%|HC|  |TAMS 0x0000000684000000, 0x0000000684000000| Untracked 
|1056|0x0000000684000000, 0x0000000684200000, 0x0000000684200000|100%|HC|  |TAMS 0x0000000684200000, 0x0000000684200000| Untracked 
|1057|0x0000000684200000, 0x0000000684400000, 0x0000000684400000|100%|HC|  |TAMS 0x0000000684400000, 0x0000000684400000| Untracked 
|1058|0x0000000684400000, 0x0000000684600000, 0x0000000684600000|100%|HC|  |TAMS 0x0000000684600000, 0x0000000684600000| Untracked 
|1059|0x0000000684600000, 0x0000000684800000, 0x0000000684800000|100%|HS|  |TAMS 0x0000000684800000, 0x0000000684800000| Untracked 
|1060|0x0000000684800000, 0x0000000684a00000, 0x0000000684a00000|100%|HC|  |TAMS 0x0000000684a00000, 0x0000000684a00000| Untracked 
|1061|0x0000000684a00000, 0x0000000684c00000, 0x0000000684c00000|100%|HC|  |TAMS 0x0000000684c00000, 0x0000000684c00000| Untracked 
|1062|0x0000000684c00000, 0x0000000684e00000, 0x0000000684e00000|100%|HC|  |TAMS 0x0000000684e00000, 0x0000000684e00000| Untracked 
|1063|0x0000000684e00000, 0x0000000685000000, 0x0000000685000000|100%|HC|  |TAMS 0x0000000685000000, 0x0000000685000000| Untracked 
|1064|0x0000000685000000, 0x0000000685000000, 0x0000000685200000|  0%| F|  |TAMS 0x0000000685000000, 0x0000000685000000| Untracked 
|1065|0x0000000685200000, 0x0000000685200000, 0x0000000685400000|  0%| F|  |TAMS 0x0000000685200000, 0x0000000685200000| Untracked 
|1066|0x0000000685400000, 0x0000000685600000, 0x0000000685600000|100%| O|  |TAMS 0x0000000685600000, 0x0000000685600000| Untracked 
|1067|0x0000000685600000, 0x0000000685800000, 0x0000000685800000|100%| O|  |TAMS 0x0000000685800000, 0x0000000685800000| Untracked 
|1068|0x0000000685800000, 0x0000000685a00000, 0x0000000685a00000|100%| O|  |TAMS 0x0000000685a00000, 0x0000000685a00000| Untracked 
|1069|0x0000000685a00000, 0x0000000685c00000, 0x0000000685c00000|100%| O|  |TAMS 0x0000000685c00000, 0x0000000685c00000| Untracked 
|1070|0x0000000685c00000, 0x0000000685e00000, 0x0000000685e00000|100%| O|  |TAMS 0x0000000685e00000, 0x0000000685e00000| Untracked 
|1071|0x0000000685e00000, 0x0000000686000000, 0x0000000686000000|100%| O|  |TAMS 0x0000000686000000, 0x0000000686000000| Untracked 
|1072|0x0000000686000000, 0x0000000686200000, 0x0000000686200000|100%| O|  |TAMS 0x0000000686200000, 0x0000000686200000| Untracked 
|1073|0x0000000686200000, 0x0000000686400000, 0x0000000686400000|100%| O|  |TAMS 0x0000000686400000, 0x0000000686400000| Untracked 
|1074|0x0000000686400000, 0x0000000686600000, 0x0000000686600000|100%| O|  |TAMS 0x0000000686600000, 0x0000000686600000| Untracked 
|1075|0x0000000686600000, 0x0000000686800000, 0x0000000686800000|100%| O|  |TAMS 0x0000000686800000, 0x0000000686800000| Untracked 
|1076|0x0000000686800000, 0x0000000686800000, 0x0000000686a00000|  0%| F|  |TAMS 0x0000000686800000, 0x0000000686800000| Untracked 
|1077|0x0000000686a00000, 0x0000000686c00000, 0x0000000686c00000|100%| O|  |TAMS 0x0000000686a00000, 0x0000000686c00000| Untracked 
|1078|0x0000000686c00000, 0x0000000686c00000, 0x0000000686e00000|  0%| F|  |TAMS 0x0000000686c00000, 0x0000000686c00000| Untracked 
|1079|0x0000000686e00000, 0x0000000686e00000, 0x0000000687000000|  0%| F|  |TAMS 0x0000000686e00000, 0x0000000686e00000| Untracked 
|1080|0x0000000687000000, 0x0000000687200000, 0x0000000687200000|100%| O|  |TAMS 0x0000000687000000, 0x0000000687200000| Untracked 
|1081|0x0000000687200000, 0x0000000687200000, 0x0000000687400000|  0%| F|  |TAMS 0x0000000687200000, 0x0000000687200000| Untracked 
|1082|0x0000000687400000, 0x0000000687400000, 0x0000000687600000|  0%| F|  |TAMS 0x0000000687400000, 0x0000000687400000| Untracked 
|1083|0x0000000687600000, 0x0000000687800000, 0x0000000687800000|100%|HS|  |TAMS 0x0000000687600000, 0x0000000687800000| Complete 
|1084|0x0000000687800000, 0x0000000687a00000, 0x0000000687a00000|100%| O|  |TAMS 0x0000000687a00000, 0x0000000687a00000| Untracked 
|1085|0x0000000687a00000, 0x0000000687c00000, 0x0000000687c00000|100%|HS|  |TAMS 0x0000000687c00000, 0x0000000687c00000| Untracked 
|1086|0x0000000687c00000, 0x0000000687e00000, 0x0000000687e00000|100%|HC|  |TAMS 0x0000000687e00000, 0x0000000687e00000| Untracked 
|1087|0x0000000687e00000, 0x0000000688000000, 0x0000000688000000|100%|HC|  |TAMS 0x0000000688000000, 0x0000000688000000| Untracked 
|1088|0x0000000688000000, 0x0000000688200000, 0x0000000688200000|100%|HC|  |TAMS 0x0000000688200000, 0x0000000688200000| Untracked 
|1089|0x0000000688200000, 0x0000000688400000, 0x0000000688400000|100%|HC|  |TAMS 0x0000000688400000, 0x0000000688400000| Untracked 
|1090|0x0000000688400000, 0x0000000688400000, 0x0000000688600000|  0%| F|  |TAMS 0x0000000688400000, 0x0000000688400000| Untracked 
|1091|0x0000000688600000, 0x0000000688800000, 0x0000000688800000|100%|HS|  |TAMS 0x0000000688600000, 0x0000000688800000| Complete 
|1092|0x0000000688800000, 0x0000000688800000, 0x0000000688a00000|  0%| F|  |TAMS 0x0000000688800000, 0x0000000688800000| Untracked 
|1093|0x0000000688a00000, 0x0000000688c00000, 0x0000000688c00000|100%|HS|  |TAMS 0x0000000688a00000, 0x0000000688c00000| Complete 
|1094|0x0000000688c00000, 0x0000000688e00000, 0x0000000688e00000|100%|HS|  |TAMS 0x0000000688e00000, 0x0000000688e00000| Untracked 
|1095|0x0000000688e00000, 0x0000000689000000, 0x0000000689000000|100%|HC|  |TAMS 0x0000000689000000, 0x0000000689000000| Untracked 
|1096|0x0000000689000000, 0x0000000689200000, 0x0000000689200000|100%|HC|  |TAMS 0x0000000689200000, 0x0000000689200000| Untracked 
|1097|0x0000000689200000, 0x0000000689400000, 0x0000000689400000|100%|HC|  |TAMS 0x0000000689400000, 0x0000000689400000| Untracked 
|1098|0x0000000689400000, 0x0000000689600000, 0x0000000689600000|100%|HC|  |TAMS 0x0000000689600000, 0x0000000689600000| Untracked 
|1099|0x0000000689600000, 0x0000000689800000, 0x0000000689800000|100%|HS|  |TAMS 0x0000000689800000, 0x0000000689800000| Untracked 
|1100|0x0000000689800000, 0x0000000689a00000, 0x0000000689a00000|100%|HC|  |TAMS 0x0000000689a00000, 0x0000000689a00000| Untracked 
|1101|0x0000000689a00000, 0x0000000689c00000, 0x0000000689c00000|100%|HC|  |TAMS 0x0000000689c00000, 0x0000000689c00000| Untracked 
|1102|0x0000000689c00000, 0x0000000689e00000, 0x0000000689e00000|100%|HC|  |TAMS 0x0000000689e00000, 0x0000000689e00000| Untracked 
|1103|0x0000000689e00000, 0x000000068a000000, 0x000000068a000000|100%|HC|  |TAMS 0x000000068a000000, 0x000000068a000000| Untracked 
|1104|0x000000068a000000, 0x000000068a200000, 0x000000068a200000|100%|HS|  |TAMS 0x000000068a200000, 0x000000068a200000| Complete 
|1105|0x000000068a200000, 0x000000068a400000, 0x000000068a400000|100%|HC|  |TAMS 0x000000068a400000, 0x000000068a400000| Complete 
|1106|0x000000068a400000, 0x000000068a600000, 0x000000068a600000|100%|HC|  |TAMS 0x000000068a600000, 0x000000068a600000| Complete 
|1107|0x000000068a600000, 0x000000068a800000, 0x000000068a800000|100%|HC|  |TAMS 0x000000068a800000, 0x000000068a800000| Complete 
|1108|0x000000068a800000, 0x000000068aa00000, 0x000000068aa00000|100%|HC|  |TAMS 0x000000068aa00000, 0x000000068aa00000| Complete 
|1109|0x000000068aa00000, 0x000000068ac00000, 0x000000068ac00000|100%|HS|  |TAMS 0x000000068ac00000, 0x000000068ac00000| Untracked 
|1110|0x000000068ac00000, 0x000000068ae00000, 0x000000068ae00000|100%|HC|  |TAMS 0x000000068ae00000, 0x000000068ae00000| Untracked 
|1111|0x000000068ae00000, 0x000000068b000000, 0x000000068b000000|100%|HC|  |TAMS 0x000000068b000000, 0x000000068b000000| Untracked 
|1112|0x000000068b000000, 0x000000068b200000, 0x000000068b200000|100%|HC|  |TAMS 0x000000068b200000, 0x000000068b200000| Untracked 
|1113|0x000000068b200000, 0x000000068b400000, 0x000000068b400000|100%|HC|  |TAMS 0x000000068b400000, 0x000000068b400000| Untracked 
|1114|0x000000068b400000, 0x000000068b600000, 0x000000068b600000|100%|HS|  |TAMS 0x000000068b400000, 0x000000068b600000| Complete 
|1115|0x000000068b600000, 0x000000068b800000, 0x000000068b800000|100%| O|  |TAMS 0x000000068b800000, 0x000000068b800000| Untracked 
|1116|0x000000068b800000, 0x000000068ba00000, 0x000000068ba00000|100%|HS|  |TAMS 0x000000068ba00000, 0x000000068ba00000| Untracked 
|1117|0x000000068ba00000, 0x000000068bc00000, 0x000000068bc00000|100%|HC|  |TAMS 0x000000068bc00000, 0x000000068bc00000| Untracked 
|1118|0x000000068bc00000, 0x000000068be00000, 0x000000068be00000|100%|HC|  |TAMS 0x000000068be00000, 0x000000068be00000| Untracked 
|1119|0x000000068be00000, 0x000000068c000000, 0x000000068c000000|100%|HC|  |TAMS 0x000000068c000000, 0x000000068c000000| Untracked 
|1120|0x000000068c000000, 0x000000068c200000, 0x000000068c200000|100%|HC|  |TAMS 0x000000068c200000, 0x000000068c200000| Untracked 
|1121|0x000000068c200000, 0x000000068c200000, 0x000000068c400000|  0%| F|  |TAMS 0x000000068c200000, 0x000000068c200000| Untracked 
|1122|0x000000068c400000, 0x000000068c400000, 0x000000068c600000|  0%| F|  |TAMS 0x000000068c400000, 0x000000068c400000| Untracked 
|1123|0x000000068c600000, 0x000000068c800000, 0x000000068c800000|100%| O|  |TAMS 0x000000068c800000, 0x000000068c800000| Untracked 
|1124|0x000000068c800000, 0x000000068ca00000, 0x000000068ca00000|100%|HS|  |TAMS 0x000000068c800000, 0x000000068ca00000| Complete 
|1125|0x000000068ca00000, 0x000000068cc00000, 0x000000068cc00000|100%| O|  |TAMS 0x000000068cc00000, 0x000000068cc00000| Untracked 
|1126|0x000000068cc00000, 0x000000068ce00000, 0x000000068ce00000|100%|HS|  |TAMS 0x000000068cc00000, 0x000000068ce00000| Complete 
|1127|0x000000068ce00000, 0x000000068d000000, 0x000000068d000000|100%| O|  |TAMS 0x000000068d000000, 0x000000068d000000| Untracked 
|1128|0x000000068d000000, 0x000000068d200000, 0x000000068d200000|100%| O|  |TAMS 0x000000068d200000, 0x000000068d200000| Untracked 
|1129|0x000000068d200000, 0x000000068d400000, 0x000000068d400000|100%| O|  |TAMS 0x000000068d400000, 0x000000068d400000| Untracked 
|1130|0x000000068d400000, 0x000000068d400000, 0x000000068d600000|  0%| F|  |TAMS 0x000000068d400000, 0x000000068d400000| Untracked 
|1131|0x000000068d600000, 0x000000068d600000, 0x000000068d800000|  0%| F|  |TAMS 0x000000068d600000, 0x000000068d600000| Untracked 
|1132|0x000000068d800000, 0x000000068d800000, 0x000000068da00000|  0%| F|  |TAMS 0x000000068d800000, 0x000000068d800000| Untracked 
|1133|0x000000068da00000, 0x000000068da00000, 0x000000068dc00000|  0%| F|  |TAMS 0x000000068da00000, 0x000000068da00000| Untracked 
|1134|0x000000068dc00000, 0x000000068de00000, 0x000000068de00000|100%|HS|  |TAMS 0x000000068dc00000, 0x000000068de00000| Complete 
|1135|0x000000068de00000, 0x000000068e000000, 0x000000068e000000|100%|HS|  |TAMS 0x000000068de00000, 0x000000068e000000| Complete 
|1136|0x000000068e000000, 0x000000068e200000, 0x000000068e200000|100%|HS|  |TAMS 0x000000068e000000, 0x000000068e200000| Complete 
|1137|0x000000068e200000, 0x000000068e200000, 0x000000068e400000|  0%| F|  |TAMS 0x000000068e200000, 0x000000068e200000| Untracked 
|1138|0x000000068e400000, 0x000000068e600000, 0x000000068e600000|100%|HS|  |TAMS 0x000000068e400000, 0x000000068e600000| Complete 
|1139|0x000000068e600000, 0x000000068e800000, 0x000000068e800000|100%|HS|  |TAMS 0x000000068e600000, 0x000000068e800000| Complete 
|1140|0x000000068e800000, 0x000000068ea00000, 0x000000068ea00000|100%|HS|  |TAMS 0x000000068ea00000, 0x000000068ea00000| Untracked 
|1141|0x000000068ea00000, 0x000000068ec00000, 0x000000068ec00000|100%|HC|  |TAMS 0x000000068ec00000, 0x000000068ec00000| Untracked 
|1142|0x000000068ec00000, 0x000000068ee00000, 0x000000068ee00000|100%|HC|  |TAMS 0x000000068ee00000, 0x000000068ee00000| Untracked 
|1143|0x000000068ee00000, 0x000000068f000000, 0x000000068f000000|100%|HC|  |TAMS 0x000000068f000000, 0x000000068f000000| Untracked 
|1144|0x000000068f000000, 0x000000068f200000, 0x000000068f200000|100%|HC|  |TAMS 0x000000068f200000, 0x000000068f200000| Untracked 
|1145|0x000000068f200000, 0x000000068f200000, 0x000000068f400000|  0%| F|  |TAMS 0x000000068f200000, 0x000000068f200000| Untracked 
|1146|0x000000068f400000, 0x000000068f400000, 0x000000068f600000|  0%| F|  |TAMS 0x000000068f400000, 0x000000068f400000| Untracked 
|1147|0x000000068f600000, 0x000000068f800000, 0x000000068f800000|100%| O|  |TAMS 0x000000068f800000, 0x000000068f800000| Untracked 
|1148|0x000000068f800000, 0x000000068fa00000, 0x000000068fa00000|100%| O|  |TAMS 0x000000068fa00000, 0x000000068fa00000| Untracked 
|1149|0x000000068fa00000, 0x000000068fc00000, 0x000000068fc00000|100%| O|  |TAMS 0x000000068fc00000, 0x000000068fc00000| Untracked 
|1150|0x000000068fc00000, 0x000000068fe00000, 0x000000068fe00000|100%| O|  |TAMS 0x000000068fe00000, 0x000000068fe00000| Untracked 
|1151|0x000000068fe00000, 0x0000000690000000, 0x0000000690000000|100%| O|  |TAMS 0x0000000690000000, 0x0000000690000000| Untracked 
|1152|0x0000000690000000, 0x0000000690200000, 0x0000000690200000|100%| O|  |TAMS 0x0000000690200000, 0x0000000690200000| Untracked 
|1153|0x0000000690200000, 0x0000000690400000, 0x0000000690400000|100%| O|  |TAMS 0x0000000690200000, 0x0000000690400000| Untracked 
|1154|0x0000000690400000, 0x0000000690600000, 0x0000000690600000|100%| O|  |TAMS 0x0000000690400000, 0x0000000690600000| Untracked 
|1155|0x0000000690600000, 0x0000000690800000, 0x0000000690800000|100%| O|  |TAMS 0x0000000690600000, 0x0000000690800000| Untracked 
|1156|0x0000000690800000, 0x0000000690a00000, 0x0000000690a00000|100%| O|  |TAMS 0x0000000690800000, 0x0000000690a00000| Untracked 
|1157|0x0000000690a00000, 0x0000000690c00000, 0x0000000690c00000|100%| O|  |TAMS 0x0000000690a00000, 0x0000000690c00000| Untracked 
|1158|0x0000000690c00000, 0x0000000690e00000, 0x0000000690e00000|100%| O|  |TAMS 0x0000000690c00000, 0x0000000690e00000| Untracked 
|1159|0x0000000690e00000, 0x0000000691000000, 0x0000000691000000|100%| O|  |TAMS 0x0000000690e00000, 0x0000000691000000| Untracked 
|1160|0x0000000691000000, 0x0000000691200000, 0x0000000691200000|100%| O|  |TAMS 0x0000000691000000, 0x0000000691200000| Untracked 
|1161|0x0000000691200000, 0x0000000691400000, 0x0000000691400000|100%| O|  |TAMS 0x0000000691200000, 0x0000000691400000| Untracked 
|1162|0x0000000691400000, 0x0000000691600000, 0x0000000691600000|100%| O|  |TAMS 0x0000000691400000, 0x0000000691600000| Untracked 
|1163|0x0000000691600000, 0x0000000691800000, 0x0000000691800000|100%| O|  |TAMS 0x0000000691600000, 0x0000000691800000| Untracked 
|1164|0x0000000691800000, 0x0000000691a00000, 0x0000000691a00000|100%| O|  |TAMS 0x0000000691800000, 0x0000000691a00000| Untracked 
|1165|0x0000000691a00000, 0x0000000691c00000, 0x0000000691c00000|100%| O|  |TAMS 0x0000000691a00000, 0x0000000691c00000| Untracked 
|1166|0x0000000691c00000, 0x0000000691e00000, 0x0000000691e00000|100%| O|  |TAMS 0x0000000691c00000, 0x0000000691e00000| Untracked 
|1167|0x0000000691e00000, 0x0000000692000000, 0x0000000692000000|100%| O|  |TAMS 0x0000000691e00000, 0x0000000692000000| Untracked 
|1168|0x0000000692000000, 0x0000000692200000, 0x0000000692200000|100%|HS|  |TAMS 0x0000000692200000, 0x0000000692200000| Untracked 
|1169|0x0000000692200000, 0x0000000692400000, 0x0000000692400000|100%|HC|  |TAMS 0x0000000692400000, 0x0000000692400000| Untracked 
|1170|0x0000000692400000, 0x0000000692600000, 0x0000000692600000|100%|HC|  |TAMS 0x0000000692600000, 0x0000000692600000| Untracked 
|1171|0x0000000692600000, 0x0000000692800000, 0x0000000692800000|100%|HC|  |TAMS 0x0000000692800000, 0x0000000692800000| Untracked 
|1172|0x0000000692800000, 0x0000000692a00000, 0x0000000692a00000|100%|HC|  |TAMS 0x0000000692a00000, 0x0000000692a00000| Untracked 
|1173|0x0000000692a00000, 0x0000000692c00000, 0x0000000692c00000|100%| O|  |TAMS 0x0000000692a00000, 0x0000000692c00000| Untracked 
|1174|0x0000000692c00000, 0x0000000692e00000, 0x0000000692e00000|100%| O|  |TAMS 0x0000000692c00000, 0x0000000692e00000| Untracked 
|1175|0x0000000692e00000, 0x0000000693000000, 0x0000000693000000|100%| O|  |TAMS 0x0000000692e00000, 0x0000000693000000| Untracked 
|1176|0x0000000693000000, 0x0000000693200000, 0x0000000693200000|100%| O|  |TAMS 0x0000000693000000, 0x0000000693200000| Untracked 
|1177|0x0000000693200000, 0x0000000693400000, 0x0000000693400000|100%| O|  |TAMS 0x0000000693200000, 0x0000000693400000| Untracked 
|1178|0x0000000693400000, 0x0000000693600000, 0x0000000693600000|100%| O|  |TAMS 0x0000000693400000, 0x0000000693600000| Untracked 
|1179|0x0000000693600000, 0x0000000693800000, 0x0000000693800000|100%| O|  |TAMS 0x0000000693600000, 0x0000000693800000| Untracked 
|1180|0x0000000693800000, 0x0000000693a00000, 0x0000000693a00000|100%| O|  |TAMS 0x0000000693a00000, 0x0000000693a00000| Untracked 
|1181|0x0000000693a00000, 0x0000000693c00000, 0x0000000693c00000|100%|HS|  |TAMS 0x0000000693c00000, 0x0000000693c00000| Untracked 
|1182|0x0000000693c00000, 0x0000000693e00000, 0x0000000693e00000|100%|HC|  |TAMS 0x0000000693e00000, 0x0000000693e00000| Untracked 
|1183|0x0000000693e00000, 0x0000000694000000, 0x0000000694000000|100%|HC|  |TAMS 0x0000000694000000, 0x0000000694000000| Untracked 
|1184|0x0000000694000000, 0x0000000694200000, 0x0000000694200000|100%|HC|  |TAMS 0x0000000694200000, 0x0000000694200000| Untracked 
|1185|0x0000000694200000, 0x0000000694400000, 0x0000000694400000|100%|HC|  |TAMS 0x0000000694400000, 0x0000000694400000| Untracked 
|1186|0x0000000694400000, 0x0000000694600000, 0x0000000694600000|100%|HS|  |TAMS 0x0000000694600000, 0x0000000694600000| Untracked 
|1187|0x0000000694600000, 0x0000000694800000, 0x0000000694800000|100%|HC|  |TAMS 0x0000000694800000, 0x0000000694800000| Untracked 
|1188|0x0000000694800000, 0x0000000694a00000, 0x0000000694a00000|100%|HC|  |TAMS 0x0000000694a00000, 0x0000000694a00000| Untracked 
|1189|0x0000000694a00000, 0x0000000694c00000, 0x0000000694c00000|100%|HC|  |TAMS 0x0000000694c00000, 0x0000000694c00000| Untracked 
|1190|0x0000000694c00000, 0x0000000694e00000, 0x0000000694e00000|100%|HC|  |TAMS 0x0000000694e00000, 0x0000000694e00000| Untracked 
|1191|0x0000000694e00000, 0x0000000695000000, 0x0000000695000000|100%| O|  |TAMS 0x0000000694e00000, 0x0000000695000000| Untracked 
|1192|0x0000000695000000, 0x0000000695200000, 0x0000000695200000|100%| O|  |TAMS 0x0000000695000000, 0x0000000695200000| Untracked 
|1193|0x0000000695200000, 0x0000000695400000, 0x0000000695400000|100%| O|  |TAMS 0x0000000695200000, 0x0000000695400000| Untracked 
|1194|0x0000000695400000, 0x0000000695600000, 0x0000000695600000|100%| O|  |TAMS 0x0000000695400000, 0x0000000695600000| Untracked 
|1195|0x0000000695600000, 0x0000000695800000, 0x0000000695800000|100%| O|  |TAMS 0x0000000695600000, 0x0000000695800000| Untracked 
|1196|0x0000000695800000, 0x0000000695a00000, 0x0000000695a00000|100%| O|  |TAMS 0x0000000695800000, 0x0000000695a00000| Untracked 
|1197|0x0000000695a00000, 0x0000000695c00000, 0x0000000695c00000|100%|HS|  |TAMS 0x0000000695a00000, 0x0000000695c00000| Complete 
|1198|0x0000000695c00000, 0x0000000695e00000, 0x0000000695e00000|100%| O|  |TAMS 0x0000000695c00000, 0x0000000695e00000| Untracked 
|1199|0x0000000695e00000, 0x0000000696000000, 0x0000000696000000|100%| O|  |TAMS 0x0000000695e00000, 0x0000000696000000| Untracked 
|1200|0x0000000696000000, 0x0000000696154a00, 0x0000000696200000| 66%| O|  |TAMS 0x0000000696000000, 0x0000000696154a00| Untracked 
|1201|0x0000000696200000, 0x0000000696400000, 0x0000000696400000|100%|HS|  |TAMS 0x0000000696400000, 0x0000000696400000| Untracked 
|1202|0x0000000696400000, 0x0000000696600000, 0x0000000696600000|100%|HC|  |TAMS 0x0000000696600000, 0x0000000696600000| Untracked 
|1203|0x0000000696600000, 0x0000000696800000, 0x0000000696800000|100%|HC|  |TAMS 0x0000000696800000, 0x0000000696800000| Untracked 
|1204|0x0000000696800000, 0x0000000696a00000, 0x0000000696a00000|100%|HC|  |TAMS 0x0000000696a00000, 0x0000000696a00000| Untracked 
|1205|0x0000000696a00000, 0x0000000696c00000, 0x0000000696c00000|100%|HC|  |TAMS 0x0000000696c00000, 0x0000000696c00000| Untracked 
|1206|0x0000000696c00000, 0x0000000696e00000, 0x0000000696e00000|100%|HS|  |TAMS 0x0000000696e00000, 0x0000000696e00000| Complete 
|1207|0x0000000696e00000, 0x0000000697000000, 0x0000000697000000|100%|HC|  |TAMS 0x0000000697000000, 0x0000000697000000| Complete 
|1208|0x0000000697000000, 0x0000000697200000, 0x0000000697200000|100%|HC|  |TAMS 0x0000000697200000, 0x0000000697200000| Complete 
|1209|0x0000000697200000, 0x0000000697400000, 0x0000000697400000|100%|HC|  |TAMS 0x0000000697400000, 0x0000000697400000| Complete 
|1210|0x0000000697400000, 0x0000000697600000, 0x0000000697600000|100%|HC|  |TAMS 0x0000000697600000, 0x0000000697600000| Complete 
|1211|0x0000000697600000, 0x0000000697800000, 0x0000000697800000|100%|HS|  |TAMS 0x0000000697800000, 0x0000000697800000| Untracked 
|1212|0x0000000697800000, 0x0000000697a00000, 0x0000000697a00000|100%|HC|  |TAMS 0x0000000697a00000, 0x0000000697a00000| Untracked 
|1213|0x0000000697a00000, 0x0000000697c00000, 0x0000000697c00000|100%|HC|  |TAMS 0x0000000697c00000, 0x0000000697c00000| Untracked 
|1214|0x0000000697c00000, 0x0000000697e00000, 0x0000000697e00000|100%|HC|  |TAMS 0x0000000697e00000, 0x0000000697e00000| Untracked 
|1215|0x0000000697e00000, 0x0000000698000000, 0x0000000698000000|100%|HC|  |TAMS 0x0000000698000000, 0x0000000698000000| Untracked 
|1216|0x0000000698000000, 0x0000000698200000, 0x0000000698200000|100%|HS|  |TAMS 0x0000000698200000, 0x0000000698200000| Untracked 
|1217|0x0000000698200000, 0x0000000698400000, 0x0000000698400000|100%|HC|  |TAMS 0x0000000698400000, 0x0000000698400000| Untracked 
|1218|0x0000000698400000, 0x0000000698600000, 0x0000000698600000|100%|HC|  |TAMS 0x0000000698600000, 0x0000000698600000| Untracked 
|1219|0x0000000698600000, 0x0000000698800000, 0x0000000698800000|100%|HC|  |TAMS 0x0000000698800000, 0x0000000698800000| Untracked 
|1220|0x0000000698800000, 0x0000000698a00000, 0x0000000698a00000|100%|HC|  |TAMS 0x0000000698a00000, 0x0000000698a00000| Untracked 
|1221|0x0000000698a00000, 0x0000000698c00000, 0x0000000698c00000|100%|HS|  |TAMS 0x0000000698c00000, 0x0000000698c00000| Untracked 
|1222|0x0000000698c00000, 0x0000000698e00000, 0x0000000698e00000|100%|HC|  |TAMS 0x0000000698e00000, 0x0000000698e00000| Untracked 
|1223|0x0000000698e00000, 0x0000000699000000, 0x0000000699000000|100%|HC|  |TAMS 0x0000000699000000, 0x0000000699000000| Untracked 
|1224|0x0000000699000000, 0x0000000699200000, 0x0000000699200000|100%|HC|  |TAMS 0x0000000699200000, 0x0000000699200000| Untracked 
|1225|0x0000000699200000, 0x0000000699400000, 0x0000000699400000|100%|HC|  |TAMS 0x0000000699400000, 0x0000000699400000| Untracked 
|1226|0x0000000699400000, 0x0000000699600000, 0x0000000699600000|100%|HS|  |TAMS 0x0000000699400000, 0x0000000699600000| Untracked 
|1227|0x0000000699600000, 0x0000000699800000, 0x0000000699800000|100%|HC|  |TAMS 0x0000000699600000, 0x0000000699800000| Untracked 
|1228|0x0000000699800000, 0x0000000699a00000, 0x0000000699a00000|100%|HC|  |TAMS 0x0000000699800000, 0x0000000699a00000| Untracked 
|1229|0x0000000699a00000, 0x0000000699c00000, 0x0000000699c00000|100%|HC|  |TAMS 0x0000000699a00000, 0x0000000699c00000| Untracked 
|1230|0x0000000699c00000, 0x0000000699e00000, 0x0000000699e00000|100%|HC|  |TAMS 0x0000000699c00000, 0x0000000699e00000| Untracked 
|1231|0x0000000699e00000, 0x0000000699e00000, 0x000000069a000000|  0%| F|  |TAMS 0x0000000699e00000, 0x0000000699e00000| Untracked 
|1232|0x000000069a000000, 0x000000069a000000, 0x000000069a200000|  0%| F|  |TAMS 0x000000069a000000, 0x000000069a000000| Untracked 
|1233|0x000000069a200000, 0x000000069a200000, 0x000000069a400000|  0%| F|  |TAMS 0x000000069a200000, 0x000000069a200000| Untracked 
|1234|0x000000069a400000, 0x000000069a400000, 0x000000069a600000|  0%| F|  |TAMS 0x000000069a400000, 0x000000069a400000| Untracked 
|1235|0x000000069a600000, 0x000000069a800000, 0x000000069a800000|100%|HS|  |TAMS 0x000000069a600000, 0x000000069a800000| Complete 
|1236|0x000000069a800000, 0x000000069aa00000, 0x000000069aa00000|100%|HS|  |TAMS 0x000000069a800000, 0x000000069aa00000| Complete 
|1237|0x000000069aa00000, 0x000000069ac00000, 0x000000069ac00000|100%|HS|  |TAMS 0x000000069aa00000, 0x000000069ac00000| Complete 
|1238|0x000000069ac00000, 0x000000069ae00000, 0x000000069ae00000|100%|HS|  |TAMS 0x000000069ac00000, 0x000000069ae00000| Complete 
|1239|0x000000069ae00000, 0x000000069b000000, 0x000000069b000000|100%|HS|  |TAMS 0x000000069ae00000, 0x000000069b000000| Complete 
|1240|0x000000069b000000, 0x000000069b200000, 0x000000069b200000|100%|HS|  |TAMS 0x000000069b000000, 0x000000069b200000| Complete 
|1241|0x000000069b200000, 0x000000069b400000, 0x000000069b400000|100%|HS|  |TAMS 0x000000069b200000, 0x000000069b400000| Untracked 
|1242|0x000000069b400000, 0x000000069b600000, 0x000000069b600000|100%|HC|  |TAMS 0x000000069b400000, 0x000000069b600000| Untracked 
|1243|0x000000069b600000, 0x000000069b800000, 0x000000069b800000|100%|HC|  |TAMS 0x000000069b600000, 0x000000069b800000| Untracked 
|1244|0x000000069b800000, 0x000000069ba00000, 0x000000069ba00000|100%|HC|  |TAMS 0x000000069b800000, 0x000000069ba00000| Untracked 
|1245|0x000000069ba00000, 0x000000069bc00000, 0x000000069bc00000|100%|HC|  |TAMS 0x000000069ba00000, 0x000000069bc00000| Untracked 
|1246|0x000000069bc00000, 0x000000069be00000, 0x000000069be00000|100%|HS|  |TAMS 0x000000069bc00000, 0x000000069be00000| Untracked 
|1247|0x000000069be00000, 0x000000069c000000, 0x000000069c000000|100%|HC|  |TAMS 0x000000069be00000, 0x000000069c000000| Untracked 
|1248|0x000000069c000000, 0x000000069c200000, 0x000000069c200000|100%|HC|  |TAMS 0x000000069c000000, 0x000000069c200000| Untracked 
|1249|0x000000069c200000, 0x000000069c400000, 0x000000069c400000|100%|HC|  |TAMS 0x000000069c200000, 0x000000069c400000| Untracked 
|1250|0x000000069c400000, 0x000000069c600000, 0x000000069c600000|100%|HC|  |TAMS 0x000000069c400000, 0x000000069c600000| Untracked 
|1251|0x000000069c600000, 0x000000069c800000, 0x000000069c800000|100%|HS|  |TAMS 0x000000069c600000, 0x000000069c800000| Untracked 
|1252|0x000000069c800000, 0x000000069ca00000, 0x000000069ca00000|100%|HC|  |TAMS 0x000000069c800000, 0x000000069ca00000| Untracked 
|1253|0x000000069ca00000, 0x000000069cc00000, 0x000000069cc00000|100%|HC|  |TAMS 0x000000069ca00000, 0x000000069cc00000| Untracked 
|1254|0x000000069cc00000, 0x000000069ce00000, 0x000000069ce00000|100%|HC|  |TAMS 0x000000069cc00000, 0x000000069ce00000| Untracked 
|1255|0x000000069ce00000, 0x000000069d000000, 0x000000069d000000|100%|HC|  |TAMS 0x000000069ce00000, 0x000000069d000000| Untracked 
|1256|0x000000069d000000, 0x000000069d200000, 0x000000069d200000|100%|HS|  |TAMS 0x000000069d000000, 0x000000069d200000| Complete 
|1257|0x000000069d200000, 0x000000069d400000, 0x000000069d400000|100%|HC|  |TAMS 0x000000069d200000, 0x000000069d400000| Complete 
|1258|0x000000069d400000, 0x000000069d600000, 0x000000069d600000|100%|HC|  |TAMS 0x000000069d400000, 0x000000069d600000| Complete 
|1259|0x000000069d600000, 0x000000069d800000, 0x000000069d800000|100%|HC|  |TAMS 0x000000069d600000, 0x000000069d800000| Complete 
|1260|0x000000069d800000, 0x000000069da00000, 0x000000069da00000|100%|HC|  |TAMS 0x000000069d800000, 0x000000069da00000| Complete 
|1261|0x000000069da00000, 0x000000069dc00000, 0x000000069dc00000|100%|HS|  |TAMS 0x000000069da00000, 0x000000069dc00000| Complete 
|1262|0x000000069dc00000, 0x000000069de00000, 0x000000069de00000|100%|HS|  |TAMS 0x000000069dc00000, 0x000000069de00000| Complete 
|1263|0x000000069de00000, 0x000000069e000000, 0x000000069e000000|100%|HS|  |TAMS 0x000000069de00000, 0x000000069e000000| Complete 
|1264|0x000000069e000000, 0x000000069e200000, 0x000000069e200000|100%|HS|  |TAMS 0x000000069e000000, 0x000000069e200000| Complete 
|1265|0x000000069e200000, 0x000000069e400000, 0x000000069e400000|100%|HS|  |TAMS 0x000000069e200000, 0x000000069e400000| Complete 
|1266|0x000000069e400000, 0x000000069e600000, 0x000000069e600000|100%|HS|  |TAMS 0x000000069e400000, 0x000000069e600000| Untracked 
|1267|0x000000069e600000, 0x000000069e800000, 0x000000069e800000|100%|HC|  |TAMS 0x000000069e600000, 0x000000069e800000| Untracked 
|1268|0x000000069e800000, 0x000000069ea00000, 0x000000069ea00000|100%|HC|  |TAMS 0x000000069e800000, 0x000000069ea00000| Untracked 
|1269|0x000000069ea00000, 0x000000069ec00000, 0x000000069ec00000|100%|HC|  |TAMS 0x000000069ea00000, 0x000000069ec00000| Untracked 
|1270|0x000000069ec00000, 0x000000069ee00000, 0x000000069ee00000|100%|HC|  |TAMS 0x000000069ec00000, 0x000000069ee00000| Untracked 
|1271|0x000000069ee00000, 0x000000069f000000, 0x000000069f000000|100%|HS|  |TAMS 0x000000069ee00000, 0x000000069f000000| Untracked 
|1272|0x000000069f000000, 0x000000069f200000, 0x000000069f200000|100%|HC|  |TAMS 0x000000069f000000, 0x000000069f200000| Untracked 
|1273|0x000000069f200000, 0x000000069f400000, 0x000000069f400000|100%|HC|  |TAMS 0x000000069f200000, 0x000000069f400000| Untracked 
|1274|0x000000069f400000, 0x000000069f600000, 0x000000069f600000|100%|HC|  |TAMS 0x000000069f400000, 0x000000069f600000| Untracked 
|1275|0x000000069f600000, 0x000000069f800000, 0x000000069f800000|100%|HC|  |TAMS 0x000000069f600000, 0x000000069f800000| Untracked 
|1276|0x000000069f800000, 0x000000069fa00000, 0x000000069fa00000|100%|HS|  |TAMS 0x000000069f800000, 0x000000069fa00000| Untracked 
|1277|0x000000069fa00000, 0x000000069fc00000, 0x000000069fc00000|100%|HC|  |TAMS 0x000000069fa00000, 0x000000069fc00000| Untracked 
|1278|0x000000069fc00000, 0x000000069fe00000, 0x000000069fe00000|100%|HC|  |TAMS 0x000000069fc00000, 0x000000069fe00000| Untracked 
|1279|0x000000069fe00000, 0x00000006a0000000, 0x00000006a0000000|100%|HC|  |TAMS 0x000000069fe00000, 0x00000006a0000000| Untracked 
|1280|0x00000006a0000000, 0x00000006a0200000, 0x00000006a0200000|100%|HC|  |TAMS 0x00000006a0000000, 0x00000006a0200000| Untracked 
|1281|0x00000006a0200000, 0x00000006a0400000, 0x00000006a0400000|100%|HS|  |TAMS 0x00000006a0200000, 0x00000006a0400000| Complete 
|1282|0x00000006a0400000, 0x00000006a0600000, 0x00000006a0600000|100%|HS|  |TAMS 0x00000006a0400000, 0x00000006a0600000| Complete 
|1283|0x00000006a0600000, 0x00000006a0800000, 0x00000006a0800000|100%|HS|  |TAMS 0x00000006a0600000, 0x00000006a0800000| Complete 
|1284|0x00000006a0800000, 0x00000006a0a00000, 0x00000006a0a00000|100%|HS|  |TAMS 0x00000006a0800000, 0x00000006a0a00000| Complete 
|1285|0x00000006a0a00000, 0x00000006a0c00000, 0x00000006a0c00000|100%|HS|  |TAMS 0x00000006a0a00000, 0x00000006a0c00000| Complete 
|1286|0x00000006a0c00000, 0x00000006a0e00000, 0x00000006a0e00000|100%|HS|  |TAMS 0x00000006a0c00000, 0x00000006a0e00000| Complete 
|1287|0x00000006a0e00000, 0x00000006a1000000, 0x00000006a1000000|100%|HS|  |TAMS 0x00000006a0e00000, 0x00000006a1000000| Complete 
|1288|0x00000006a1000000, 0x00000006a1200000, 0x00000006a1200000|100%|HS|  |TAMS 0x00000006a1000000, 0x00000006a1200000| Complete 
|1289|0x00000006a1200000, 0x00000006a1200000, 0x00000006a1400000|  0%| F|  |TAMS 0x00000006a1200000, 0x00000006a1200000| Untracked 
|1290|0x00000006a1400000, 0x00000006a1400000, 0x00000006a1600000|  0%| F|  |TAMS 0x00000006a1400000, 0x00000006a1400000| Untracked 
|1291|0x00000006a1600000, 0x00000006a1800000, 0x00000006a1800000|100%|HS|  |TAMS 0x00000006a1600000, 0x00000006a1800000| Untracked 
|1292|0x00000006a1800000, 0x00000006a1a00000, 0x00000006a1a00000|100%|HC|  |TAMS 0x00000006a1800000, 0x00000006a1a00000| Untracked 
|1293|0x00000006a1a00000, 0x00000006a1c00000, 0x00000006a1c00000|100%|HC|  |TAMS 0x00000006a1a00000, 0x00000006a1c00000| Untracked 
|1294|0x00000006a1c00000, 0x00000006a1e00000, 0x00000006a1e00000|100%|HC|  |TAMS 0x00000006a1c00000, 0x00000006a1e00000| Untracked 
|1295|0x00000006a1e00000, 0x00000006a2000000, 0x00000006a2000000|100%|HC|  |TAMS 0x00000006a1e00000, 0x00000006a2000000| Untracked 
|1296|0x00000006a2000000, 0x00000006a2000000, 0x00000006a2200000|  0%| F|  |TAMS 0x00000006a2000000, 0x00000006a2000000| Untracked 
|1297|0x00000006a2200000, 0x00000006a2200000, 0x00000006a2400000|  0%| F|  |TAMS 0x00000006a2200000, 0x00000006a2200000| Untracked 
|1298|0x00000006a2400000, 0x00000006a2400000, 0x00000006a2600000|  0%| F|  |TAMS 0x00000006a2400000, 0x00000006a2400000| Untracked 
|1299|0x00000006a2600000, 0x00000006a2600000, 0x00000006a2800000|  0%| F|  |TAMS 0x00000006a2600000, 0x00000006a2600000| Untracked 
|1300|0x00000006a2800000, 0x00000006a2800000, 0x00000006a2a00000|  0%| F|  |TAMS 0x00000006a2800000, 0x00000006a2800000| Untracked 
|1301|0x00000006a2a00000, 0x00000006a2a00000, 0x00000006a2c00000|  0%| F|  |TAMS 0x00000006a2a00000, 0x00000006a2a00000| Untracked 
|1302|0x00000006a2c00000, 0x00000006a2c00000, 0x00000006a2e00000|  0%| F|  |TAMS 0x00000006a2c00000, 0x00000006a2c00000| Untracked 
|1303|0x00000006a2e00000, 0x00000006a2e00000, 0x00000006a3000000|  0%| F|  |TAMS 0x00000006a2e00000, 0x00000006a2e00000| Untracked 
|1304|0x00000006a3000000, 0x00000006a3000000, 0x00000006a3200000|  0%| F|  |TAMS 0x00000006a3000000, 0x00000006a3000000| Untracked 
|1305|0x00000006a3200000, 0x00000006a3200000, 0x00000006a3400000|  0%| F|  |TAMS 0x00000006a3200000, 0x00000006a3200000| Untracked 
|1306|0x00000006a3400000, 0x00000006a3400000, 0x00000006a3600000|  0%| F|  |TAMS 0x00000006a3400000, 0x00000006a3400000| Untracked 
|1307|0x00000006a3600000, 0x00000006a3600000, 0x00000006a3800000|  0%| F|  |TAMS 0x00000006a3600000, 0x00000006a3600000| Untracked 
|1308|0x00000006a3800000, 0x00000006a3800000, 0x00000006a3a00000|  0%| F|  |TAMS 0x00000006a3800000, 0x00000006a3800000| Untracked 
|1309|0x00000006a3a00000, 0x00000006a3a00000, 0x00000006a3c00000|  0%| F|  |TAMS 0x00000006a3a00000, 0x00000006a3a00000| Untracked 
|1310|0x00000006a3c00000, 0x00000006a3c00000, 0x00000006a3e00000|  0%| F|  |TAMS 0x00000006a3c00000, 0x00000006a3c00000| Untracked 
|1311|0x00000006a3e00000, 0x00000006a4000000, 0x00000006a4000000|100%|HS|  |TAMS 0x00000006a3e00000, 0x00000006a4000000| Untracked 
|1312|0x00000006a4000000, 0x00000006a4200000, 0x00000006a4200000|100%|HC|  |TAMS 0x00000006a4000000, 0x00000006a4200000| Untracked 
|1313|0x00000006a4200000, 0x00000006a4400000, 0x00000006a4400000|100%|HC|  |TAMS 0x00000006a4200000, 0x00000006a4400000| Untracked 
|1314|0x00000006a4400000, 0x00000006a4600000, 0x00000006a4600000|100%|HC|  |TAMS 0x00000006a4400000, 0x00000006a4600000| Untracked 
|1315|0x00000006a4600000, 0x00000006a4800000, 0x00000006a4800000|100%|HC|  |TAMS 0x00000006a4600000, 0x00000006a4800000| Untracked 
|1316|0x00000006a4800000, 0x00000006a4a00000, 0x00000006a4a00000|100%|HS|  |TAMS 0x00000006a4800000, 0x00000006a4a00000| Complete 
|1317|0x00000006a4a00000, 0x00000006a4c00000, 0x00000006a4c00000|100%|HC|  |TAMS 0x00000006a4a00000, 0x00000006a4c00000| Complete 
|1318|0x00000006a4c00000, 0x00000006a4e00000, 0x00000006a4e00000|100%|HC|  |TAMS 0x00000006a4c00000, 0x00000006a4e00000| Complete 
|1319|0x00000006a4e00000, 0x00000006a5000000, 0x00000006a5000000|100%|HC|  |TAMS 0x00000006a4e00000, 0x00000006a5000000| Complete 
|1320|0x00000006a5000000, 0x00000006a5200000, 0x00000006a5200000|100%|HC|  |TAMS 0x00000006a5000000, 0x00000006a5200000| Complete 
|1321|0x00000006a5200000, 0x00000006a5200000, 0x00000006a5400000|  0%| F|  |TAMS 0x00000006a5200000, 0x00000006a5200000| Untracked 
|1322|0x00000006a5400000, 0x00000006a5400000, 0x00000006a5600000|  0%| F|  |TAMS 0x00000006a5400000, 0x00000006a5400000| Untracked 
|1323|0x00000006a5600000, 0x00000006a5600000, 0x00000006a5800000|  0%| F|  |TAMS 0x00000006a5600000, 0x00000006a5600000| Untracked 
|1324|0x00000006a5800000, 0x00000006a5800000, 0x00000006a5a00000|  0%| F|  |TAMS 0x00000006a5800000, 0x00000006a5800000| Untracked 
|1325|0x00000006a5a00000, 0x00000006a5a00000, 0x00000006a5c00000|  0%| F|  |TAMS 0x00000006a5a00000, 0x00000006a5a00000| Untracked 
|1326|0x00000006a5c00000, 0x00000006a5c00000, 0x00000006a5e00000|  0%| F|  |TAMS 0x00000006a5c00000, 0x00000006a5c00000| Untracked 
|1327|0x00000006a5e00000, 0x00000006a5e00000, 0x00000006a6000000|  0%| F|  |TAMS 0x00000006a5e00000, 0x00000006a5e00000| Untracked 
|1328|0x00000006a6000000, 0x00000006a6000000, 0x00000006a6200000|  0%| F|  |TAMS 0x00000006a6000000, 0x00000006a6000000| Untracked 
|1329|0x00000006a6200000, 0x00000006a6200000, 0x00000006a6400000|  0%| F|  |TAMS 0x00000006a6200000, 0x00000006a6200000| Untracked 
|1330|0x00000006a6400000, 0x00000006a6400000, 0x00000006a6600000|  0%| F|  |TAMS 0x00000006a6400000, 0x00000006a6400000| Untracked 
|1331|0x00000006a6600000, 0x00000006a6600000, 0x00000006a6800000|  0%| F|  |TAMS 0x00000006a6600000, 0x00000006a6600000| Untracked 
|1332|0x00000006a6800000, 0x00000006a6800000, 0x00000006a6a00000|  0%| F|  |TAMS 0x00000006a6800000, 0x00000006a6800000| Untracked 
|1333|0x00000006a6a00000, 0x00000006a6a00000, 0x00000006a6c00000|  0%| F|  |TAMS 0x00000006a6a00000, 0x00000006a6a00000| Untracked 
|1334|0x00000006a6c00000, 0x00000006a6c00000, 0x00000006a6e00000|  0%| F|  |TAMS 0x00000006a6c00000, 0x00000006a6c00000| Untracked 
|1335|0x00000006a6e00000, 0x00000006a6e00000, 0x00000006a7000000|  0%| F|  |TAMS 0x00000006a6e00000, 0x00000006a6e00000| Untracked 
|1336|0x00000006a7000000, 0x00000006a7000000, 0x00000006a7200000|  0%| F|  |TAMS 0x00000006a7000000, 0x00000006a7000000| Untracked 
|1337|0x00000006a7200000, 0x00000006a7400000, 0x00000006a7400000|100%|HS|  |TAMS 0x00000006a7200000, 0x00000006a7400000| Untracked 
|1338|0x00000006a7400000, 0x00000006a7600000, 0x00000006a7600000|100%|HC|  |TAMS 0x00000006a7400000, 0x00000006a7600000| Untracked 
|1339|0x00000006a7600000, 0x00000006a7800000, 0x00000006a7800000|100%|HC|  |TAMS 0x00000006a7600000, 0x00000006a7800000| Untracked 
|1340|0x00000006a7800000, 0x00000006a7a00000, 0x00000006a7a00000|100%|HC|  |TAMS 0x00000006a7800000, 0x00000006a7a00000| Untracked 
|1341|0x00000006a7a00000, 0x00000006a7c00000, 0x00000006a7c00000|100%|HC|  |TAMS 0x00000006a7a00000, 0x00000006a7c00000| Untracked 
|1342|0x00000006a7c00000, 0x00000006a7e00000, 0x00000006a7e00000|100%|HS|  |TAMS 0x00000006a7c00000, 0x00000006a7e00000| Untracked 
|1343|0x00000006a7e00000, 0x00000006a8000000, 0x00000006a8000000|100%|HC|  |TAMS 0x00000006a7e00000, 0x00000006a8000000| Untracked 
|1344|0x00000006a8000000, 0x00000006a8200000, 0x00000006a8200000|100%|HC|  |TAMS 0x00000006a8000000, 0x00000006a8200000| Untracked 
|1345|0x00000006a8200000, 0x00000006a8400000, 0x00000006a8400000|100%|HC|  |TAMS 0x00000006a8200000, 0x00000006a8400000| Untracked 
|1346|0x00000006a8400000, 0x00000006a8600000, 0x00000006a8600000|100%|HC|  |TAMS 0x00000006a8400000, 0x00000006a8600000| Untracked 
|1347|0x00000006a8600000, 0x00000006a8800000, 0x00000006a8800000|100%|HS|  |TAMS 0x00000006a8600000, 0x00000006a8800000| Untracked 
|1348|0x00000006a8800000, 0x00000006a8a00000, 0x00000006a8a00000|100%|HC|  |TAMS 0x00000006a8800000, 0x00000006a8a00000| Untracked 
|1349|0x00000006a8a00000, 0x00000006a8c00000, 0x00000006a8c00000|100%|HC|  |TAMS 0x00000006a8a00000, 0x00000006a8c00000| Untracked 
|1350|0x00000006a8c00000, 0x00000006a8e00000, 0x00000006a8e00000|100%|HC|  |TAMS 0x00000006a8c00000, 0x00000006a8e00000| Untracked 
|1351|0x00000006a8e00000, 0x00000006a9000000, 0x00000006a9000000|100%|HC|  |TAMS 0x00000006a8e00000, 0x00000006a9000000| Untracked 
|1352|0x00000006a9000000, 0x00000006a9200000, 0x00000006a9200000|100%|HS|  |TAMS 0x00000006a9000000, 0x00000006a9200000| Untracked 
|1353|0x00000006a9200000, 0x00000006a9400000, 0x00000006a9400000|100%|HC|  |TAMS 0x00000006a9200000, 0x00000006a9400000| Untracked 
|1354|0x00000006a9400000, 0x00000006a9600000, 0x00000006a9600000|100%|HC|  |TAMS 0x00000006a9400000, 0x00000006a9600000| Untracked 
|1355|0x00000006a9600000, 0x00000006a9800000, 0x00000006a9800000|100%|HC|  |TAMS 0x00000006a9600000, 0x00000006a9800000| Untracked 
|1356|0x00000006a9800000, 0x00000006a9a00000, 0x00000006a9a00000|100%|HC|  |TAMS 0x00000006a9800000, 0x00000006a9a00000| Untracked 
|1357|0x00000006a9a00000, 0x00000006a9c00000, 0x00000006a9c00000|100%|HS|  |TAMS 0x00000006a9a00000, 0x00000006a9c00000| Untracked 
|1358|0x00000006a9c00000, 0x00000006a9e00000, 0x00000006a9e00000|100%|HC|  |TAMS 0x00000006a9c00000, 0x00000006a9e00000| Untracked 
|1359|0x00000006a9e00000, 0x00000006aa000000, 0x00000006aa000000|100%|HC|  |TAMS 0x00000006a9e00000, 0x00000006aa000000| Untracked 
|1360|0x00000006aa000000, 0x00000006aa200000, 0x00000006aa200000|100%|HC|  |TAMS 0x00000006aa000000, 0x00000006aa200000| Untracked 
|1361|0x00000006aa200000, 0x00000006aa400000, 0x00000006aa400000|100%|HC|  |TAMS 0x00000006aa200000, 0x00000006aa400000| Untracked 
|1362|0x00000006aa400000, 0x00000006aa600000, 0x00000006aa600000|100%|HS|  |TAMS 0x00000006aa400000, 0x00000006aa600000| Untracked 
|1363|0x00000006aa600000, 0x00000006aa800000, 0x00000006aa800000|100%|HC|  |TAMS 0x00000006aa600000, 0x00000006aa800000| Untracked 
|1364|0x00000006aa800000, 0x00000006aaa00000, 0x00000006aaa00000|100%|HC|  |TAMS 0x00000006aa800000, 0x00000006aaa00000| Untracked 
|1365|0x00000006aaa00000, 0x00000006aac00000, 0x00000006aac00000|100%|HC|  |TAMS 0x00000006aaa00000, 0x00000006aac00000| Untracked 
|1366|0x00000006aac00000, 0x00000006aae00000, 0x00000006aae00000|100%|HC|  |TAMS 0x00000006aac00000, 0x00000006aae00000| Untracked 
|1367|0x00000006aae00000, 0x00000006ab000000, 0x00000006ab000000|100%|HS|  |TAMS 0x00000006aae00000, 0x00000006ab000000| Untracked 
|1368|0x00000006ab000000, 0x00000006ab200000, 0x00000006ab200000|100%|HC|  |TAMS 0x00000006ab000000, 0x00000006ab200000| Untracked 
|1369|0x00000006ab200000, 0x00000006ab400000, 0x00000006ab400000|100%|HC|  |TAMS 0x00000006ab200000, 0x00000006ab400000| Untracked 
|1370|0x00000006ab400000, 0x00000006ab600000, 0x00000006ab600000|100%|HC|  |TAMS 0x00000006ab400000, 0x00000006ab600000| Untracked 
|1371|0x00000006ab600000, 0x00000006ab800000, 0x00000006ab800000|100%|HC|  |TAMS 0x00000006ab600000, 0x00000006ab800000| Untracked 
|1372|0x00000006ab800000, 0x00000006aba00000, 0x00000006aba00000|100%|HS|  |TAMS 0x00000006ab800000, 0x00000006aba00000| Untracked 
|1373|0x00000006aba00000, 0x00000006abc00000, 0x00000006abc00000|100%|HC|  |TAMS 0x00000006aba00000, 0x00000006abc00000| Untracked 
|1374|0x00000006abc00000, 0x00000006abe00000, 0x00000006abe00000|100%|HC|  |TAMS 0x00000006abc00000, 0x00000006abe00000| Untracked 
|1375|0x00000006abe00000, 0x00000006ac000000, 0x00000006ac000000|100%|HC|  |TAMS 0x00000006abe00000, 0x00000006ac000000| Untracked 
|1376|0x00000006ac000000, 0x00000006ac200000, 0x00000006ac200000|100%|HC|  |TAMS 0x00000006ac000000, 0x00000006ac200000| Untracked 
|1377|0x00000006ac200000, 0x00000006ac400000, 0x00000006ac400000|100%|HS|  |TAMS 0x00000006ac200000, 0x00000006ac400000| Untracked 
|1378|0x00000006ac400000, 0x00000006ac600000, 0x00000006ac600000|100%|HC|  |TAMS 0x00000006ac400000, 0x00000006ac600000| Untracked 
|1379|0x00000006ac600000, 0x00000006ac800000, 0x00000006ac800000|100%|HC|  |TAMS 0x00000006ac600000, 0x00000006ac800000| Untracked 
|1380|0x00000006ac800000, 0x00000006aca00000, 0x00000006aca00000|100%|HC|  |TAMS 0x00000006ac800000, 0x00000006aca00000| Untracked 
|1381|0x00000006aca00000, 0x00000006acc00000, 0x00000006acc00000|100%|HC|  |TAMS 0x00000006aca00000, 0x00000006acc00000| Untracked 
|1382|0x00000006acc00000, 0x00000006ace00000, 0x00000006ace00000|100%|HS|  |TAMS 0x00000006acc00000, 0x00000006ace00000| Untracked 
|1383|0x00000006ace00000, 0x00000006ad000000, 0x00000006ad000000|100%|HC|  |TAMS 0x00000006ace00000, 0x00000006ad000000| Untracked 
|1384|0x00000006ad000000, 0x00000006ad200000, 0x00000006ad200000|100%|HC|  |TAMS 0x00000006ad000000, 0x00000006ad200000| Untracked 
|1385|0x00000006ad200000, 0x00000006ad400000, 0x00000006ad400000|100%|HC|  |TAMS 0x00000006ad200000, 0x00000006ad400000| Untracked 
|1386|0x00000006ad400000, 0x00000006ad600000, 0x00000006ad600000|100%|HC|  |TAMS 0x00000006ad400000, 0x00000006ad600000| Untracked 
|1387|0x00000006ad600000, 0x00000006ad600000, 0x00000006ad800000|  0%| F|  |TAMS 0x00000006ad600000, 0x00000006ad600000| Untracked 
|1388|0x00000006ad800000, 0x00000006ad800000, 0x00000006ada00000|  0%| F|  |TAMS 0x00000006ad800000, 0x00000006ad800000| Untracked 
|1389|0x00000006ada00000, 0x00000006ada00000, 0x00000006adc00000|  0%| F|  |TAMS 0x00000006ada00000, 0x00000006ada00000| Untracked 
|1390|0x00000006adc00000, 0x00000006ade00000, 0x00000006ade00000|100%| O|  |TAMS 0x00000006ade00000, 0x00000006ade00000| Untracked 
|1391|0x00000006ade00000, 0x00000006ae000000, 0x00000006ae000000|100%|HS|  |TAMS 0x00000006ade00000, 0x00000006ae000000| Untracked 
|1392|0x00000006ae000000, 0x00000006ae200000, 0x00000006ae200000|100%|HC|  |TAMS 0x00000006ae000000, 0x00000006ae200000| Untracked 
|1393|0x00000006ae200000, 0x00000006ae400000, 0x00000006ae400000|100%|HC|  |TAMS 0x00000006ae200000, 0x00000006ae400000| Untracked 
|1394|0x00000006ae400000, 0x00000006ae600000, 0x00000006ae600000|100%|HC|  |TAMS 0x00000006ae400000, 0x00000006ae600000| Untracked 
|1395|0x00000006ae600000, 0x00000006ae600000, 0x00000006ae800000|  0%| F|  |TAMS 0x00000006ae600000, 0x00000006ae600000| Untracked 
|1396|0x00000006ae800000, 0x00000006aea00000, 0x00000006aea00000|100%| O|  |TAMS 0x00000006aea00000, 0x00000006aea00000| Untracked 
|1397|0x00000006aea00000, 0x00000006aec00000, 0x00000006aec00000|100%|HS|  |TAMS 0x00000006aea00000, 0x00000006aec00000| Untracked 
|1398|0x00000006aec00000, 0x00000006aee00000, 0x00000006aee00000|100%|HC|  |TAMS 0x00000006aec00000, 0x00000006aee00000| Untracked 
|1399|0x00000006aee00000, 0x00000006af000000, 0x00000006af000000|100%|HC|  |TAMS 0x00000006aee00000, 0x00000006af000000| Untracked 
|1400|0x00000006af000000, 0x00000006af200000, 0x00000006af200000|100%|HC|  |TAMS 0x00000006af000000, 0x00000006af200000| Untracked 
|1401|0x00000006af200000, 0x00000006af400000, 0x00000006af400000|100%|HC|  |TAMS 0x00000006af200000, 0x00000006af400000| Untracked 
|1402|0x00000006af400000, 0x00000006af600000, 0x00000006af600000|100%|HS|  |TAMS 0x00000006af400000, 0x00000006af600000| Untracked 
|1403|0x00000006af600000, 0x00000006af800000, 0x00000006af800000|100%|HC|  |TAMS 0x00000006af600000, 0x00000006af800000| Untracked 
|1404|0x00000006af800000, 0x00000006afa00000, 0x00000006afa00000|100%|HC|  |TAMS 0x00000006af800000, 0x00000006afa00000| Untracked 
|1405|0x00000006afa00000, 0x00000006afc00000, 0x00000006afc00000|100%|HC|  |TAMS 0x00000006afa00000, 0x00000006afc00000| Untracked 
|1406|0x00000006afc00000, 0x00000006afe00000, 0x00000006afe00000|100%|HC|  |TAMS 0x00000006afc00000, 0x00000006afe00000| Untracked 
|1407|0x00000006afe00000, 0x00000006b0000000, 0x00000006b0000000|100%|HS|  |TAMS 0x00000006afe00000, 0x00000006b0000000| Untracked 
|1408|0x00000006b0000000, 0x00000006b0200000, 0x00000006b0200000|100%|HC|  |TAMS 0x00000006b0000000, 0x00000006b0200000| Untracked 
|1409|0x00000006b0200000, 0x00000006b0400000, 0x00000006b0400000|100%|HC|  |TAMS 0x00000006b0200000, 0x00000006b0400000| Untracked 
|1410|0x00000006b0400000, 0x00000006b0600000, 0x00000006b0600000|100%|HC|  |TAMS 0x00000006b0400000, 0x00000006b0600000| Untracked 
|1411|0x00000006b0600000, 0x00000006b0800000, 0x00000006b0800000|100%|HC|  |TAMS 0x00000006b0600000, 0x00000006b0800000| Untracked 
|1412|0x00000006b0800000, 0x00000006b0a00000, 0x00000006b0a00000|100%|HS|  |TAMS 0x00000006b0800000, 0x00000006b0a00000| Complete 
|1413|0x00000006b0a00000, 0x00000006b0c00000, 0x00000006b0c00000|100%|HC|  |TAMS 0x00000006b0a00000, 0x00000006b0c00000| Complete 
|1414|0x00000006b0c00000, 0x00000006b0e00000, 0x00000006b0e00000|100%|HC|  |TAMS 0x00000006b0c00000, 0x00000006b0e00000| Complete 
|1415|0x00000006b0e00000, 0x00000006b1000000, 0x00000006b1000000|100%|HC|  |TAMS 0x00000006b0e00000, 0x00000006b1000000| Complete 
|1416|0x00000006b1000000, 0x00000006b1200000, 0x00000006b1200000|100%|HC|  |TAMS 0x00000006b1000000, 0x00000006b1200000| Complete 
|1417|0x00000006b1200000, 0x00000006b1400000, 0x00000006b1400000|100%|HS|  |TAMS 0x00000006b1200000, 0x00000006b1400000| Untracked 
|1418|0x00000006b1400000, 0x00000006b1600000, 0x00000006b1600000|100%|HC|  |TAMS 0x00000006b1400000, 0x00000006b1600000| Untracked 
|1419|0x00000006b1600000, 0x00000006b1800000, 0x00000006b1800000|100%|HC|  |TAMS 0x00000006b1600000, 0x00000006b1800000| Untracked 
|1420|0x00000006b1800000, 0x00000006b1a00000, 0x00000006b1a00000|100%|HC|  |TAMS 0x00000006b1800000, 0x00000006b1a00000| Untracked 
|1421|0x00000006b1a00000, 0x00000006b1c00000, 0x00000006b1c00000|100%|HC|  |TAMS 0x00000006b1a00000, 0x00000006b1c00000| Untracked 
|1422|0x00000006b1c00000, 0x00000006b1e00000, 0x00000006b1e00000|100%|HS|  |TAMS 0x00000006b1c00000, 0x00000006b1e00000| Untracked 
|1423|0x00000006b1e00000, 0x00000006b2000000, 0x00000006b2000000|100%|HC|  |TAMS 0x00000006b1e00000, 0x00000006b2000000| Untracked 
|1424|0x00000006b2000000, 0x00000006b2200000, 0x00000006b2200000|100%|HC|  |TAMS 0x00000006b2000000, 0x00000006b2200000| Untracked 
|1425|0x00000006b2200000, 0x00000006b2400000, 0x00000006b2400000|100%|HC|  |TAMS 0x00000006b2200000, 0x00000006b2400000| Untracked 
|1426|0x00000006b2400000, 0x00000006b2600000, 0x00000006b2600000|100%|HC|  |TAMS 0x00000006b2400000, 0x00000006b2600000| Untracked 
|1427|0x00000006b2600000, 0x00000006b2800000, 0x00000006b2800000|100%|HS|  |TAMS 0x00000006b2600000, 0x00000006b2800000| Untracked 
|1428|0x00000006b2800000, 0x00000006b2a00000, 0x00000006b2a00000|100%|HC|  |TAMS 0x00000006b2800000, 0x00000006b2a00000| Untracked 
|1429|0x00000006b2a00000, 0x00000006b2c00000, 0x00000006b2c00000|100%|HC|  |TAMS 0x00000006b2a00000, 0x00000006b2c00000| Untracked 
|1430|0x00000006b2c00000, 0x00000006b2e00000, 0x00000006b2e00000|100%|HC|  |TAMS 0x00000006b2c00000, 0x00000006b2e00000| Untracked 
|1431|0x00000006b2e00000, 0x00000006b3000000, 0x00000006b3000000|100%|HC|  |TAMS 0x00000006b2e00000, 0x00000006b3000000| Untracked 
|1432|0x00000006b3000000, 0x00000006b3200000, 0x00000006b3200000|100%|HS|  |TAMS 0x00000006b3000000, 0x00000006b3200000| Untracked 
|1433|0x00000006b3200000, 0x00000006b3400000, 0x00000006b3400000|100%|HC|  |TAMS 0x00000006b3200000, 0x00000006b3400000| Untracked 
|1434|0x00000006b3400000, 0x00000006b3600000, 0x00000006b3600000|100%|HC|  |TAMS 0x00000006b3400000, 0x00000006b3600000| Untracked 
|1435|0x00000006b3600000, 0x00000006b3800000, 0x00000006b3800000|100%|HC|  |TAMS 0x00000006b3600000, 0x00000006b3800000| Untracked 
|1436|0x00000006b3800000, 0x00000006b3a00000, 0x00000006b3a00000|100%|HC|  |TAMS 0x00000006b3800000, 0x00000006b3a00000| Untracked 
|1437|0x00000006b3a00000, 0x00000006b3c00000, 0x00000006b3c00000|100%|HS|  |TAMS 0x00000006b3a00000, 0x00000006b3c00000| Untracked 
|1438|0x00000006b3c00000, 0x00000006b3e00000, 0x00000006b3e00000|100%|HC|  |TAMS 0x00000006b3c00000, 0x00000006b3e00000| Untracked 
|1439|0x00000006b3e00000, 0x00000006b4000000, 0x00000006b4000000|100%|HC|  |TAMS 0x00000006b3e00000, 0x00000006b4000000| Untracked 
|1440|0x00000006b4000000, 0x00000006b4200000, 0x00000006b4200000|100%|HC|  |TAMS 0x00000006b4000000, 0x00000006b4200000| Untracked 
|1441|0x00000006b4200000, 0x00000006b4400000, 0x00000006b4400000|100%|HC|  |TAMS 0x00000006b4200000, 0x00000006b4400000| Untracked 
|1442|0x00000006b4400000, 0x00000006b4600000, 0x00000006b4600000|100%|HS|  |TAMS 0x00000006b4400000, 0x00000006b4600000| Untracked 
|1443|0x00000006b4600000, 0x00000006b4800000, 0x00000006b4800000|100%|HC|  |TAMS 0x00000006b4600000, 0x00000006b4800000| Untracked 
|1444|0x00000006b4800000, 0x00000006b4a00000, 0x00000006b4a00000|100%|HC|  |TAMS 0x00000006b4800000, 0x00000006b4a00000| Untracked 
|1445|0x00000006b4a00000, 0x00000006b4c00000, 0x00000006b4c00000|100%|HC|  |TAMS 0x00000006b4a00000, 0x00000006b4c00000| Untracked 
|1446|0x00000006b4c00000, 0x00000006b4e00000, 0x00000006b4e00000|100%|HC|  |TAMS 0x00000006b4c00000, 0x00000006b4e00000| Untracked 
|1447|0x00000006b4e00000, 0x00000006b5000000, 0x00000006b5000000|100%|HS|  |TAMS 0x00000006b4e00000, 0x00000006b5000000| Untracked 
|1448|0x00000006b5000000, 0x00000006b5200000, 0x00000006b5200000|100%|HC|  |TAMS 0x00000006b5000000, 0x00000006b5200000| Untracked 
|1449|0x00000006b5200000, 0x00000006b5400000, 0x00000006b5400000|100%|HC|  |TAMS 0x00000006b5200000, 0x00000006b5400000| Untracked 
|1450|0x00000006b5400000, 0x00000006b5600000, 0x00000006b5600000|100%|HC|  |TAMS 0x00000006b5400000, 0x00000006b5600000| Untracked 
|1451|0x00000006b5600000, 0x00000006b5800000, 0x00000006b5800000|100%|HC|  |TAMS 0x00000006b5600000, 0x00000006b5800000| Untracked 
|1452|0x00000006b5800000, 0x00000006b5a00000, 0x00000006b5a00000|100%|HS|  |TAMS 0x00000006b5800000, 0x00000006b5a00000| Untracked 
|1453|0x00000006b5a00000, 0x00000006b5c00000, 0x00000006b5c00000|100%|HC|  |TAMS 0x00000006b5a00000, 0x00000006b5c00000| Untracked 
|1454|0x00000006b5c00000, 0x00000006b5e00000, 0x00000006b5e00000|100%|HC|  |TAMS 0x00000006b5c00000, 0x00000006b5e00000| Untracked 
|1455|0x00000006b5e00000, 0x00000006b6000000, 0x00000006b6000000|100%|HC|  |TAMS 0x00000006b5e00000, 0x00000006b6000000| Untracked 
|1456|0x00000006b6000000, 0x00000006b6200000, 0x00000006b6200000|100%|HC|  |TAMS 0x00000006b6000000, 0x00000006b6200000| Untracked 
|1457|0x00000006b6200000, 0x00000006b6400000, 0x00000006b6400000|100%|HS|  |TAMS 0x00000006b6200000, 0x00000006b6400000| Untracked 
|1458|0x00000006b6400000, 0x00000006b6600000, 0x00000006b6600000|100%|HC|  |TAMS 0x00000006b6400000, 0x00000006b6600000| Untracked 
|1459|0x00000006b6600000, 0x00000006b6800000, 0x00000006b6800000|100%|HC|  |TAMS 0x00000006b6600000, 0x00000006b6800000| Untracked 
|1460|0x00000006b6800000, 0x00000006b6a00000, 0x00000006b6a00000|100%|HC|  |TAMS 0x00000006b6800000, 0x00000006b6a00000| Untracked 
|1461|0x00000006b6a00000, 0x00000006b6c00000, 0x00000006b6c00000|100%|HC|  |TAMS 0x00000006b6a00000, 0x00000006b6c00000| Untracked 
|1462|0x00000006b6c00000, 0x00000006b6e00000, 0x00000006b6e00000|100%|HS|  |TAMS 0x00000006b6c00000, 0x00000006b6e00000| Untracked 
|1463|0x00000006b6e00000, 0x00000006b7000000, 0x00000006b7000000|100%|HC|  |TAMS 0x00000006b6e00000, 0x00000006b7000000| Untracked 
|1464|0x00000006b7000000, 0x00000006b7200000, 0x00000006b7200000|100%|HC|  |TAMS 0x00000006b7000000, 0x00000006b7200000| Untracked 
|1465|0x00000006b7200000, 0x00000006b7400000, 0x00000006b7400000|100%|HC|  |TAMS 0x00000006b7200000, 0x00000006b7400000| Untracked 
|1466|0x00000006b7400000, 0x00000006b7600000, 0x00000006b7600000|100%|HC|  |TAMS 0x00000006b7400000, 0x00000006b7600000| Untracked 
|1467|0x00000006b7600000, 0x00000006b7800000, 0x00000006b7800000|100%|HS|  |TAMS 0x00000006b7600000, 0x00000006b7800000| Untracked 
|1468|0x00000006b7800000, 0x00000006b7a00000, 0x00000006b7a00000|100%|HC|  |TAMS 0x00000006b7800000, 0x00000006b7a00000| Untracked 
|1469|0x00000006b7a00000, 0x00000006b7c00000, 0x00000006b7c00000|100%|HC|  |TAMS 0x00000006b7a00000, 0x00000006b7c00000| Untracked 
|1470|0x00000006b7c00000, 0x00000006b7e00000, 0x00000006b7e00000|100%|HC|  |TAMS 0x00000006b7c00000, 0x00000006b7e00000| Untracked 
|1471|0x00000006b7e00000, 0x00000006b8000000, 0x00000006b8000000|100%|HC|  |TAMS 0x00000006b7e00000, 0x00000006b8000000| Untracked 
|1472|0x00000006b8000000, 0x00000006b8200000, 0x00000006b8200000|100%|HS|  |TAMS 0x00000006b8000000, 0x00000006b8200000| Untracked 
|1473|0x00000006b8200000, 0x00000006b8400000, 0x00000006b8400000|100%|HC|  |TAMS 0x00000006b8200000, 0x00000006b8400000| Untracked 
|1474|0x00000006b8400000, 0x00000006b8600000, 0x00000006b8600000|100%|HC|  |TAMS 0x00000006b8400000, 0x00000006b8600000| Untracked 
|1475|0x00000006b8600000, 0x00000006b8800000, 0x00000006b8800000|100%|HC|  |TAMS 0x00000006b8600000, 0x00000006b8800000| Untracked 
|1476|0x00000006b8800000, 0x00000006b8a00000, 0x00000006b8a00000|100%|HS|  |TAMS 0x00000006b8800000, 0x00000006b8a00000| Complete 
|1477|0x00000006b8a00000, 0x00000006b8c00000, 0x00000006b8c00000|100%|HC|  |TAMS 0x00000006b8a00000, 0x00000006b8c00000| Complete 
|1478|0x00000006b8c00000, 0x00000006b8e00000, 0x00000006b8e00000|100%|HC|  |TAMS 0x00000006b8c00000, 0x00000006b8e00000| Complete 
|1479|0x00000006b8e00000, 0x00000006b9000000, 0x00000006b9000000|100%|HC|  |TAMS 0x00000006b8e00000, 0x00000006b9000000| Complete 
|1480|0x00000006b9000000, 0x00000006b9200000, 0x00000006b9200000|100%|HC|  |TAMS 0x00000006b9000000, 0x00000006b9200000| Complete 
|1481|0x00000006b9200000, 0x00000006b9400000, 0x00000006b9400000|100%|HS|  |TAMS 0x00000006b9200000, 0x00000006b9400000| Untracked 
|1482|0x00000006b9400000, 0x00000006b9600000, 0x00000006b9600000|100%|HC|  |TAMS 0x00000006b9400000, 0x00000006b9600000| Untracked 
|1483|0x00000006b9600000, 0x00000006b9800000, 0x00000006b9800000|100%|HC|  |TAMS 0x00000006b9600000, 0x00000006b9800000| Untracked 
|1484|0x00000006b9800000, 0x00000006b9a00000, 0x00000006b9a00000|100%|HC|  |TAMS 0x00000006b9800000, 0x00000006b9a00000| Untracked 
|1485|0x00000006b9a00000, 0x00000006b9c00000, 0x00000006b9c00000|100%|HC|  |TAMS 0x00000006b9a00000, 0x00000006b9c00000| Untracked 
|1486|0x00000006b9c00000, 0x00000006b9e00000, 0x00000006b9e00000|100%|HS|  |TAMS 0x00000006b9c00000, 0x00000006b9e00000| Untracked 
|1487|0x00000006b9e00000, 0x00000006ba000000, 0x00000006ba000000|100%|HC|  |TAMS 0x00000006b9e00000, 0x00000006ba000000| Untracked 
|1488|0x00000006ba000000, 0x00000006ba200000, 0x00000006ba200000|100%|HC|  |TAMS 0x00000006ba000000, 0x00000006ba200000| Untracked 
|1489|0x00000006ba200000, 0x00000006ba400000, 0x00000006ba400000|100%|HC|  |TAMS 0x00000006ba200000, 0x00000006ba400000| Untracked 
|1490|0x00000006ba400000, 0x00000006ba600000, 0x00000006ba600000|100%|HC|  |TAMS 0x00000006ba400000, 0x00000006ba600000| Untracked 
|1491|0x00000006ba600000, 0x00000006ba800000, 0x00000006ba800000|100%|HS|  |TAMS 0x00000006ba600000, 0x00000006ba800000| Untracked 
|1492|0x00000006ba800000, 0x00000006baa00000, 0x00000006baa00000|100%|HC|  |TAMS 0x00000006ba800000, 0x00000006baa00000| Untracked 
|1493|0x00000006baa00000, 0x00000006bac00000, 0x00000006bac00000|100%|HC|  |TAMS 0x00000006baa00000, 0x00000006bac00000| Untracked 
|1494|0x00000006bac00000, 0x00000006bae00000, 0x00000006bae00000|100%|HC|  |TAMS 0x00000006bac00000, 0x00000006bae00000| Untracked 
|1495|0x00000006bae00000, 0x00000006bb000000, 0x00000006bb000000|100%|HC|  |TAMS 0x00000006bae00000, 0x00000006bb000000| Untracked 
|1496|0x00000006bb000000, 0x00000006bb200000, 0x00000006bb200000|100%|HS|  |TAMS 0x00000006bb000000, 0x00000006bb200000| Untracked 
|1497|0x00000006bb200000, 0x00000006bb400000, 0x00000006bb400000|100%|HC|  |TAMS 0x00000006bb200000, 0x00000006bb400000| Untracked 
|1498|0x00000006bb400000, 0x00000006bb600000, 0x00000006bb600000|100%|HC|  |TAMS 0x00000006bb400000, 0x00000006bb600000| Untracked 
|1499|0x00000006bb600000, 0x00000006bb800000, 0x00000006bb800000|100%|HC|  |TAMS 0x00000006bb600000, 0x00000006bb800000| Untracked 
|1500|0x00000006bb800000, 0x00000006bba00000, 0x00000006bba00000|100%|HC|  |TAMS 0x00000006bb800000, 0x00000006bba00000| Untracked 
|1501|0x00000006bba00000, 0x00000006bbc00000, 0x00000006bbc00000|100%|HS|  |TAMS 0x00000006bba00000, 0x00000006bbc00000| Untracked 
|1502|0x00000006bbc00000, 0x00000006bbe00000, 0x00000006bbe00000|100%|HC|  |TAMS 0x00000006bbc00000, 0x00000006bbe00000| Untracked 
|1503|0x00000006bbe00000, 0x00000006bc000000, 0x00000006bc000000|100%|HC|  |TAMS 0x00000006bbe00000, 0x00000006bc000000| Untracked 
|1504|0x00000006bc000000, 0x00000006bc200000, 0x00000006bc200000|100%|HC|  |TAMS 0x00000006bc000000, 0x00000006bc200000| Untracked 
|1505|0x00000006bc200000, 0x00000006bc400000, 0x00000006bc400000|100%|HC|  |TAMS 0x00000006bc200000, 0x00000006bc400000| Untracked 
|1506|0x00000006bc400000, 0x00000006bc600000, 0x00000006bc600000|100%|HS|  |TAMS 0x00000006bc400000, 0x00000006bc600000| Untracked 
|1507|0x00000006bc600000, 0x00000006bc800000, 0x00000006bc800000|100%|HC|  |TAMS 0x00000006bc600000, 0x00000006bc800000| Untracked 
|1508|0x00000006bc800000, 0x00000006bca00000, 0x00000006bca00000|100%|HC|  |TAMS 0x00000006bc800000, 0x00000006bca00000| Untracked 
|1509|0x00000006bca00000, 0x00000006bcc00000, 0x00000006bcc00000|100%|HC|  |TAMS 0x00000006bca00000, 0x00000006bcc00000| Untracked 
|1510|0x00000006bcc00000, 0x00000006bce00000, 0x00000006bce00000|100%|HC|  |TAMS 0x00000006bcc00000, 0x00000006bce00000| Untracked 
|1511|0x00000006bce00000, 0x00000006bd000000, 0x00000006bd000000|100%|HS|  |TAMS 0x00000006bce00000, 0x00000006bd000000| Untracked 
|1512|0x00000006bd000000, 0x00000006bd200000, 0x00000006bd200000|100%|HC|  |TAMS 0x00000006bd000000, 0x00000006bd200000| Untracked 
|1513|0x00000006bd200000, 0x00000006bd400000, 0x00000006bd400000|100%|HC|  |TAMS 0x00000006bd200000, 0x00000006bd400000| Untracked 
|1514|0x00000006bd400000, 0x00000006bd600000, 0x00000006bd600000|100%|HC|  |TAMS 0x00000006bd400000, 0x00000006bd600000| Untracked 
|1515|0x00000006bd600000, 0x00000006bd800000, 0x00000006bd800000|100%|HC|  |TAMS 0x00000006bd600000, 0x00000006bd800000| Untracked 
|1516|0x00000006bd800000, 0x00000006bda00000, 0x00000006bda00000|100%|HS|  |TAMS 0x00000006bd800000, 0x00000006bda00000| Untracked 
|1517|0x00000006bda00000, 0x00000006bdc00000, 0x00000006bdc00000|100%|HC|  |TAMS 0x00000006bda00000, 0x00000006bdc00000| Untracked 
|1518|0x00000006bdc00000, 0x00000006bde00000, 0x00000006bde00000|100%|HC|  |TAMS 0x00000006bdc00000, 0x00000006bde00000| Untracked 
|1519|0x00000006bde00000, 0x00000006be000000, 0x00000006be000000|100%|HC|  |TAMS 0x00000006bde00000, 0x00000006be000000| Untracked 
|1520|0x00000006be000000, 0x00000006be200000, 0x00000006be200000|100%|HS|  |TAMS 0x00000006be000000, 0x00000006be200000| Untracked 
|1521|0x00000006be200000, 0x00000006be400000, 0x00000006be400000|100%|HC|  |TAMS 0x00000006be200000, 0x00000006be400000| Untracked 
|1522|0x00000006be400000, 0x00000006be600000, 0x00000006be600000|100%|HC|  |TAMS 0x00000006be400000, 0x00000006be600000| Untracked 
|1523|0x00000006be600000, 0x00000006be800000, 0x00000006be800000|100%|HC|  |TAMS 0x00000006be600000, 0x00000006be800000| Untracked 
|1524|0x00000006be800000, 0x00000006bea00000, 0x00000006bea00000|100%|HC|  |TAMS 0x00000006be800000, 0x00000006bea00000| Untracked 
|1525|0x00000006bea00000, 0x00000006bec00000, 0x00000006bec00000|100%|HS|  |TAMS 0x00000006bea00000, 0x00000006bec00000| Untracked 
|1526|0x00000006bec00000, 0x00000006bee00000, 0x00000006bee00000|100%|HC|  |TAMS 0x00000006bec00000, 0x00000006bee00000| Untracked 
|1527|0x00000006bee00000, 0x00000006bf000000, 0x00000006bf000000|100%|HC|  |TAMS 0x00000006bee00000, 0x00000006bf000000| Untracked 
|1528|0x00000006bf000000, 0x00000006bf200000, 0x00000006bf200000|100%|HC|  |TAMS 0x00000006bf000000, 0x00000006bf200000| Untracked 
|1529|0x00000006bf200000, 0x00000006bf400000, 0x00000006bf400000|100%|HC|  |TAMS 0x00000006bf200000, 0x00000006bf400000| Untracked 
|1530|0x00000006bf400000, 0x00000006bf600000, 0x00000006bf600000|100%|HS|  |TAMS 0x00000006bf400000, 0x00000006bf600000| Untracked 
|1531|0x00000006bf600000, 0x00000006bf800000, 0x00000006bf800000|100%|HC|  |TAMS 0x00000006bf600000, 0x00000006bf800000| Untracked 
|1532|0x00000006bf800000, 0x00000006bfa00000, 0x00000006bfa00000|100%|HC|  |TAMS 0x00000006bf800000, 0x00000006bfa00000| Untracked 
|1533|0x00000006bfa00000, 0x00000006bfc00000, 0x00000006bfc00000|100%|HC|  |TAMS 0x00000006bfa00000, 0x00000006bfc00000| Untracked 
|1534|0x00000006bfc00000, 0x00000006bfe00000, 0x00000006bfe00000|100%|HC|  |TAMS 0x00000006bfc00000, 0x00000006bfe00000| Untracked 
|1535|0x00000006bfe00000, 0x00000006c0000000, 0x00000006c0000000|100%|HS|  |TAMS 0x00000006bfe00000, 0x00000006c0000000| Untracked 
|1536|0x00000006c0000000, 0x00000006c0200000, 0x00000006c0200000|100%|HC|  |TAMS 0x00000006c0000000, 0x00000006c0200000| Untracked 
|1537|0x00000006c0200000, 0x00000006c0400000, 0x00000006c0400000|100%|HC|  |TAMS 0x00000006c0200000, 0x00000006c0400000| Untracked 
|1538|0x00000006c0400000, 0x00000006c0600000, 0x00000006c0600000|100%|HC|  |TAMS 0x00000006c0400000, 0x00000006c0600000| Untracked 
|1539|0x00000006c0600000, 0x00000006c0800000, 0x00000006c0800000|100%|HC|  |TAMS 0x00000006c0600000, 0x00000006c0800000| Untracked 
|1540|0x00000006c0800000, 0x00000006c0a00000, 0x00000006c0a00000|100%|HS|  |TAMS 0x00000006c0800000, 0x00000006c0a00000| Untracked 
|1541|0x00000006c0a00000, 0x00000006c0c00000, 0x00000006c0c00000|100%|HC|  |TAMS 0x00000006c0a00000, 0x00000006c0c00000| Untracked 
|1542|0x00000006c0c00000, 0x00000006c0e00000, 0x00000006c0e00000|100%|HC|  |TAMS 0x00000006c0c00000, 0x00000006c0e00000| Untracked 
|1543|0x00000006c0e00000, 0x00000006c1000000, 0x00000006c1000000|100%|HC|  |TAMS 0x00000006c0e00000, 0x00000006c1000000| Untracked 
|1544|0x00000006c1000000, 0x00000006c1200000, 0x00000006c1200000|100%|HC|  |TAMS 0x00000006c1000000, 0x00000006c1200000| Untracked 
|1545|0x00000006c1200000, 0x00000006c1200000, 0x00000006c1400000|  0%| F|  |TAMS 0x00000006c1200000, 0x00000006c1200000| Untracked 
|1546|0x00000006c1400000, 0x00000006c1400000, 0x00000006c1600000|  0%| F|  |TAMS 0x00000006c1400000, 0x00000006c1400000| Untracked 
|1547|0x00000006c1600000, 0x00000006c1600000, 0x00000006c1800000|  0%| F|  |TAMS 0x00000006c1600000, 0x00000006c1600000| Untracked 
|1548|0x00000006c1800000, 0x00000006c1800000, 0x00000006c1a00000|  0%| F|  |TAMS 0x00000006c1800000, 0x00000006c1800000| Untracked 
|1549|0x00000006c1a00000, 0x00000006c1a00000, 0x00000006c1c00000|  0%| F|  |TAMS 0x00000006c1a00000, 0x00000006c1a00000| Untracked 
|1550|0x00000006c1c00000, 0x00000006c1c00000, 0x00000006c1e00000|  0%| F|  |TAMS 0x00000006c1c00000, 0x00000006c1c00000| Untracked 
|1551|0x00000006c1e00000, 0x00000006c1e00000, 0x00000006c2000000|  0%| F|  |TAMS 0x00000006c1e00000, 0x00000006c1e00000| Untracked 
|1552|0x00000006c2000000, 0x00000006c2000000, 0x00000006c2200000|  0%| F|  |TAMS 0x00000006c2000000, 0x00000006c2000000| Untracked 
|1553|0x00000006c2200000, 0x00000006c2200000, 0x00000006c2400000|  0%| F|  |TAMS 0x00000006c2200000, 0x00000006c2200000| Untracked 
|1554|0x00000006c2400000, 0x00000006c2400000, 0x00000006c2600000|  0%| F|  |TAMS 0x00000006c2400000, 0x00000006c2400000| Untracked 
|1555|0x00000006c2600000, 0x00000006c2600000, 0x00000006c2800000|  0%| F|  |TAMS 0x00000006c2600000, 0x00000006c2600000| Untracked 
|1556|0x00000006c2800000, 0x00000006c2800000, 0x00000006c2a00000|  0%| F|  |TAMS 0x00000006c2800000, 0x00000006c2800000| Untracked 
|1557|0x00000006c2a00000, 0x00000006c2a00000, 0x00000006c2c00000|  0%| F|  |TAMS 0x00000006c2a00000, 0x00000006c2a00000| Untracked 
|1558|0x00000006c2c00000, 0x00000006c2c00000, 0x00000006c2e00000|  0%| F|  |TAMS 0x00000006c2c00000, 0x00000006c2c00000| Untracked 
|1559|0x00000006c2e00000, 0x00000006c2e00000, 0x00000006c3000000|  0%| F|  |TAMS 0x00000006c2e00000, 0x00000006c2e00000| Untracked 
|1560|0x00000006c3000000, 0x00000006c3000000, 0x00000006c3200000|  0%| F|  |TAMS 0x00000006c3000000, 0x00000006c3000000| Untracked 
|1561|0x00000006c3200000, 0x00000006c3200000, 0x00000006c3400000|  0%| F|  |TAMS 0x00000006c3200000, 0x00000006c3200000| Untracked 
|1562|0x00000006c3400000, 0x00000006c3400000, 0x00000006c3600000|  0%| F|  |TAMS 0x00000006c3400000, 0x00000006c3400000| Untracked 
|1563|0x00000006c3600000, 0x00000006c3600000, 0x00000006c3800000|  0%| F|  |TAMS 0x00000006c3600000, 0x00000006c3600000| Untracked 
|1564|0x00000006c3800000, 0x00000006c3800000, 0x00000006c3a00000|  0%| F|  |TAMS 0x00000006c3800000, 0x00000006c3800000| Untracked 
|1565|0x00000006c3a00000, 0x00000006c3a00000, 0x00000006c3c00000|  0%| F|  |TAMS 0x00000006c3a00000, 0x00000006c3a00000| Untracked 
|1566|0x00000006c3c00000, 0x00000006c3c00000, 0x00000006c3e00000|  0%| F|  |TAMS 0x00000006c3c00000, 0x00000006c3c00000| Untracked 
|1567|0x00000006c3e00000, 0x00000006c3e00000, 0x00000006c4000000|  0%| F|  |TAMS 0x00000006c3e00000, 0x00000006c3e00000| Untracked 
|1568|0x00000006c4000000, 0x00000006c4000000, 0x00000006c4200000|  0%| F|  |TAMS 0x00000006c4000000, 0x00000006c4000000| Untracked 
|1569|0x00000006c4200000, 0x00000006c4200000, 0x00000006c4400000|  0%| F|  |TAMS 0x00000006c4200000, 0x00000006c4200000| Untracked 
|1570|0x00000006c4400000, 0x00000006c4400000, 0x00000006c4600000|  0%| F|  |TAMS 0x00000006c4400000, 0x00000006c4400000| Untracked 
|1571|0x00000006c4600000, 0x00000006c4800000, 0x00000006c4800000|100%|HS|  |TAMS 0x00000006c4600000, 0x00000006c4800000| Untracked 
|1572|0x00000006c4800000, 0x00000006c4a00000, 0x00000006c4a00000|100%|HC|  |TAMS 0x00000006c4800000, 0x00000006c4a00000| Untracked 
|1573|0x00000006c4a00000, 0x00000006c4c00000, 0x00000006c4c00000|100%|HC|  |TAMS 0x00000006c4a00000, 0x00000006c4c00000| Untracked 
|1574|0x00000006c4c00000, 0x00000006c4e00000, 0x00000006c4e00000|100%|HC|  |TAMS 0x00000006c4c00000, 0x00000006c4e00000| Untracked 
|1575|0x00000006c4e00000, 0x00000006c5000000, 0x00000006c5000000|100%|HC|  |TAMS 0x00000006c4e00000, 0x00000006c5000000| Untracked 
|1576|0x00000006c5000000, 0x00000006c5200000, 0x00000006c5200000|100%|HS|  |TAMS 0x00000006c5000000, 0x00000006c5200000| Untracked 
|1577|0x00000006c5200000, 0x00000006c5400000, 0x00000006c5400000|100%|HC|  |TAMS 0x00000006c5200000, 0x00000006c5400000| Untracked 
|1578|0x00000006c5400000, 0x00000006c5600000, 0x00000006c5600000|100%|HC|  |TAMS 0x00000006c5400000, 0x00000006c5600000| Untracked 
|1579|0x00000006c5600000, 0x00000006c5800000, 0x00000006c5800000|100%|HC|  |TAMS 0x00000006c5600000, 0x00000006c5800000| Untracked 
|1580|0x00000006c5800000, 0x00000006c5a00000, 0x00000006c5a00000|100%|HS|  |TAMS 0x00000006c5800000, 0x00000006c5a00000| Untracked 
|1581|0x00000006c5a00000, 0x00000006c5c00000, 0x00000006c5c00000|100%|HC|  |TAMS 0x00000006c5a00000, 0x00000006c5c00000| Untracked 
|1582|0x00000006c5c00000, 0x00000006c5e00000, 0x00000006c5e00000|100%|HC|  |TAMS 0x00000006c5c00000, 0x00000006c5e00000| Untracked 
|1583|0x00000006c5e00000, 0x00000006c6000000, 0x00000006c6000000|100%|HC|  |TAMS 0x00000006c5e00000, 0x00000006c6000000| Untracked 
|1584|0x00000006c6000000, 0x00000006c6200000, 0x00000006c6200000|100%|HC|  |TAMS 0x00000006c6000000, 0x00000006c6200000| Untracked 
|1585|0x00000006c6200000, 0x00000006c6400000, 0x00000006c6400000|100%|HS|  |TAMS 0x00000006c6200000, 0x00000006c6400000| Untracked 
|1586|0x00000006c6400000, 0x00000006c6600000, 0x00000006c6600000|100%|HC|  |TAMS 0x00000006c6400000, 0x00000006c6600000| Untracked 
|1587|0x00000006c6600000, 0x00000006c6800000, 0x00000006c6800000|100%|HC|  |TAMS 0x00000006c6600000, 0x00000006c6800000| Untracked 
|1588|0x00000006c6800000, 0x00000006c6a00000, 0x00000006c6a00000|100%|HC|  |TAMS 0x00000006c6800000, 0x00000006c6a00000| Untracked 
|1589|0x00000006c6a00000, 0x00000006c6c00000, 0x00000006c6c00000|100%|HC|  |TAMS 0x00000006c6a00000, 0x00000006c6c00000| Untracked 
|1590|0x00000006c6c00000, 0x00000006c6e00000, 0x00000006c6e00000|100%|HS|  |TAMS 0x00000006c6c00000, 0x00000006c6e00000| Untracked 
|1591|0x00000006c6e00000, 0x00000006c7000000, 0x00000006c7000000|100%|HC|  |TAMS 0x00000006c6e00000, 0x00000006c7000000| Untracked 
|1592|0x00000006c7000000, 0x00000006c7200000, 0x00000006c7200000|100%|HC|  |TAMS 0x00000006c7000000, 0x00000006c7200000| Untracked 
|1593|0x00000006c7200000, 0x00000006c7400000, 0x00000006c7400000|100%|HC|  |TAMS 0x00000006c7200000, 0x00000006c7400000| Untracked 
|1594|0x00000006c7400000, 0x00000006c7600000, 0x00000006c7600000|100%|HC|  |TAMS 0x00000006c7400000, 0x00000006c7600000| Untracked 
|1595|0x00000006c7600000, 0x00000006c7800000, 0x00000006c7800000|100%|HS|  |TAMS 0x00000006c7600000, 0x00000006c7800000| Untracked 
|1596|0x00000006c7800000, 0x00000006c7a00000, 0x00000006c7a00000|100%|HC|  |TAMS 0x00000006c7800000, 0x00000006c7a00000| Untracked 
|1597|0x00000006c7a00000, 0x00000006c7c00000, 0x00000006c7c00000|100%|HC|  |TAMS 0x00000006c7a00000, 0x00000006c7c00000| Untracked 
|1598|0x00000006c7c00000, 0x00000006c7e00000, 0x00000006c7e00000|100%|HC|  |TAMS 0x00000006c7c00000, 0x00000006c7e00000| Untracked 
|1599|0x00000006c7e00000, 0x00000006c8000000, 0x00000006c8000000|100%|HC|  |TAMS 0x00000006c7e00000, 0x00000006c8000000| Untracked 
|1600|0x00000006c8000000, 0x00000006c8200000, 0x00000006c8200000|100%|HS|  |TAMS 0x00000006c8000000, 0x00000006c8200000| Untracked 
|1601|0x00000006c8200000, 0x00000006c8400000, 0x00000006c8400000|100%|HC|  |TAMS 0x00000006c8200000, 0x00000006c8400000| Untracked 
|1602|0x00000006c8400000, 0x00000006c8600000, 0x00000006c8600000|100%|HC|  |TAMS 0x00000006c8400000, 0x00000006c8600000| Untracked 
|1603|0x00000006c8600000, 0x00000006c8800000, 0x00000006c8800000|100%|HC|  |TAMS 0x00000006c8600000, 0x00000006c8800000| Untracked 
|1604|0x00000006c8800000, 0x00000006c8a00000, 0x00000006c8a00000|100%|HC|  |TAMS 0x00000006c8800000, 0x00000006c8a00000| Untracked 
|1605|0x00000006c8a00000, 0x00000006c8c00000, 0x00000006c8c00000|100%|HS|  |TAMS 0x00000006c8a00000, 0x00000006c8c00000| Untracked 
|1606|0x00000006c8c00000, 0x00000006c8e00000, 0x00000006c8e00000|100%|HC|  |TAMS 0x00000006c8c00000, 0x00000006c8e00000| Untracked 
|1607|0x00000006c8e00000, 0x00000006c9000000, 0x00000006c9000000|100%|HC|  |TAMS 0x00000006c8e00000, 0x00000006c9000000| Untracked 
|1608|0x00000006c9000000, 0x00000006c9200000, 0x00000006c9200000|100%|HC|  |TAMS 0x00000006c9000000, 0x00000006c9200000| Untracked 
|1609|0x00000006c9200000, 0x00000006c9400000, 0x00000006c9400000|100%|HC|  |TAMS 0x00000006c9200000, 0x00000006c9400000| Untracked 
|1610|0x00000006c9400000, 0x00000006c9600000, 0x00000006c9600000|100%|HS|  |TAMS 0x00000006c9400000, 0x00000006c9600000| Untracked 
|1611|0x00000006c9600000, 0x00000006c9800000, 0x00000006c9800000|100%|HC|  |TAMS 0x00000006c9600000, 0x00000006c9800000| Untracked 
|1612|0x00000006c9800000, 0x00000006c9a00000, 0x00000006c9a00000|100%|HC|  |TAMS 0x00000006c9800000, 0x00000006c9a00000| Untracked 
|1613|0x00000006c9a00000, 0x00000006c9c00000, 0x00000006c9c00000|100%|HC|  |TAMS 0x00000006c9a00000, 0x00000006c9c00000| Untracked 
|1614|0x00000006c9c00000, 0x00000006c9e00000, 0x00000006c9e00000|100%|HC|  |TAMS 0x00000006c9c00000, 0x00000006c9e00000| Untracked 
|1615|0x00000006c9e00000, 0x00000006ca000000, 0x00000006ca000000|100%|HS|  |TAMS 0x00000006c9e00000, 0x00000006ca000000| Untracked 
|1616|0x00000006ca000000, 0x00000006ca200000, 0x00000006ca200000|100%|HC|  |TAMS 0x00000006ca000000, 0x00000006ca200000| Untracked 
|1617|0x00000006ca200000, 0x00000006ca400000, 0x00000006ca400000|100%|HC|  |TAMS 0x00000006ca200000, 0x00000006ca400000| Untracked 
|1618|0x00000006ca400000, 0x00000006ca600000, 0x00000006ca600000|100%|HC|  |TAMS 0x00000006ca400000, 0x00000006ca600000| Untracked 
|1619|0x00000006ca600000, 0x00000006ca800000, 0x00000006ca800000|100%|HC|  |TAMS 0x00000006ca600000, 0x00000006ca800000| Untracked 
|1620|0x00000006ca800000, 0x00000006caa00000, 0x00000006caa00000|100%|HS|  |TAMS 0x00000006ca800000, 0x00000006caa00000| Untracked 
|1621|0x00000006caa00000, 0x00000006cac00000, 0x00000006cac00000|100%|HC|  |TAMS 0x00000006caa00000, 0x00000006cac00000| Untracked 
|1622|0x00000006cac00000, 0x00000006cae00000, 0x00000006cae00000|100%|HC|  |TAMS 0x00000006cac00000, 0x00000006cae00000| Untracked 
|1623|0x00000006cae00000, 0x00000006cb000000, 0x00000006cb000000|100%|HC|  |TAMS 0x00000006cae00000, 0x00000006cb000000| Untracked 
|1624|0x00000006cb000000, 0x00000006cb200000, 0x00000006cb200000|100%|HC|  |TAMS 0x00000006cb000000, 0x00000006cb200000| Untracked 
|1625|0x00000006cb200000, 0x00000006cb400000, 0x00000006cb400000|100%|HS|  |TAMS 0x00000006cb200000, 0x00000006cb400000| Untracked 
|1626|0x00000006cb400000, 0x00000006cb600000, 0x00000006cb600000|100%|HC|  |TAMS 0x00000006cb400000, 0x00000006cb600000| Untracked 
|1627|0x00000006cb600000, 0x00000006cb800000, 0x00000006cb800000|100%|HC|  |TAMS 0x00000006cb600000, 0x00000006cb800000| Untracked 
|1628|0x00000006cb800000, 0x00000006cba00000, 0x00000006cba00000|100%|HC|  |TAMS 0x00000006cb800000, 0x00000006cba00000| Untracked 
|1629|0x00000006cba00000, 0x00000006cbc00000, 0x00000006cbc00000|100%|HC|  |TAMS 0x00000006cba00000, 0x00000006cbc00000| Untracked 
|1630|0x00000006cbc00000, 0x00000006cbe00000, 0x00000006cbe00000|100%|HS|  |TAMS 0x00000006cbc00000, 0x00000006cbe00000| Untracked 
|1631|0x00000006cbe00000, 0x00000006cc000000, 0x00000006cc000000|100%|HC|  |TAMS 0x00000006cbe00000, 0x00000006cc000000| Untracked 
|1632|0x00000006cc000000, 0x00000006cc200000, 0x00000006cc200000|100%|HC|  |TAMS 0x00000006cc000000, 0x00000006cc200000| Untracked 
|1633|0x00000006cc200000, 0x00000006cc400000, 0x00000006cc400000|100%|HC|  |TAMS 0x00000006cc200000, 0x00000006cc400000| Untracked 
|1634|0x00000006cc400000, 0x00000006cc600000, 0x00000006cc600000|100%|HC|  |TAMS 0x00000006cc400000, 0x00000006cc600000| Untracked 
|1635|0x00000006cc600000, 0x00000006cc800000, 0x00000006cc800000|100%|HS|  |TAMS 0x00000006cc600000, 0x00000006cc800000| Untracked 
|1636|0x00000006cc800000, 0x00000006cca00000, 0x00000006cca00000|100%|HC|  |TAMS 0x00000006cc800000, 0x00000006cca00000| Untracked 
|1637|0x00000006cca00000, 0x00000006ccc00000, 0x00000006ccc00000|100%|HC|  |TAMS 0x00000006cca00000, 0x00000006ccc00000| Untracked 
|1638|0x00000006ccc00000, 0x00000006cce00000, 0x00000006cce00000|100%|HC|  |TAMS 0x00000006ccc00000, 0x00000006cce00000| Untracked 
|1639|0x00000006cce00000, 0x00000006cd000000, 0x00000006cd000000|100%|HC|  |TAMS 0x00000006cce00000, 0x00000006cd000000| Untracked 
|1640|0x00000006cd000000, 0x00000006cd200000, 0x00000006cd200000|100%|HS|  |TAMS 0x00000006cd000000, 0x00000006cd200000| Untracked 
|1641|0x00000006cd200000, 0x00000006cd400000, 0x00000006cd400000|100%|HC|  |TAMS 0x00000006cd200000, 0x00000006cd400000| Untracked 
|1642|0x00000006cd400000, 0x00000006cd600000, 0x00000006cd600000|100%|HC|  |TAMS 0x00000006cd400000, 0x00000006cd600000| Untracked 
|1643|0x00000006cd600000, 0x00000006cd800000, 0x00000006cd800000|100%|HC|  |TAMS 0x00000006cd600000, 0x00000006cd800000| Untracked 
|1644|0x00000006cd800000, 0x00000006cda00000, 0x00000006cda00000|100%|HC|  |TAMS 0x00000006cd800000, 0x00000006cda00000| Untracked 
|1645|0x00000006cda00000, 0x00000006cdc00000, 0x00000006cdc00000|100%|HS|  |TAMS 0x00000006cda00000, 0x00000006cdc00000| Untracked 
|1646|0x00000006cdc00000, 0x00000006cde00000, 0x00000006cde00000|100%|HC|  |TAMS 0x00000006cdc00000, 0x00000006cde00000| Untracked 
|1647|0x00000006cde00000, 0x00000006ce000000, 0x00000006ce000000|100%|HC|  |TAMS 0x00000006cde00000, 0x00000006ce000000| Untracked 
|1648|0x00000006ce000000, 0x00000006ce200000, 0x00000006ce200000|100%|HC|  |TAMS 0x00000006ce000000, 0x00000006ce200000| Untracked 
|1649|0x00000006ce200000, 0x00000006ce400000, 0x00000006ce400000|100%|HC|  |TAMS 0x00000006ce200000, 0x00000006ce400000| Untracked 
|1650|0x00000006ce400000, 0x00000006ce600000, 0x00000006ce600000|100%|HS|  |TAMS 0x00000006ce400000, 0x00000006ce600000| Untracked 
|1651|0x00000006ce600000, 0x00000006ce800000, 0x00000006ce800000|100%|HC|  |TAMS 0x00000006ce600000, 0x00000006ce800000| Untracked 
|1652|0x00000006ce800000, 0x00000006cea00000, 0x00000006cea00000|100%|HC|  |TAMS 0x00000006ce800000, 0x00000006cea00000| Untracked 
|1653|0x00000006cea00000, 0x00000006cec00000, 0x00000006cec00000|100%|HC|  |TAMS 0x00000006cea00000, 0x00000006cec00000| Untracked 
|1654|0x00000006cec00000, 0x00000006cee00000, 0x00000006cee00000|100%|HC|  |TAMS 0x00000006cec00000, 0x00000006cee00000| Untracked 
|1655|0x00000006cee00000, 0x00000006cf000000, 0x00000006cf000000|100%|HS|  |TAMS 0x00000006cee00000, 0x00000006cf000000| Untracked 
|1656|0x00000006cf000000, 0x00000006cf200000, 0x00000006cf200000|100%|HC|  |TAMS 0x00000006cf000000, 0x00000006cf200000| Untracked 
|1657|0x00000006cf200000, 0x00000006cf400000, 0x00000006cf400000|100%|HC|  |TAMS 0x00000006cf200000, 0x00000006cf400000| Untracked 
|1658|0x00000006cf400000, 0x00000006cf600000, 0x00000006cf600000|100%|HC|  |TAMS 0x00000006cf400000, 0x00000006cf600000| Untracked 
|1659|0x00000006cf600000, 0x00000006cf800000, 0x00000006cf800000|100%|HC|  |TAMS 0x00000006cf600000, 0x00000006cf800000| Untracked 
|1660|0x00000006cf800000, 0x00000006cfa00000, 0x00000006cfa00000|100%|HS|  |TAMS 0x00000006cf800000, 0x00000006cfa00000| Untracked 
|1661|0x00000006cfa00000, 0x00000006cfc00000, 0x00000006cfc00000|100%|HC|  |TAMS 0x00000006cfa00000, 0x00000006cfc00000| Untracked 
|1662|0x00000006cfc00000, 0x00000006cfe00000, 0x00000006cfe00000|100%|HC|  |TAMS 0x00000006cfc00000, 0x00000006cfe00000| Untracked 
|1663|0x00000006cfe00000, 0x00000006d0000000, 0x00000006d0000000|100%|HC|  |TAMS 0x00000006cfe00000, 0x00000006d0000000| Untracked 
|1664|0x00000006d0000000, 0x00000006d0200000, 0x00000006d0200000|100%|HC|  |TAMS 0x00000006d0000000, 0x00000006d0200000| Untracked 
|1665|0x00000006d0200000, 0x00000006d0400000, 0x00000006d0400000|100%|HS|  |TAMS 0x00000006d0200000, 0x00000006d0400000| Untracked 
|1666|0x00000006d0400000, 0x00000006d0600000, 0x00000006d0600000|100%|HC|  |TAMS 0x00000006d0400000, 0x00000006d0600000| Untracked 
|1667|0x00000006d0600000, 0x00000006d0800000, 0x00000006d0800000|100%|HC|  |TAMS 0x00000006d0600000, 0x00000006d0800000| Untracked 
|1668|0x00000006d0800000, 0x00000006d0a00000, 0x00000006d0a00000|100%|HC|  |TAMS 0x00000006d0800000, 0x00000006d0a00000| Untracked 
|1669|0x00000006d0a00000, 0x00000006d0c00000, 0x00000006d0c00000|100%|HC|  |TAMS 0x00000006d0a00000, 0x00000006d0c00000| Untracked 
|1670|0x00000006d0c00000, 0x00000006d0e00000, 0x00000006d0e00000|100%|HS|  |TAMS 0x00000006d0c00000, 0x00000006d0e00000| Untracked 
|1671|0x00000006d0e00000, 0x00000006d1000000, 0x00000006d1000000|100%|HC|  |TAMS 0x00000006d0e00000, 0x00000006d1000000| Untracked 
|1672|0x00000006d1000000, 0x00000006d1200000, 0x00000006d1200000|100%|HC|  |TAMS 0x00000006d1000000, 0x00000006d1200000| Untracked 
|1673|0x00000006d1200000, 0x00000006d1400000, 0x00000006d1400000|100%|HC|  |TAMS 0x00000006d1200000, 0x00000006d1400000| Untracked 
|1674|0x00000006d1400000, 0x00000006d1600000, 0x00000006d1600000|100%|HC|  |TAMS 0x00000006d1400000, 0x00000006d1600000| Untracked 
|1675|0x00000006d1600000, 0x00000006d1800000, 0x00000006d1800000|100%|HS|  |TAMS 0x00000006d1600000, 0x00000006d1800000| Untracked 
|1676|0x00000006d1800000, 0x00000006d1a00000, 0x00000006d1a00000|100%|HC|  |TAMS 0x00000006d1800000, 0x00000006d1a00000| Untracked 
|1677|0x00000006d1a00000, 0x00000006d1c00000, 0x00000006d1c00000|100%|HC|  |TAMS 0x00000006d1a00000, 0x00000006d1c00000| Untracked 
|1678|0x00000006d1c00000, 0x00000006d1e00000, 0x00000006d1e00000|100%|HC|  |TAMS 0x00000006d1c00000, 0x00000006d1e00000| Untracked 
|1679|0x00000006d1e00000, 0x00000006d2000000, 0x00000006d2000000|100%|HC|  |TAMS 0x00000006d1e00000, 0x00000006d2000000| Untracked 
|1680|0x00000006d2000000, 0x00000006d2200000, 0x00000006d2200000|100%|HS|  |TAMS 0x00000006d2000000, 0x00000006d2200000| Untracked 
|1681|0x00000006d2200000, 0x00000006d2400000, 0x00000006d2400000|100%|HC|  |TAMS 0x00000006d2200000, 0x00000006d2400000| Untracked 
|1682|0x00000006d2400000, 0x00000006d2600000, 0x00000006d2600000|100%|HC|  |TAMS 0x00000006d2400000, 0x00000006d2600000| Untracked 
|1683|0x00000006d2600000, 0x00000006d2800000, 0x00000006d2800000|100%|HC|  |TAMS 0x00000006d2600000, 0x00000006d2800000| Untracked 
|1684|0x00000006d2800000, 0x00000006d2a00000, 0x00000006d2a00000|100%|HC|  |TAMS 0x00000006d2800000, 0x00000006d2a00000| Untracked 
|1685|0x00000006d2a00000, 0x00000006d2c00000, 0x00000006d2c00000|100%|HS|  |TAMS 0x00000006d2a00000, 0x00000006d2c00000| Untracked 
|1686|0x00000006d2c00000, 0x00000006d2e00000, 0x00000006d2e00000|100%|HC|  |TAMS 0x00000006d2c00000, 0x00000006d2e00000| Untracked 
|1687|0x00000006d2e00000, 0x00000006d3000000, 0x00000006d3000000|100%|HC|  |TAMS 0x00000006d2e00000, 0x00000006d3000000| Untracked 
|1688|0x00000006d3000000, 0x00000006d3200000, 0x00000006d3200000|100%|HC|  |TAMS 0x00000006d3000000, 0x00000006d3200000| Untracked 
|1689|0x00000006d3200000, 0x00000006d3400000, 0x00000006d3400000|100%|HC|  |TAMS 0x00000006d3200000, 0x00000006d3400000| Untracked 
|1690|0x00000006d3400000, 0x00000006d3600000, 0x00000006d3600000|100%|HS|  |TAMS 0x00000006d3400000, 0x00000006d3600000| Untracked 
|1691|0x00000006d3600000, 0x00000006d3800000, 0x00000006d3800000|100%|HC|  |TAMS 0x00000006d3600000, 0x00000006d3800000| Untracked 
|1692|0x00000006d3800000, 0x00000006d3a00000, 0x00000006d3a00000|100%|HC|  |TAMS 0x00000006d3800000, 0x00000006d3a00000| Untracked 
|1693|0x00000006d3a00000, 0x00000006d3c00000, 0x00000006d3c00000|100%|HC|  |TAMS 0x00000006d3a00000, 0x00000006d3c00000| Untracked 
|1694|0x00000006d3c00000, 0x00000006d3e00000, 0x00000006d3e00000|100%|HC|  |TAMS 0x00000006d3c00000, 0x00000006d3e00000| Untracked 
|1695|0x00000006d3e00000, 0x00000006d4000000, 0x00000006d4000000|100%|HS|  |TAMS 0x00000006d3e00000, 0x00000006d4000000| Untracked 
|1696|0x00000006d4000000, 0x00000006d4200000, 0x00000006d4200000|100%|HC|  |TAMS 0x00000006d4000000, 0x00000006d4200000| Untracked 
|1697|0x00000006d4200000, 0x00000006d4400000, 0x00000006d4400000|100%|HC|  |TAMS 0x00000006d4200000, 0x00000006d4400000| Untracked 
|1698|0x00000006d4400000, 0x00000006d4600000, 0x00000006d4600000|100%|HC|  |TAMS 0x00000006d4400000, 0x00000006d4600000| Untracked 
|1699|0x00000006d4600000, 0x00000006d4800000, 0x00000006d4800000|100%|HC|  |TAMS 0x00000006d4600000, 0x00000006d4800000| Untracked 
|1700|0x00000006d4800000, 0x00000006d4a00000, 0x00000006d4a00000|100%|HS|  |TAMS 0x00000006d4800000, 0x00000006d4a00000| Untracked 
|1701|0x00000006d4a00000, 0x00000006d4c00000, 0x00000006d4c00000|100%|HC|  |TAMS 0x00000006d4a00000, 0x00000006d4c00000| Untracked 
|1702|0x00000006d4c00000, 0x00000006d4e00000, 0x00000006d4e00000|100%|HC|  |TAMS 0x00000006d4c00000, 0x00000006d4e00000| Untracked 
|1703|0x00000006d4e00000, 0x00000006d5000000, 0x00000006d5000000|100%|HC|  |TAMS 0x00000006d4e00000, 0x00000006d5000000| Untracked 
|1704|0x00000006d5000000, 0x00000006d5200000, 0x00000006d5200000|100%|HC|  |TAMS 0x00000006d5000000, 0x00000006d5200000| Untracked 
|1705|0x00000006d5200000, 0x00000006d5400000, 0x00000006d5400000|100%|HS|  |TAMS 0x00000006d5200000, 0x00000006d5400000| Untracked 
|1706|0x00000006d5400000, 0x00000006d5600000, 0x00000006d5600000|100%|HC|  |TAMS 0x00000006d5400000, 0x00000006d5600000| Untracked 
|1707|0x00000006d5600000, 0x00000006d5800000, 0x00000006d5800000|100%|HC|  |TAMS 0x00000006d5600000, 0x00000006d5800000| Untracked 
|1708|0x00000006d5800000, 0x00000006d5a00000, 0x00000006d5a00000|100%|HC|  |TAMS 0x00000006d5800000, 0x00000006d5a00000| Untracked 
|1709|0x00000006d5a00000, 0x00000006d5c00000, 0x00000006d5c00000|100%|HC|  |TAMS 0x00000006d5a00000, 0x00000006d5c00000| Untracked 
|1710|0x00000006d5c00000, 0x00000006d5e00000, 0x00000006d5e00000|100%|HS|  |TAMS 0x00000006d5c00000, 0x00000006d5e00000| Untracked 
|1711|0x00000006d5e00000, 0x00000006d6000000, 0x00000006d6000000|100%|HC|  |TAMS 0x00000006d5e00000, 0x00000006d6000000| Untracked 
|1712|0x00000006d6000000, 0x00000006d6200000, 0x00000006d6200000|100%|HC|  |TAMS 0x00000006d6000000, 0x00000006d6200000| Untracked 
|1713|0x00000006d6200000, 0x00000006d6400000, 0x00000006d6400000|100%|HC|  |TAMS 0x00000006d6200000, 0x00000006d6400000| Untracked 
|1714|0x00000006d6400000, 0x00000006d6600000, 0x00000006d6600000|100%|HC|  |TAMS 0x00000006d6400000, 0x00000006d6600000| Untracked 
|1715|0x00000006d6600000, 0x00000006d6800000, 0x00000006d6800000|100%|HS|  |TAMS 0x00000006d6600000, 0x00000006d6800000| Untracked 
|1716|0x00000006d6800000, 0x00000006d6a00000, 0x00000006d6a00000|100%|HC|  |TAMS 0x00000006d6800000, 0x00000006d6a00000| Untracked 
|1717|0x00000006d6a00000, 0x00000006d6c00000, 0x00000006d6c00000|100%|HC|  |TAMS 0x00000006d6a00000, 0x00000006d6c00000| Untracked 
|1718|0x00000006d6c00000, 0x00000006d6e00000, 0x00000006d6e00000|100%|HC|  |TAMS 0x00000006d6c00000, 0x00000006d6e00000| Untracked 
|1719|0x00000006d6e00000, 0x00000006d7000000, 0x00000006d7000000|100%|HC|  |TAMS 0x00000006d6e00000, 0x00000006d7000000| Untracked 
|1720|0x00000006d7000000, 0x00000006d7200000, 0x00000006d7200000|100%|HS|  |TAMS 0x00000006d7000000, 0x00000006d7200000| Untracked 
|1721|0x00000006d7200000, 0x00000006d7400000, 0x00000006d7400000|100%|HC|  |TAMS 0x00000006d7200000, 0x00000006d7400000| Untracked 
|1722|0x00000006d7400000, 0x00000006d7600000, 0x00000006d7600000|100%|HC|  |TAMS 0x00000006d7400000, 0x00000006d7600000| Untracked 
|1723|0x00000006d7600000, 0x00000006d7800000, 0x00000006d7800000|100%|HC|  |TAMS 0x00000006d7600000, 0x00000006d7800000| Untracked 
|1724|0x00000006d7800000, 0x00000006d7a00000, 0x00000006d7a00000|100%|HC|  |TAMS 0x00000006d7800000, 0x00000006d7a00000| Untracked 
|1725|0x00000006d7a00000, 0x00000006d7c00000, 0x00000006d7c00000|100%|HS|  |TAMS 0x00000006d7a00000, 0x00000006d7c00000| Untracked 
|1726|0x00000006d7c00000, 0x00000006d7e00000, 0x00000006d7e00000|100%|HC|  |TAMS 0x00000006d7c00000, 0x00000006d7e00000| Untracked 
|1727|0x00000006d7e00000, 0x00000006d8000000, 0x00000006d8000000|100%|HC|  |TAMS 0x00000006d7e00000, 0x00000006d8000000| Untracked 
|1728|0x00000006d8000000, 0x00000006d8200000, 0x00000006d8200000|100%|HC|  |TAMS 0x00000006d8000000, 0x00000006d8200000| Untracked 
|1729|0x00000006d8200000, 0x00000006d8400000, 0x00000006d8400000|100%|HC|  |TAMS 0x00000006d8200000, 0x00000006d8400000| Untracked 
|1730|0x00000006d8400000, 0x00000006d8600000, 0x00000006d8600000|100%|HS|  |TAMS 0x00000006d8400000, 0x00000006d8600000| Untracked 
|1731|0x00000006d8600000, 0x00000006d8800000, 0x00000006d8800000|100%|HC|  |TAMS 0x00000006d8600000, 0x00000006d8800000| Untracked 
|1732|0x00000006d8800000, 0x00000006d8a00000, 0x00000006d8a00000|100%|HC|  |TAMS 0x00000006d8800000, 0x00000006d8a00000| Untracked 
|1733|0x00000006d8a00000, 0x00000006d8c00000, 0x00000006d8c00000|100%|HC|  |TAMS 0x00000006d8a00000, 0x00000006d8c00000| Untracked 
|1734|0x00000006d8c00000, 0x00000006d8e00000, 0x00000006d8e00000|100%|HC|  |TAMS 0x00000006d8c00000, 0x00000006d8e00000| Untracked 
|1735|0x00000006d8e00000, 0x00000006d9000000, 0x00000006d9000000|100%|HS|  |TAMS 0x00000006d8e00000, 0x00000006d9000000| Untracked 
|1736|0x00000006d9000000, 0x00000006d9200000, 0x00000006d9200000|100%|HC|  |TAMS 0x00000006d9000000, 0x00000006d9200000| Untracked 
|1737|0x00000006d9200000, 0x00000006d9400000, 0x00000006d9400000|100%|HC|  |TAMS 0x00000006d9200000, 0x00000006d9400000| Untracked 
|1738|0x00000006d9400000, 0x00000006d9600000, 0x00000006d9600000|100%|HC|  |TAMS 0x00000006d9400000, 0x00000006d9600000| Untracked 
|1739|0x00000006d9600000, 0x00000006d9800000, 0x00000006d9800000|100%|HC|  |TAMS 0x00000006d9600000, 0x00000006d9800000| Untracked 
|1740|0x00000006d9800000, 0x00000006d9a00000, 0x00000006d9a00000|100%|HS|  |TAMS 0x00000006d9800000, 0x00000006d9a00000| Untracked 
|1741|0x00000006d9a00000, 0x00000006d9c00000, 0x00000006d9c00000|100%|HC|  |TAMS 0x00000006d9a00000, 0x00000006d9c00000| Untracked 
|1742|0x00000006d9c00000, 0x00000006d9e00000, 0x00000006d9e00000|100%|HC|  |TAMS 0x00000006d9c00000, 0x00000006d9e00000| Untracked 
|1743|0x00000006d9e00000, 0x00000006da000000, 0x00000006da000000|100%|HC|  |TAMS 0x00000006d9e00000, 0x00000006da000000| Untracked 
|1744|0x00000006da000000, 0x00000006da200000, 0x00000006da200000|100%|HC|  |TAMS 0x00000006da000000, 0x00000006da200000| Untracked 
|1745|0x00000006da200000, 0x00000006da400000, 0x00000006da400000|100%|HS|  |TAMS 0x00000006da200000, 0x00000006da400000| Untracked 
|1746|0x00000006da400000, 0x00000006da600000, 0x00000006da600000|100%|HC|  |TAMS 0x00000006da400000, 0x00000006da600000| Untracked 
|1747|0x00000006da600000, 0x00000006da800000, 0x00000006da800000|100%|HC|  |TAMS 0x00000006da600000, 0x00000006da800000| Untracked 
|1748|0x00000006da800000, 0x00000006daa00000, 0x00000006daa00000|100%|HC|  |TAMS 0x00000006da800000, 0x00000006daa00000| Untracked 
|1749|0x00000006daa00000, 0x00000006dac00000, 0x00000006dac00000|100%|HC|  |TAMS 0x00000006daa00000, 0x00000006dac00000| Untracked 
|1750|0x00000006dac00000, 0x00000006dae00000, 0x00000006dae00000|100%|HS|  |TAMS 0x00000006dac00000, 0x00000006dae00000| Untracked 
|1751|0x00000006dae00000, 0x00000006db000000, 0x00000006db000000|100%|HC|  |TAMS 0x00000006dae00000, 0x00000006db000000| Untracked 
|1752|0x00000006db000000, 0x00000006db200000, 0x00000006db200000|100%|HC|  |TAMS 0x00000006db000000, 0x00000006db200000| Untracked 
|1753|0x00000006db200000, 0x00000006db400000, 0x00000006db400000|100%|HC|  |TAMS 0x00000006db200000, 0x00000006db400000| Untracked 
|1754|0x00000006db400000, 0x00000006db600000, 0x00000006db600000|100%|HC|  |TAMS 0x00000006db400000, 0x00000006db600000| Untracked 
|1755|0x00000006db600000, 0x00000006db800000, 0x00000006db800000|100%|HS|  |TAMS 0x00000006db600000, 0x00000006db800000| Untracked 
|1756|0x00000006db800000, 0x00000006dba00000, 0x00000006dba00000|100%|HC|  |TAMS 0x00000006db800000, 0x00000006dba00000| Untracked 
|1757|0x00000006dba00000, 0x00000006dbc00000, 0x00000006dbc00000|100%|HC|  |TAMS 0x00000006dba00000, 0x00000006dbc00000| Untracked 
|1758|0x00000006dbc00000, 0x00000006dbe00000, 0x00000006dbe00000|100%|HC|  |TAMS 0x00000006dbc00000, 0x00000006dbe00000| Untracked 
|1759|0x00000006dbe00000, 0x00000006dc000000, 0x00000006dc000000|100%|HC|  |TAMS 0x00000006dbe00000, 0x00000006dc000000| Untracked 
|1760|0x00000006dc000000, 0x00000006dc000000, 0x00000006dc200000|  0%| F|  |TAMS 0x00000006dc000000, 0x00000006dc000000| Untracked 
|1761|0x00000006dc200000, 0x00000006dc200000, 0x00000006dc400000|  0%| F|  |TAMS 0x00000006dc200000, 0x00000006dc200000| Untracked 
|1762|0x00000006dc400000, 0x00000006dc400000, 0x00000006dc600000|  0%| F|  |TAMS 0x00000006dc400000, 0x00000006dc400000| Untracked 
|1763|0x00000006dc600000, 0x00000006dc600000, 0x00000006dc800000|  0%| F|  |TAMS 0x00000006dc600000, 0x00000006dc600000| Untracked 
|1764|0x00000006dc800000, 0x00000006dc800000, 0x00000006dca00000|  0%| F|  |TAMS 0x00000006dc800000, 0x00000006dc800000| Untracked 
|1765|0x00000006dca00000, 0x00000006dca00000, 0x00000006dcc00000|  0%| F|  |TAMS 0x00000006dca00000, 0x00000006dca00000| Untracked 
|1766|0x00000006dcc00000, 0x00000006dcc00000, 0x00000006dce00000|  0%| F|  |TAMS 0x00000006dcc00000, 0x00000006dcc00000| Untracked 
|1767|0x00000006dce00000, 0x00000006dce00000, 0x00000006dd000000|  0%| F|  |TAMS 0x00000006dce00000, 0x00000006dce00000| Untracked 
|1768|0x00000006dd000000, 0x00000006dd000000, 0x00000006dd200000|  0%| F|  |TAMS 0x00000006dd000000, 0x00000006dd000000| Untracked 
|1769|0x00000006dd200000, 0x00000006dd200000, 0x00000006dd400000|  0%| F|  |TAMS 0x00000006dd200000, 0x00000006dd200000| Untracked 
|1770|0x00000006dd400000, 0x00000006dd400000, 0x00000006dd600000|  0%| F|  |TAMS 0x00000006dd400000, 0x00000006dd400000| Untracked 
|1771|0x00000006dd600000, 0x00000006dd600000, 0x00000006dd800000|  0%| F|  |TAMS 0x00000006dd600000, 0x00000006dd600000| Untracked 
|1772|0x00000006dd800000, 0x00000006dd800000, 0x00000006dda00000|  0%| F|  |TAMS 0x00000006dd800000, 0x00000006dd800000| Untracked 
|1773|0x00000006dda00000, 0x00000006dda00000, 0x00000006ddc00000|  0%| F|  |TAMS 0x00000006dda00000, 0x00000006dda00000| Untracked 
|1774|0x00000006ddc00000, 0x00000006ddc00000, 0x00000006dde00000|  0%| F|  |TAMS 0x00000006ddc00000, 0x00000006ddc00000| Untracked 
|1775|0x00000006dde00000, 0x00000006dde00000, 0x00000006de000000|  0%| F|  |TAMS 0x00000006dde00000, 0x00000006dde00000| Untracked 
|1776|0x00000006de000000, 0x00000006de000000, 0x00000006de200000|  0%| F|  |TAMS 0x00000006de000000, 0x00000006de000000| Untracked 
|1777|0x00000006de200000, 0x00000006de200000, 0x00000006de400000|  0%| F|  |TAMS 0x00000006de200000, 0x00000006de200000| Untracked 
|1778|0x00000006de400000, 0x00000006de400000, 0x00000006de600000|  0%| F|  |TAMS 0x00000006de400000, 0x00000006de400000| Untracked 
|1779|0x00000006de600000, 0x00000006de600000, 0x00000006de800000|  0%| F|  |TAMS 0x00000006de600000, 0x00000006de600000| Untracked 
|1780|0x00000006de800000, 0x00000006de800000, 0x00000006dea00000|  0%| F|  |TAMS 0x00000006de800000, 0x00000006de800000| Untracked 
|1781|0x00000006dea00000, 0x00000006dea00000, 0x00000006dec00000|  0%| F|  |TAMS 0x00000006dea00000, 0x00000006dea00000| Untracked 
|1782|0x00000006dec00000, 0x00000006dec00000, 0x00000006dee00000|  0%| F|  |TAMS 0x00000006dec00000, 0x00000006dec00000| Untracked 
|1783|0x00000006dee00000, 0x00000006dee00000, 0x00000006df000000|  0%| F|  |TAMS 0x00000006dee00000, 0x00000006dee00000| Untracked 
|1784|0x00000006df000000, 0x00000006df000000, 0x00000006df200000|  0%| F|  |TAMS 0x00000006df000000, 0x00000006df000000| Untracked 
|1785|0x00000006df200000, 0x00000006df200000, 0x00000006df400000|  0%| F|  |TAMS 0x00000006df200000, 0x00000006df200000| Untracked 
|1786|0x00000006df400000, 0x00000006df400000, 0x00000006df600000|  0%| F|  |TAMS 0x00000006df400000, 0x00000006df400000| Untracked 
|1787|0x00000006df600000, 0x00000006df600000, 0x00000006df800000|  0%| F|  |TAMS 0x00000006df600000, 0x00000006df600000| Untracked 
|1788|0x00000006df800000, 0x00000006df800000, 0x00000006dfa00000|  0%| F|  |TAMS 0x00000006df800000, 0x00000006df800000| Untracked 
|1789|0x00000006dfa00000, 0x00000006dfa00000, 0x00000006dfc00000|  0%| F|  |TAMS 0x00000006dfa00000, 0x00000006dfa00000| Untracked 
|1790|0x00000006dfc00000, 0x00000006dfc00000, 0x00000006dfe00000|  0%| F|  |TAMS 0x00000006dfc00000, 0x00000006dfc00000| Untracked 
|1791|0x00000006dfe00000, 0x00000006dfe00000, 0x00000006e0000000|  0%| F|  |TAMS 0x00000006dfe00000, 0x00000006dfe00000| Untracked 
|1792|0x00000006e0000000, 0x00000006e0000000, 0x00000006e0200000|  0%| F|  |TAMS 0x00000006e0000000, 0x00000006e0000000| Untracked 
|1793|0x00000006e0200000, 0x00000006e0200000, 0x00000006e0400000|  0%| F|  |TAMS 0x00000006e0200000, 0x00000006e0200000| Untracked 
|1794|0x00000006e0400000, 0x00000006e0400000, 0x00000006e0600000|  0%| F|  |TAMS 0x00000006e0400000, 0x00000006e0400000| Untracked 
|1795|0x00000006e0600000, 0x00000006e0600000, 0x00000006e0800000|  0%| F|  |TAMS 0x00000006e0600000, 0x00000006e0600000| Untracked 
|1796|0x00000006e0800000, 0x00000006e0800000, 0x00000006e0a00000|  0%| F|  |TAMS 0x00000006e0800000, 0x00000006e0800000| Untracked 
|1797|0x00000006e0a00000, 0x00000006e0a00000, 0x00000006e0c00000|  0%| F|  |TAMS 0x00000006e0a00000, 0x00000006e0a00000| Untracked 
|1798|0x00000006e0c00000, 0x00000006e0c00000, 0x00000006e0e00000|  0%| F|  |TAMS 0x00000006e0c00000, 0x00000006e0c00000| Untracked 
|1799|0x00000006e0e00000, 0x00000006e0e00000, 0x00000006e1000000|  0%| F|  |TAMS 0x00000006e0e00000, 0x00000006e0e00000| Untracked 
|1800|0x00000006e1000000, 0x00000006e1000000, 0x00000006e1200000|  0%| F|  |TAMS 0x00000006e1000000, 0x00000006e1000000| Untracked 
|1801|0x00000006e1200000, 0x00000006e1200000, 0x00000006e1400000|  0%| F|  |TAMS 0x00000006e1200000, 0x00000006e1200000| Untracked 
|1802|0x00000006e1400000, 0x00000006e1400000, 0x00000006e1600000|  0%| F|  |TAMS 0x00000006e1400000, 0x00000006e1400000| Untracked 
|1803|0x00000006e1600000, 0x00000006e1600000, 0x00000006e1800000|  0%| F|  |TAMS 0x00000006e1600000, 0x00000006e1600000| Untracked 
|1804|0x00000006e1800000, 0x00000006e1800000, 0x00000006e1a00000|  0%| F|  |TAMS 0x00000006e1800000, 0x00000006e1800000| Untracked 
|1805|0x00000006e1a00000, 0x00000006e1a00000, 0x00000006e1c00000|  0%| F|  |TAMS 0x00000006e1a00000, 0x00000006e1a00000| Untracked 
|1806|0x00000006e1c00000, 0x00000006e1c00000, 0x00000006e1e00000|  0%| F|  |TAMS 0x00000006e1c00000, 0x00000006e1c00000| Untracked 
|1807|0x00000006e1e00000, 0x00000006e1e00000, 0x00000006e2000000|  0%| F|  |TAMS 0x00000006e1e00000, 0x00000006e1e00000| Untracked 
|1808|0x00000006e2000000, 0x00000006e2000000, 0x00000006e2200000|  0%| F|  |TAMS 0x00000006e2000000, 0x00000006e2000000| Untracked 
|1809|0x00000006e2200000, 0x00000006e2200000, 0x00000006e2400000|  0%| F|  |TAMS 0x00000006e2200000, 0x00000006e2200000| Untracked 
|1810|0x00000006e2400000, 0x00000006e2400000, 0x00000006e2600000|  0%| F|  |TAMS 0x00000006e2400000, 0x00000006e2400000| Untracked 
|1811|0x00000006e2600000, 0x00000006e2600000, 0x00000006e2800000|  0%| F|  |TAMS 0x00000006e2600000, 0x00000006e2600000| Untracked 
|1812|0x00000006e2800000, 0x00000006e2800000, 0x00000006e2a00000|  0%| F|  |TAMS 0x00000006e2800000, 0x00000006e2800000| Untracked 
|1813|0x00000006e2a00000, 0x00000006e2a00000, 0x00000006e2c00000|  0%| F|  |TAMS 0x00000006e2a00000, 0x00000006e2a00000| Untracked 
|1814|0x00000006e2c00000, 0x00000006e2c00000, 0x00000006e2e00000|  0%| F|  |TAMS 0x00000006e2c00000, 0x00000006e2c00000| Untracked 
|1815|0x00000006e2e00000, 0x00000006e2e00000, 0x00000006e3000000|  0%| F|  |TAMS 0x00000006e2e00000, 0x00000006e2e00000| Untracked 
|1816|0x00000006e3000000, 0x00000006e3000000, 0x00000006e3200000|  0%| F|  |TAMS 0x00000006e3000000, 0x00000006e3000000| Untracked 
|1817|0x00000006e3200000, 0x00000006e3200000, 0x00000006e3400000|  0%| F|  |TAMS 0x00000006e3200000, 0x00000006e3200000| Untracked 
|1818|0x00000006e3400000, 0x00000006e3400000, 0x00000006e3600000|  0%| F|  |TAMS 0x00000006e3400000, 0x00000006e3400000| Untracked 
|1819|0x00000006e3600000, 0x00000006e3600000, 0x00000006e3800000|  0%| F|  |TAMS 0x00000006e3600000, 0x00000006e3600000| Untracked 
|1820|0x00000006e3800000, 0x00000006e3800000, 0x00000006e3a00000|  0%| F|  |TAMS 0x00000006e3800000, 0x00000006e3800000| Untracked 
|1821|0x00000006e3a00000, 0x00000006e3a00000, 0x00000006e3c00000|  0%| F|  |TAMS 0x00000006e3a00000, 0x00000006e3a00000| Untracked 
|1822|0x00000006e3c00000, 0x00000006e3c00000, 0x00000006e3e00000|  0%| F|  |TAMS 0x00000006e3c00000, 0x00000006e3c00000| Untracked 
|1823|0x00000006e3e00000, 0x00000006e3e00000, 0x00000006e4000000|  0%| F|  |TAMS 0x00000006e3e00000, 0x00000006e3e00000| Untracked 
|1824|0x00000006e4000000, 0x00000006e4000000, 0x00000006e4200000|  0%| F|  |TAMS 0x00000006e4000000, 0x00000006e4000000| Untracked 
|1825|0x00000006e4200000, 0x00000006e4200000, 0x00000006e4400000|  0%| F|  |TAMS 0x00000006e4200000, 0x00000006e4200000| Untracked 
|1826|0x00000006e4400000, 0x00000006e4400000, 0x00000006e4600000|  0%| F|  |TAMS 0x00000006e4400000, 0x00000006e4400000| Untracked 
|1827|0x00000006e4600000, 0x00000006e4600000, 0x00000006e4800000|  0%| F|  |TAMS 0x00000006e4600000, 0x00000006e4600000| Untracked 
|1828|0x00000006e4800000, 0x00000006e4800000, 0x00000006e4a00000|  0%| F|  |TAMS 0x00000006e4800000, 0x00000006e4800000| Untracked 
|1829|0x00000006e4a00000, 0x00000006e4a00000, 0x00000006e4c00000|  0%| F|  |TAMS 0x00000006e4a00000, 0x00000006e4a00000| Untracked 
|1830|0x00000006e4c00000, 0x00000006e4c00000, 0x00000006e4e00000|  0%| F|  |TAMS 0x00000006e4c00000, 0x00000006e4c00000| Untracked 
|1831|0x00000006e4e00000, 0x00000006e4e00000, 0x00000006e5000000|  0%| F|  |TAMS 0x00000006e4e00000, 0x00000006e4e00000| Untracked 
|1832|0x00000006e5000000, 0x00000006e5000000, 0x00000006e5200000|  0%| F|  |TAMS 0x00000006e5000000, 0x00000006e5000000| Untracked 
|1833|0x00000006e5200000, 0x00000006e5200000, 0x00000006e5400000|  0%| F|  |TAMS 0x00000006e5200000, 0x00000006e5200000| Untracked 
|1834|0x00000006e5400000, 0x00000006e5400000, 0x00000006e5600000|  0%| F|  |TAMS 0x00000006e5400000, 0x00000006e5400000| Untracked 
|1835|0x00000006e5600000, 0x00000006e5600000, 0x00000006e5800000|  0%| F|  |TAMS 0x00000006e5600000, 0x00000006e5600000| Untracked 
|1836|0x00000006e5800000, 0x00000006e5800000, 0x00000006e5a00000|  0%| F|  |TAMS 0x00000006e5800000, 0x00000006e5800000| Untracked 
|1837|0x00000006e5a00000, 0x00000006e5a00000, 0x00000006e5c00000|  0%| F|  |TAMS 0x00000006e5a00000, 0x00000006e5a00000| Untracked 
|1838|0x00000006e5c00000, 0x00000006e5c00000, 0x00000006e5e00000|  0%| F|  |TAMS 0x00000006e5c00000, 0x00000006e5c00000| Untracked 
|1839|0x00000006e5e00000, 0x00000006e5e00000, 0x00000006e6000000|  0%| F|  |TAMS 0x00000006e5e00000, 0x00000006e5e00000| Untracked 
|1840|0x00000006e6000000, 0x00000006e6000000, 0x00000006e6200000|  0%| F|  |TAMS 0x00000006e6000000, 0x00000006e6000000| Untracked 
|1841|0x00000006e6200000, 0x00000006e6200000, 0x00000006e6400000|  0%| F|  |TAMS 0x00000006e6200000, 0x00000006e6200000| Untracked 
|1842|0x00000006e6400000, 0x00000006e6400000, 0x00000006e6600000|  0%| F|  |TAMS 0x00000006e6400000, 0x00000006e6400000| Untracked 
|1843|0x00000006e6600000, 0x00000006e6600000, 0x00000006e6800000|  0%| F|  |TAMS 0x00000006e6600000, 0x00000006e6600000| Untracked 
|1844|0x00000006e6800000, 0x00000006e6800000, 0x00000006e6a00000|  0%| F|  |TAMS 0x00000006e6800000, 0x00000006e6800000| Untracked 
|1845|0x00000006e6a00000, 0x00000006e6a00000, 0x00000006e6c00000|  0%| F|  |TAMS 0x00000006e6a00000, 0x00000006e6a00000| Untracked 
|1846|0x00000006e6c00000, 0x00000006e6c00000, 0x00000006e6e00000|  0%| F|  |TAMS 0x00000006e6c00000, 0x00000006e6c00000| Untracked 
|1847|0x00000006e6e00000, 0x00000006e6e00000, 0x00000006e7000000|  0%| F|  |TAMS 0x00000006e6e00000, 0x00000006e6e00000| Untracked 
|1848|0x00000006e7000000, 0x00000006e7000000, 0x00000006e7200000|  0%| F|  |TAMS 0x00000006e7000000, 0x00000006e7000000| Untracked 
|1849|0x00000006e7200000, 0x00000006e7200000, 0x00000006e7400000|  0%| F|  |TAMS 0x00000006e7200000, 0x00000006e7200000| Untracked 
|1850|0x00000006e7400000, 0x00000006e7400000, 0x00000006e7600000|  0%| F|  |TAMS 0x00000006e7400000, 0x00000006e7400000| Untracked 
|1851|0x00000006e7600000, 0x00000006e7600000, 0x00000006e7800000|  0%| F|  |TAMS 0x00000006e7600000, 0x00000006e7600000| Untracked 
|1852|0x00000006e7800000, 0x00000006e7800000, 0x00000006e7a00000|  0%| F|  |TAMS 0x00000006e7800000, 0x00000006e7800000| Untracked 
|1853|0x00000006e7a00000, 0x00000006e7a00000, 0x00000006e7c00000|  0%| F|  |TAMS 0x00000006e7a00000, 0x00000006e7a00000| Untracked 
|1854|0x00000006e7c00000, 0x00000006e7c00000, 0x00000006e7e00000|  0%| F|  |TAMS 0x00000006e7c00000, 0x00000006e7c00000| Untracked 
|1855|0x00000006e7e00000, 0x00000006e7e00000, 0x00000006e8000000|  0%| F|  |TAMS 0x00000006e7e00000, 0x00000006e7e00000| Untracked 
|1856|0x00000006e8000000, 0x00000006e8000000, 0x00000006e8200000|  0%| F|  |TAMS 0x00000006e8000000, 0x00000006e8000000| Untracked 
|1857|0x00000006e8200000, 0x00000006e8200000, 0x00000006e8400000|  0%| F|  |TAMS 0x00000006e8200000, 0x00000006e8200000| Untracked 
|1858|0x00000006e8400000, 0x00000006e8400000, 0x00000006e8600000|  0%| F|  |TAMS 0x00000006e8400000, 0x00000006e8400000| Untracked 
|1859|0x00000006e8600000, 0x00000006e8600000, 0x00000006e8800000|  0%| F|  |TAMS 0x00000006e8600000, 0x00000006e8600000| Untracked 
|1860|0x00000006e8800000, 0x00000006e8800000, 0x00000006e8a00000|  0%| F|  |TAMS 0x00000006e8800000, 0x00000006e8800000| Untracked 
|1861|0x00000006e8a00000, 0x00000006e8a00000, 0x00000006e8c00000|  0%| F|  |TAMS 0x00000006e8a00000, 0x00000006e8a00000| Untracked 
|1862|0x00000006e8c00000, 0x00000006e8c00000, 0x00000006e8e00000|  0%| F|  |TAMS 0x00000006e8c00000, 0x00000006e8c00000| Untracked 
|1863|0x00000006e8e00000, 0x00000006e8e00000, 0x00000006e9000000|  0%| F|  |TAMS 0x00000006e8e00000, 0x00000006e8e00000| Untracked 
|1864|0x00000006e9000000, 0x00000006e9000000, 0x00000006e9200000|  0%| F|  |TAMS 0x00000006e9000000, 0x00000006e9000000| Untracked 
|1865|0x00000006e9200000, 0x00000006e9200000, 0x00000006e9400000|  0%| F|  |TAMS 0x00000006e9200000, 0x00000006e9200000| Untracked 
|1866|0x00000006e9400000, 0x00000006e9400000, 0x00000006e9600000|  0%| F|  |TAMS 0x00000006e9400000, 0x00000006e9400000| Untracked 
|1867|0x00000006e9600000, 0x00000006e9600000, 0x00000006e9800000|  0%| F|  |TAMS 0x00000006e9600000, 0x00000006e9600000| Untracked 
|1868|0x00000006e9800000, 0x00000006e9800000, 0x00000006e9a00000|  0%| F|  |TAMS 0x00000006e9800000, 0x00000006e9800000| Untracked 
|1869|0x00000006e9a00000, 0x00000006e9a00000, 0x00000006e9c00000|  0%| F|  |TAMS 0x00000006e9a00000, 0x00000006e9a00000| Untracked 
|1870|0x00000006e9c00000, 0x00000006e9c00000, 0x00000006e9e00000|  0%| F|  |TAMS 0x00000006e9c00000, 0x00000006e9c00000| Untracked 
|1871|0x00000006e9e00000, 0x00000006e9e00000, 0x00000006ea000000|  0%| F|  |TAMS 0x00000006e9e00000, 0x00000006e9e00000| Untracked 
|1872|0x00000006ea000000, 0x00000006ea000000, 0x00000006ea200000|  0%| F|  |TAMS 0x00000006ea000000, 0x00000006ea000000| Untracked 
|1873|0x00000006ea200000, 0x00000006ea200000, 0x00000006ea400000|  0%| F|  |TAMS 0x00000006ea200000, 0x00000006ea200000| Untracked 
|1874|0x00000006ea400000, 0x00000006ea400000, 0x00000006ea600000|  0%| F|  |TAMS 0x00000006ea400000, 0x00000006ea400000| Untracked 
|1875|0x00000006ea600000, 0x00000006ea600000, 0x00000006ea800000|  0%| F|  |TAMS 0x00000006ea600000, 0x00000006ea600000| Untracked 
|1876|0x00000006ea800000, 0x00000006ea800000, 0x00000006eaa00000|  0%| F|  |TAMS 0x00000006ea800000, 0x00000006ea800000| Untracked 
|1877|0x00000006eaa00000, 0x00000006eaa00000, 0x00000006eac00000|  0%| F|  |TAMS 0x00000006eaa00000, 0x00000006eaa00000| Untracked 
|1878|0x00000006eac00000, 0x00000006eac00000, 0x00000006eae00000|  0%| F|  |TAMS 0x00000006eac00000, 0x00000006eac00000| Untracked 
|1879|0x00000006eae00000, 0x00000006eae00000, 0x00000006eb000000|  0%| F|  |TAMS 0x00000006eae00000, 0x00000006eae00000| Untracked 
|1880|0x00000006eb000000, 0x00000006eb000000, 0x00000006eb200000|  0%| F|  |TAMS 0x00000006eb000000, 0x00000006eb000000| Untracked 
|1881|0x00000006eb200000, 0x00000006eb200000, 0x00000006eb400000|  0%| F|  |TAMS 0x00000006eb200000, 0x00000006eb200000| Untracked 
|1882|0x00000006eb400000, 0x00000006eb400000, 0x00000006eb600000|  0%| F|  |TAMS 0x00000006eb400000, 0x00000006eb400000| Untracked 
|1883|0x00000006eb600000, 0x00000006eb600000, 0x00000006eb800000|  0%| F|  |TAMS 0x00000006eb600000, 0x00000006eb600000| Untracked 
|1884|0x00000006eb800000, 0x00000006eb800000, 0x00000006eba00000|  0%| F|  |TAMS 0x00000006eb800000, 0x00000006eb800000| Untracked 
|1885|0x00000006eba00000, 0x00000006eba00000, 0x00000006ebc00000|  0%| F|  |TAMS 0x00000006eba00000, 0x00000006eba00000| Untracked 
|1886|0x00000006ebc00000, 0x00000006ebc00000, 0x00000006ebe00000|  0%| F|  |TAMS 0x00000006ebc00000, 0x00000006ebc00000| Untracked 
|1887|0x00000006ebe00000, 0x00000006ebe00000, 0x00000006ec000000|  0%| F|  |TAMS 0x00000006ebe00000, 0x00000006ebe00000| Untracked 
|1888|0x00000006ec000000, 0x00000006ec000000, 0x00000006ec200000|  0%| F|  |TAMS 0x00000006ec000000, 0x00000006ec000000| Untracked 
|1889|0x00000006ec200000, 0x00000006ec200000, 0x00000006ec400000|  0%| F|  |TAMS 0x00000006ec200000, 0x00000006ec200000| Untracked 
|1890|0x00000006ec400000, 0x00000006ec400000, 0x00000006ec600000|  0%| F|  |TAMS 0x00000006ec400000, 0x00000006ec400000| Untracked 
|1891|0x00000006ec600000, 0x00000006ec600000, 0x00000006ec800000|  0%| F|  |TAMS 0x00000006ec600000, 0x00000006ec600000| Untracked 
|1892|0x00000006ec800000, 0x00000006ec800000, 0x00000006eca00000|  0%| F|  |TAMS 0x00000006ec800000, 0x00000006ec800000| Untracked 
|1893|0x00000006eca00000, 0x00000006eca00000, 0x00000006ecc00000|  0%| F|  |TAMS 0x00000006eca00000, 0x00000006eca00000| Untracked 
|1894|0x00000006ecc00000, 0x00000006ecc00000, 0x00000006ece00000|  0%| F|  |TAMS 0x00000006ecc00000, 0x00000006ecc00000| Untracked 
|1895|0x00000006ece00000, 0x00000006ece00000, 0x00000006ed000000|  0%| F|  |TAMS 0x00000006ece00000, 0x00000006ece00000| Untracked 
|1896|0x00000006ed000000, 0x00000006ed000000, 0x00000006ed200000|  0%| F|  |TAMS 0x00000006ed000000, 0x00000006ed000000| Untracked 
|1897|0x00000006ed200000, 0x00000006ed200000, 0x00000006ed400000|  0%| F|  |TAMS 0x00000006ed200000, 0x00000006ed200000| Untracked 
|1898|0x00000006ed400000, 0x00000006ed400000, 0x00000006ed600000|  0%| F|  |TAMS 0x00000006ed400000, 0x00000006ed400000| Untracked 
|1899|0x00000006ed600000, 0x00000006ed600000, 0x00000006ed800000|  0%| F|  |TAMS 0x00000006ed600000, 0x00000006ed600000| Untracked 
|1900|0x00000006ed800000, 0x00000006ed800000, 0x00000006eda00000|  0%| F|  |TAMS 0x00000006ed800000, 0x00000006ed800000| Untracked 
|1901|0x00000006eda00000, 0x00000006eda00000, 0x00000006edc00000|  0%| F|  |TAMS 0x00000006eda00000, 0x00000006eda00000| Untracked 
|1902|0x00000006edc00000, 0x00000006edc00000, 0x00000006ede00000|  0%| F|  |TAMS 0x00000006edc00000, 0x00000006edc00000| Untracked 
|1903|0x00000006ede00000, 0x00000006ede00000, 0x00000006ee000000|  0%| F|  |TAMS 0x00000006ede00000, 0x00000006ede00000| Untracked 
|1904|0x00000006ee000000, 0x00000006ee000000, 0x00000006ee200000|  0%| F|  |TAMS 0x00000006ee000000, 0x00000006ee000000| Untracked 
|1905|0x00000006ee200000, 0x00000006ee200000, 0x00000006ee400000|  0%| F|  |TAMS 0x00000006ee200000, 0x00000006ee200000| Untracked 
|1906|0x00000006ee400000, 0x00000006ee400000, 0x00000006ee600000|  0%| F|  |TAMS 0x00000006ee400000, 0x00000006ee400000| Untracked 
|1907|0x00000006ee600000, 0x00000006ee600000, 0x00000006ee800000|  0%| F|  |TAMS 0x00000006ee600000, 0x00000006ee600000| Untracked 
|1908|0x00000006ee800000, 0x00000006ee800000, 0x00000006eea00000|  0%| F|  |TAMS 0x00000006ee800000, 0x00000006ee800000| Untracked 
|1909|0x00000006eea00000, 0x00000006eea00000, 0x00000006eec00000|  0%| F|  |TAMS 0x00000006eea00000, 0x00000006eea00000| Untracked 
|1910|0x00000006eec00000, 0x00000006eec00000, 0x00000006eee00000|  0%| F|  |TAMS 0x00000006eec00000, 0x00000006eec00000| Untracked 
|1911|0x00000006eee00000, 0x00000006eee00000, 0x00000006ef000000|  0%| F|  |TAMS 0x00000006eee00000, 0x00000006eee00000| Untracked 
|1912|0x00000006ef000000, 0x00000006ef000000, 0x00000006ef200000|  0%| F|  |TAMS 0x00000006ef000000, 0x00000006ef000000| Untracked 
|1913|0x00000006ef200000, 0x00000006ef200000, 0x00000006ef400000|  0%| F|  |TAMS 0x00000006ef200000, 0x00000006ef200000| Untracked 
|1914|0x00000006ef400000, 0x00000006ef400000, 0x00000006ef600000|  0%| F|  |TAMS 0x00000006ef400000, 0x00000006ef400000| Untracked 
|1915|0x00000006ef600000, 0x00000006ef600000, 0x00000006ef800000|  0%| F|  |TAMS 0x00000006ef600000, 0x00000006ef600000| Untracked 
|1916|0x00000006ef800000, 0x00000006ef800000, 0x00000006efa00000|  0%| F|  |TAMS 0x00000006ef800000, 0x00000006ef800000| Untracked 
|1917|0x00000006efa00000, 0x00000006efa00000, 0x00000006efc00000|  0%| F|  |TAMS 0x00000006efa00000, 0x00000006efa00000| Untracked 
|1918|0x00000006efc00000, 0x00000006efc00000, 0x00000006efe00000|  0%| F|  |TAMS 0x00000006efc00000, 0x00000006efc00000| Untracked 
|1919|0x00000006efe00000, 0x00000006efe00000, 0x00000006f0000000|  0%| F|  |TAMS 0x00000006efe00000, 0x00000006efe00000| Untracked 
|1920|0x00000006f0000000, 0x00000006f0000000, 0x00000006f0200000|  0%| F|  |TAMS 0x00000006f0000000, 0x00000006f0000000| Untracked 
|1921|0x00000006f0200000, 0x00000006f0200000, 0x00000006f0400000|  0%| F|  |TAMS 0x00000006f0200000, 0x00000006f0200000| Untracked 
|1922|0x00000006f0400000, 0x00000006f0400000, 0x00000006f0600000|  0%| F|  |TAMS 0x00000006f0400000, 0x00000006f0400000| Untracked 
|1923|0x00000006f0600000, 0x00000006f0600000, 0x00000006f0800000|  0%| F|  |TAMS 0x00000006f0600000, 0x00000006f0600000| Untracked 
|1924|0x00000006f0800000, 0x00000006f0800000, 0x00000006f0a00000|  0%| F|  |TAMS 0x00000006f0800000, 0x00000006f0800000| Untracked 
|1925|0x00000006f0a00000, 0x00000006f0a00000, 0x00000006f0c00000|  0%| F|  |TAMS 0x00000006f0a00000, 0x00000006f0a00000| Untracked 
|1926|0x00000006f0c00000, 0x00000006f0c00000, 0x00000006f0e00000|  0%| F|  |TAMS 0x00000006f0c00000, 0x00000006f0c00000| Untracked 
|1927|0x00000006f0e00000, 0x00000006f0e00000, 0x00000006f1000000|  0%| F|  |TAMS 0x00000006f0e00000, 0x00000006f0e00000| Untracked 
|1928|0x00000006f1000000, 0x00000006f1000000, 0x00000006f1200000|  0%| F|  |TAMS 0x00000006f1000000, 0x00000006f1000000| Untracked 
|1929|0x00000006f1200000, 0x00000006f1200000, 0x00000006f1400000|  0%| F|  |TAMS 0x00000006f1200000, 0x00000006f1200000| Untracked 
|1930|0x00000006f1400000, 0x00000006f1400000, 0x00000006f1600000|  0%| F|  |TAMS 0x00000006f1400000, 0x00000006f1400000| Untracked 
|1931|0x00000006f1600000, 0x00000006f1600000, 0x00000006f1800000|  0%| F|  |TAMS 0x00000006f1600000, 0x00000006f1600000| Untracked 
|1932|0x00000006f1800000, 0x00000006f1800000, 0x00000006f1a00000|  0%| F|  |TAMS 0x00000006f1800000, 0x00000006f1800000| Untracked 
|1933|0x00000006f1a00000, 0x00000006f1a00000, 0x00000006f1c00000|  0%| F|  |TAMS 0x00000006f1a00000, 0x00000006f1a00000| Untracked 
|1934|0x00000006f1c00000, 0x00000006f1c00000, 0x00000006f1e00000|  0%| F|  |TAMS 0x00000006f1c00000, 0x00000006f1c00000| Untracked 
|1935|0x00000006f1e00000, 0x00000006f1e00000, 0x00000006f2000000|  0%| F|  |TAMS 0x00000006f1e00000, 0x00000006f1e00000| Untracked 
|1936|0x00000006f2000000, 0x00000006f2000000, 0x00000006f2200000|  0%| F|  |TAMS 0x00000006f2000000, 0x00000006f2000000| Untracked 
|1937|0x00000006f2200000, 0x00000006f2200000, 0x00000006f2400000|  0%| F|  |TAMS 0x00000006f2200000, 0x00000006f2200000| Untracked 
|1938|0x00000006f2400000, 0x00000006f2400000, 0x00000006f2600000|  0%| F|  |TAMS 0x00000006f2400000, 0x00000006f2400000| Untracked 
|1939|0x00000006f2600000, 0x00000006f2600000, 0x00000006f2800000|  0%| F|  |TAMS 0x00000006f2600000, 0x00000006f2600000| Untracked 
|1940|0x00000006f2800000, 0x00000006f2800000, 0x00000006f2a00000|  0%| F|  |TAMS 0x00000006f2800000, 0x00000006f2800000| Untracked 
|1941|0x00000006f2a00000, 0x00000006f2a00000, 0x00000006f2c00000|  0%| F|  |TAMS 0x00000006f2a00000, 0x00000006f2a00000| Untracked 
|1942|0x00000006f2c00000, 0x00000006f2c00000, 0x00000006f2e00000|  0%| F|  |TAMS 0x00000006f2c00000, 0x00000006f2c00000| Untracked 
|1943|0x00000006f2e00000, 0x00000006f2e00000, 0x00000006f3000000|  0%| F|  |TAMS 0x00000006f2e00000, 0x00000006f2e00000| Untracked 
|1944|0x00000006f3000000, 0x00000006f3000000, 0x00000006f3200000|  0%| F|  |TAMS 0x00000006f3000000, 0x00000006f3000000| Untracked 
|1945|0x00000006f3200000, 0x00000006f3200000, 0x00000006f3400000|  0%| F|  |TAMS 0x00000006f3200000, 0x00000006f3200000| Untracked 
|1946|0x00000006f3400000, 0x00000006f3400000, 0x00000006f3600000|  0%| F|  |TAMS 0x00000006f3400000, 0x00000006f3400000| Untracked 
|1947|0x00000006f3600000, 0x00000006f3600000, 0x00000006f3800000|  0%| F|  |TAMS 0x00000006f3600000, 0x00000006f3600000| Untracked 
|1948|0x00000006f3800000, 0x00000006f3800000, 0x00000006f3a00000|  0%| F|  |TAMS 0x00000006f3800000, 0x00000006f3800000| Untracked 
|1949|0x00000006f3a00000, 0x00000006f3a00000, 0x00000006f3c00000|  0%| F|  |TAMS 0x00000006f3a00000, 0x00000006f3a00000| Untracked 
|1950|0x00000006f3c00000, 0x00000006f3c00000, 0x00000006f3e00000|  0%| F|  |TAMS 0x00000006f3c00000, 0x00000006f3c00000| Untracked 
|1951|0x00000006f3e00000, 0x00000006f3e00000, 0x00000006f4000000|  0%| F|  |TAMS 0x00000006f3e00000, 0x00000006f3e00000| Untracked 
|1952|0x00000006f4000000, 0x00000006f4000000, 0x00000006f4200000|  0%| F|  |TAMS 0x00000006f4000000, 0x00000006f4000000| Untracked 
|1953|0x00000006f4200000, 0x00000006f4200000, 0x00000006f4400000|  0%| F|  |TAMS 0x00000006f4200000, 0x00000006f4200000| Untracked 
|1954|0x00000006f4400000, 0x00000006f4400000, 0x00000006f4600000|  0%| F|  |TAMS 0x00000006f4400000, 0x00000006f4400000| Untracked 
|1955|0x00000006f4600000, 0x00000006f4600000, 0x00000006f4800000|  0%| F|  |TAMS 0x00000006f4600000, 0x00000006f4600000| Untracked 
|1956|0x00000006f4800000, 0x00000006f4800000, 0x00000006f4a00000|  0%| F|  |TAMS 0x00000006f4800000, 0x00000006f4800000| Untracked 
|1957|0x00000006f4a00000, 0x00000006f4a00000, 0x00000006f4c00000|  0%| F|  |TAMS 0x00000006f4a00000, 0x00000006f4a00000| Untracked 
|1958|0x00000006f4c00000, 0x00000006f4c00000, 0x00000006f4e00000|  0%| F|  |TAMS 0x00000006f4c00000, 0x00000006f4c00000| Untracked 
|1959|0x00000006f4e00000, 0x00000006f4e00000, 0x00000006f5000000|  0%| F|  |TAMS 0x00000006f4e00000, 0x00000006f4e00000| Untracked 
|1960|0x00000006f5000000, 0x00000006f5000000, 0x00000006f5200000|  0%| F|  |TAMS 0x00000006f5000000, 0x00000006f5000000| Untracked 
|1961|0x00000006f5200000, 0x00000006f5200000, 0x00000006f5400000|  0%| F|  |TAMS 0x00000006f5200000, 0x00000006f5200000| Untracked 
|1962|0x00000006f5400000, 0x00000006f5400000, 0x00000006f5600000|  0%| F|  |TAMS 0x00000006f5400000, 0x00000006f5400000| Untracked 
|1963|0x00000006f5600000, 0x00000006f5600000, 0x00000006f5800000|  0%| F|  |TAMS 0x00000006f5600000, 0x00000006f5600000| Untracked 
|1964|0x00000006f5800000, 0x00000006f5800000, 0x00000006f5a00000|  0%| F|  |TAMS 0x00000006f5800000, 0x00000006f5800000| Untracked 
|1965|0x00000006f5a00000, 0x00000006f5a00000, 0x00000006f5c00000|  0%| F|  |TAMS 0x00000006f5a00000, 0x00000006f5a00000| Untracked 
|1966|0x00000006f5c00000, 0x00000006f5c00000, 0x00000006f5e00000|  0%| F|  |TAMS 0x00000006f5c00000, 0x00000006f5c00000| Untracked 
|1967|0x00000006f5e00000, 0x00000006f5e00000, 0x00000006f6000000|  0%| F|  |TAMS 0x00000006f5e00000, 0x00000006f5e00000| Untracked 
|1968|0x00000006f6000000, 0x00000006f6000000, 0x00000006f6200000|  0%| F|  |TAMS 0x00000006f6000000, 0x00000006f6000000| Untracked 
|1969|0x00000006f6200000, 0x00000006f6200000, 0x00000006f6400000|  0%| F|  |TAMS 0x00000006f6200000, 0x00000006f6200000| Untracked 
|1970|0x00000006f6400000, 0x00000006f6400000, 0x00000006f6600000|  0%| F|  |TAMS 0x00000006f6400000, 0x00000006f6400000| Untracked 
|1971|0x00000006f6600000, 0x00000006f6600000, 0x00000006f6800000|  0%| F|  |TAMS 0x00000006f6600000, 0x00000006f6600000| Untracked 
|1972|0x00000006f6800000, 0x00000006f6800000, 0x00000006f6a00000|  0%| F|  |TAMS 0x00000006f6800000, 0x00000006f6800000| Untracked 
|1973|0x00000006f6a00000, 0x00000006f6a00000, 0x00000006f6c00000|  0%| F|  |TAMS 0x00000006f6a00000, 0x00000006f6a00000| Untracked 
|1974|0x00000006f6c00000, 0x00000006f6c00000, 0x00000006f6e00000|  0%| F|  |TAMS 0x00000006f6c00000, 0x00000006f6c00000| Untracked 
|1975|0x00000006f6e00000, 0x00000006f6e00000, 0x00000006f7000000|  0%| F|  |TAMS 0x00000006f6e00000, 0x00000006f6e00000| Untracked 
|1976|0x00000006f7000000, 0x00000006f7000000, 0x00000006f7200000|  0%| F|  |TAMS 0x00000006f7000000, 0x00000006f7000000| Untracked 
|1977|0x00000006f7200000, 0x00000006f7200000, 0x00000006f7400000|  0%| F|  |TAMS 0x00000006f7200000, 0x00000006f7200000| Untracked 
|1978|0x00000006f7400000, 0x00000006f7400000, 0x00000006f7600000|  0%| F|  |TAMS 0x00000006f7400000, 0x00000006f7400000| Untracked 
|1979|0x00000006f7600000, 0x00000006f7600000, 0x00000006f7800000|  0%| F|  |TAMS 0x00000006f7600000, 0x00000006f7600000| Untracked 
|1980|0x00000006f7800000, 0x00000006f7800000, 0x00000006f7a00000|  0%| F|  |TAMS 0x00000006f7800000, 0x00000006f7800000| Untracked 
|1981|0x00000006f7a00000, 0x00000006f7a00000, 0x00000006f7c00000|  0%| F|  |TAMS 0x00000006f7a00000, 0x00000006f7a00000| Untracked 
|1982|0x00000006f7c00000, 0x00000006f7c00000, 0x00000006f7e00000|  0%| F|  |TAMS 0x00000006f7c00000, 0x00000006f7c00000| Untracked 
|1983|0x00000006f7e00000, 0x00000006f7e00000, 0x00000006f8000000|  0%| F|  |TAMS 0x00000006f7e00000, 0x00000006f7e00000| Untracked 
|1984|0x00000006f8000000, 0x00000006f8000000, 0x00000006f8200000|  0%| F|  |TAMS 0x00000006f8000000, 0x00000006f8000000| Untracked 
|1985|0x00000006f8200000, 0x00000006f8200000, 0x00000006f8400000|  0%| F|  |TAMS 0x00000006f8200000, 0x00000006f8200000| Untracked 
|1986|0x00000006f8400000, 0x00000006f8400000, 0x00000006f8600000|  0%| F|  |TAMS 0x00000006f8400000, 0x00000006f8400000| Untracked 
|1987|0x00000006f8600000, 0x00000006f8600000, 0x00000006f8800000|  0%| F|  |TAMS 0x00000006f8600000, 0x00000006f8600000| Untracked 
|1988|0x00000006f8800000, 0x00000006f8800000, 0x00000006f8a00000|  0%| F|  |TAMS 0x00000006f8800000, 0x00000006f8800000| Untracked 
|1989|0x00000006f8a00000, 0x00000006f8a00000, 0x00000006f8c00000|  0%| F|  |TAMS 0x00000006f8a00000, 0x00000006f8a00000| Untracked 
|1990|0x00000006f8c00000, 0x00000006f8c00000, 0x00000006f8e00000|  0%| F|  |TAMS 0x00000006f8c00000, 0x00000006f8c00000| Untracked 
|1991|0x00000006f8e00000, 0x00000006f8e00000, 0x00000006f9000000|  0%| F|  |TAMS 0x00000006f8e00000, 0x00000006f8e00000| Untracked 
|1992|0x00000006f9000000, 0x00000006f9000000, 0x00000006f9200000|  0%| F|  |TAMS 0x00000006f9000000, 0x00000006f9000000| Untracked 
|1993|0x00000006f9200000, 0x00000006f9200000, 0x00000006f9400000|  0%| F|  |TAMS 0x00000006f9200000, 0x00000006f9200000| Untracked 
|1994|0x00000006f9400000, 0x00000006f9400000, 0x00000006f9600000|  0%| F|  |TAMS 0x00000006f9400000, 0x00000006f9400000| Untracked 
|1995|0x00000006f9600000, 0x00000006f9600000, 0x00000006f9800000|  0%| F|  |TAMS 0x00000006f9600000, 0x00000006f9600000| Untracked 
|1996|0x00000006f9800000, 0x00000006f9800000, 0x00000006f9a00000|  0%| F|  |TAMS 0x00000006f9800000, 0x00000006f9800000| Untracked 
|1997|0x00000006f9a00000, 0x00000006f9a00000, 0x00000006f9c00000|  0%| F|  |TAMS 0x00000006f9a00000, 0x00000006f9a00000| Untracked 
|1998|0x00000006f9c00000, 0x00000006f9c00000, 0x00000006f9e00000|  0%| F|  |TAMS 0x00000006f9c00000, 0x00000006f9c00000| Untracked 
|1999|0x00000006f9e00000, 0x00000006f9e00000, 0x00000006fa000000|  0%| F|  |TAMS 0x00000006f9e00000, 0x00000006f9e00000| Untracked 
|2000|0x00000006fa000000, 0x00000006fa000000, 0x00000006fa200000|  0%| F|  |TAMS 0x00000006fa000000, 0x00000006fa000000| Untracked 
|2001|0x00000006fa200000, 0x00000006fa200000, 0x00000006fa400000|  0%| F|  |TAMS 0x00000006fa200000, 0x00000006fa200000| Untracked 
|2002|0x00000006fa400000, 0x00000006fa400000, 0x00000006fa600000|  0%| F|  |TAMS 0x00000006fa400000, 0x00000006fa400000| Untracked 
|2003|0x00000006fa600000, 0x00000006fa600000, 0x00000006fa800000|  0%| F|  |TAMS 0x00000006fa600000, 0x00000006fa600000| Untracked 
|2004|0x00000006fa800000, 0x00000006fa800000, 0x00000006faa00000|  0%| F|  |TAMS 0x00000006fa800000, 0x00000006fa800000| Untracked 
|2005|0x00000006faa00000, 0x00000006faa00000, 0x00000006fac00000|  0%| F|  |TAMS 0x00000006faa00000, 0x00000006faa00000| Untracked 
|2006|0x00000006fac00000, 0x00000006fac00000, 0x00000006fae00000|  0%| F|  |TAMS 0x00000006fac00000, 0x00000006fac00000| Untracked 
|2007|0x00000006fae00000, 0x00000006fae00000, 0x00000006fb000000|  0%| F|  |TAMS 0x00000006fae00000, 0x00000006fae00000| Untracked 
|2008|0x00000006fb000000, 0x00000006fb000000, 0x00000006fb200000|  0%| F|  |TAMS 0x00000006fb000000, 0x00000006fb000000| Untracked 
|2009|0x00000006fb200000, 0x00000006fb200000, 0x00000006fb400000|  0%| F|  |TAMS 0x00000006fb200000, 0x00000006fb200000| Untracked 
|2010|0x00000006fb400000, 0x00000006fb400000, 0x00000006fb600000|  0%| F|  |TAMS 0x00000006fb400000, 0x00000006fb400000| Untracked 
|2011|0x00000006fb600000, 0x00000006fb600000, 0x00000006fb800000|  0%| F|  |TAMS 0x00000006fb600000, 0x00000006fb600000| Untracked 
|2012|0x00000006fb800000, 0x00000006fb800000, 0x00000006fba00000|  0%| F|  |TAMS 0x00000006fb800000, 0x00000006fb800000| Untracked 
|2013|0x00000006fba00000, 0x00000006fba00000, 0x00000006fbc00000|  0%| F|  |TAMS 0x00000006fba00000, 0x00000006fba00000| Untracked 
|2014|0x00000006fbc00000, 0x00000006fbc00000, 0x00000006fbe00000|  0%| F|  |TAMS 0x00000006fbc00000, 0x00000006fbc00000| Untracked 
|2015|0x00000006fbe00000, 0x00000006fbe00000, 0x00000006fc000000|  0%| F|  |TAMS 0x00000006fbe00000, 0x00000006fbe00000| Untracked 
|2016|0x00000006fc000000, 0x00000006fc000000, 0x00000006fc200000|  0%| F|  |TAMS 0x00000006fc000000, 0x00000006fc000000| Untracked 
|2017|0x00000006fc200000, 0x00000006fc200000, 0x00000006fc400000|  0%| F|  |TAMS 0x00000006fc200000, 0x00000006fc200000| Untracked 
|2018|0x00000006fc400000, 0x00000006fc400000, 0x00000006fc600000|  0%| F|  |TAMS 0x00000006fc400000, 0x00000006fc400000| Untracked 
|2019|0x00000006fc600000, 0x00000006fc600000, 0x00000006fc800000|  0%| F|  |TAMS 0x00000006fc600000, 0x00000006fc600000| Untracked 
|2020|0x00000006fc800000, 0x00000006fc800000, 0x00000006fca00000|  0%| F|  |TAMS 0x00000006fc800000, 0x00000006fc800000| Untracked 
|2021|0x00000006fca00000, 0x00000006fca00000, 0x00000006fcc00000|  0%| F|  |TAMS 0x00000006fca00000, 0x00000006fca00000| Untracked 
|2022|0x00000006fcc00000, 0x00000006fcc00000, 0x00000006fce00000|  0%| F|  |TAMS 0x00000006fcc00000, 0x00000006fcc00000| Untracked 
|2023|0x00000006fce00000, 0x00000006fce00000, 0x00000006fd000000|  0%| F|  |TAMS 0x00000006fce00000, 0x00000006fce00000| Untracked 
|2024|0x00000006fd000000, 0x00000006fd000000, 0x00000006fd200000|  0%| F|  |TAMS 0x00000006fd000000, 0x00000006fd000000| Untracked 
|2025|0x00000006fd200000, 0x00000006fd200000, 0x00000006fd400000|  0%| F|  |TAMS 0x00000006fd200000, 0x00000006fd200000| Untracked 
|2026|0x00000006fd400000, 0x00000006fd400000, 0x00000006fd600000|  0%| F|  |TAMS 0x00000006fd400000, 0x00000006fd400000| Untracked 
|2027|0x00000006fd600000, 0x00000006fd600000, 0x00000006fd800000|  0%| F|  |TAMS 0x00000006fd600000, 0x00000006fd600000| Untracked 
|2028|0x00000006fd800000, 0x00000006fd800000, 0x00000006fda00000|  0%| F|  |TAMS 0x00000006fd800000, 0x00000006fd800000| Untracked 
|2029|0x00000006fda00000, 0x00000006fda00000, 0x00000006fdc00000|  0%| F|  |TAMS 0x00000006fda00000, 0x00000006fda00000| Untracked 
|2030|0x00000006fdc00000, 0x00000006fdc00000, 0x00000006fde00000|  0%| F|  |TAMS 0x00000006fdc00000, 0x00000006fdc00000| Untracked 
|2031|0x00000006fde00000, 0x00000006fde00000, 0x00000006fe000000|  0%| F|  |TAMS 0x00000006fde00000, 0x00000006fde00000| Untracked 
|2032|0x00000006fe000000, 0x00000006fe000000, 0x00000006fe200000|  0%| F|  |TAMS 0x00000006fe000000, 0x00000006fe000000| Untracked 
|2033|0x00000006fe200000, 0x00000006fe200000, 0x00000006fe400000|  0%| F|  |TAMS 0x00000006fe200000, 0x00000006fe200000| Untracked 
|2034|0x00000006fe400000, 0x00000006fe400000, 0x00000006fe600000|  0%| F|  |TAMS 0x00000006fe400000, 0x00000006fe400000| Untracked 
|2035|0x00000006fe600000, 0x00000006fe600000, 0x00000006fe800000|  0%| F|  |TAMS 0x00000006fe600000, 0x00000006fe600000| Untracked 
|2036|0x00000006fe800000, 0x00000006fe800000, 0x00000006fea00000|  0%| F|  |TAMS 0x00000006fe800000, 0x00000006fe800000| Untracked 
|2037|0x00000006fea00000, 0x00000006fea00000, 0x00000006fec00000|  0%| F|  |TAMS 0x00000006fea00000, 0x00000006fea00000| Untracked 
|2038|0x00000006fec00000, 0x00000006fec00000, 0x00000006fee00000|  0%| F|  |TAMS 0x00000006fec00000, 0x00000006fec00000| Untracked 
|2039|0x00000006fee00000, 0x00000006fee00000, 0x00000006ff000000|  0%| F|  |TAMS 0x00000006fee00000, 0x00000006fee00000| Untracked 
|2040|0x00000006ff000000, 0x00000006ff000000, 0x00000006ff200000|  0%| F|  |TAMS 0x00000006ff000000, 0x00000006ff000000| Untracked 
|2041|0x00000006ff200000, 0x00000006ff200000, 0x00000006ff400000|  0%| F|  |TAMS 0x00000006ff200000, 0x00000006ff200000| Untracked 
|2042|0x00000006ff400000, 0x00000006ff400000, 0x00000006ff600000|  0%| F|  |TAMS 0x00000006ff400000, 0x00000006ff400000| Untracked 
|2043|0x00000006ff600000, 0x00000006ff600000, 0x00000006ff800000|  0%| F|  |TAMS 0x00000006ff600000, 0x00000006ff600000| Untracked 
|2044|0x00000006ff800000, 0x00000006ff800000, 0x00000006ffa00000|  0%| F|  |TAMS 0x00000006ff800000, 0x00000006ff800000| Untracked 
|2045|0x00000006ffa00000, 0x00000006ffa00000, 0x00000006ffc00000|  0%| F|  |TAMS 0x00000006ffa00000, 0x00000006ffa00000| Untracked 
|2046|0x00000006ffc00000, 0x00000006ffc00000, 0x00000006ffe00000|  0%| F|  |TAMS 0x00000006ffc00000, 0x00000006ffc00000| Untracked 
|2047|0x00000006ffe00000, 0x00000006ffe00000, 0x0000000700000000|  0%| F|  |TAMS 0x00000006ffe00000, 0x00000006ffe00000| Untracked 
|2048|0x0000000700000000, 0x0000000700000000, 0x0000000700200000|  0%| F|  |TAMS 0x0000000700000000, 0x0000000700000000| Untracked 
|2049|0x0000000700200000, 0x0000000700200000, 0x0000000700400000|  0%| F|  |TAMS 0x0000000700200000, 0x0000000700200000| Untracked 
|2050|0x0000000700400000, 0x0000000700400000, 0x0000000700600000|  0%| F|  |TAMS 0x0000000700400000, 0x0000000700400000| Untracked 
|2051|0x0000000700600000, 0x0000000700600000, 0x0000000700800000|  0%| F|  |TAMS 0x0000000700600000, 0x0000000700600000| Untracked 
|2052|0x0000000700800000, 0x0000000700800000, 0x0000000700a00000|  0%| F|  |TAMS 0x0000000700800000, 0x0000000700800000| Untracked 
|2053|0x0000000700a00000, 0x0000000700a00000, 0x0000000700c00000|  0%| F|  |TAMS 0x0000000700a00000, 0x0000000700a00000| Untracked 
|2054|0x0000000700c00000, 0x0000000700c00000, 0x0000000700e00000|  0%| F|  |TAMS 0x0000000700c00000, 0x0000000700c00000| Untracked 
|2055|0x0000000700e00000, 0x0000000700e00000, 0x0000000701000000|  0%| F|  |TAMS 0x0000000700e00000, 0x0000000700e00000| Untracked 
|2056|0x0000000701000000, 0x0000000701000000, 0x0000000701200000|  0%| F|  |TAMS 0x0000000701000000, 0x0000000701000000| Untracked 
|2057|0x0000000701200000, 0x0000000701200000, 0x0000000701400000|  0%| F|  |TAMS 0x0000000701200000, 0x0000000701200000| Untracked 
|2058|0x0000000701400000, 0x0000000701400000, 0x0000000701600000|  0%| F|  |TAMS 0x0000000701400000, 0x0000000701400000| Untracked 
|2059|0x0000000701600000, 0x0000000701600000, 0x0000000701800000|  0%| F|  |TAMS 0x0000000701600000, 0x0000000701600000| Untracked 
|2060|0x0000000701800000, 0x0000000701800000, 0x0000000701a00000|  0%| F|  |TAMS 0x0000000701800000, 0x0000000701800000| Untracked 
|2061|0x0000000701a00000, 0x0000000701a00000, 0x0000000701c00000|  0%| F|  |TAMS 0x0000000701a00000, 0x0000000701a00000| Untracked 
|2062|0x0000000701c00000, 0x0000000701c00000, 0x0000000701e00000|  0%| F|  |TAMS 0x0000000701c00000, 0x0000000701c00000| Untracked 
|2063|0x0000000701e00000, 0x0000000701e00000, 0x0000000702000000|  0%| F|  |TAMS 0x0000000701e00000, 0x0000000701e00000| Untracked 
|2064|0x0000000702000000, 0x0000000702000000, 0x0000000702200000|  0%| F|  |TAMS 0x0000000702000000, 0x0000000702000000| Untracked 
|2065|0x0000000702200000, 0x0000000702200000, 0x0000000702400000|  0%| F|  |TAMS 0x0000000702200000, 0x0000000702200000| Untracked 
|2066|0x0000000702400000, 0x0000000702400000, 0x0000000702600000|  0%| F|  |TAMS 0x0000000702400000, 0x0000000702400000| Untracked 
|2067|0x0000000702600000, 0x0000000702600000, 0x0000000702800000|  0%| F|  |TAMS 0x0000000702600000, 0x0000000702600000| Untracked 
|2068|0x0000000702800000, 0x0000000702800000, 0x0000000702a00000|  0%| F|  |TAMS 0x0000000702800000, 0x0000000702800000| Untracked 
|2069|0x0000000702a00000, 0x0000000702a00000, 0x0000000702c00000|  0%| F|  |TAMS 0x0000000702a00000, 0x0000000702a00000| Untracked 
|2070|0x0000000702c00000, 0x0000000702c00000, 0x0000000702e00000|  0%| F|  |TAMS 0x0000000702c00000, 0x0000000702c00000| Untracked 
|2071|0x0000000702e00000, 0x0000000702e00000, 0x0000000703000000|  0%| F|  |TAMS 0x0000000702e00000, 0x0000000702e00000| Untracked 
|2072|0x0000000703000000, 0x0000000703000000, 0x0000000703200000|  0%| F|  |TAMS 0x0000000703000000, 0x0000000703000000| Untracked 
|2073|0x0000000703200000, 0x0000000703200000, 0x0000000703400000|  0%| F|  |TAMS 0x0000000703200000, 0x0000000703200000| Untracked 
|2074|0x0000000703400000, 0x0000000703400000, 0x0000000703600000|  0%| F|  |TAMS 0x0000000703400000, 0x0000000703400000| Untracked 
|2075|0x0000000703600000, 0x0000000703600000, 0x0000000703800000|  0%| F|  |TAMS 0x0000000703600000, 0x0000000703600000| Untracked 
|2076|0x0000000703800000, 0x0000000703800000, 0x0000000703a00000|  0%| F|  |TAMS 0x0000000703800000, 0x0000000703800000| Untracked 
|2077|0x0000000703a00000, 0x0000000703a00000, 0x0000000703c00000|  0%| F|  |TAMS 0x0000000703a00000, 0x0000000703a00000| Untracked 
|2078|0x0000000703c00000, 0x0000000703c00000, 0x0000000703e00000|  0%| F|  |TAMS 0x0000000703c00000, 0x0000000703c00000| Untracked 
|2079|0x0000000703e00000, 0x0000000703e00000, 0x0000000704000000|  0%| F|  |TAMS 0x0000000703e00000, 0x0000000703e00000| Untracked 
|2080|0x0000000704000000, 0x0000000704000000, 0x0000000704200000|  0%| F|  |TAMS 0x0000000704000000, 0x0000000704000000| Untracked 
|2081|0x0000000704200000, 0x0000000704200000, 0x0000000704400000|  0%| F|  |TAMS 0x0000000704200000, 0x0000000704200000| Untracked 
|2082|0x0000000704400000, 0x0000000704400000, 0x0000000704600000|  0%| F|  |TAMS 0x0000000704400000, 0x0000000704400000| Untracked 
|2083|0x0000000704600000, 0x0000000704600000, 0x0000000704800000|  0%| F|  |TAMS 0x0000000704600000, 0x0000000704600000| Untracked 
|2084|0x0000000704800000, 0x0000000704800000, 0x0000000704a00000|  0%| F|  |TAMS 0x0000000704800000, 0x0000000704800000| Untracked 
|2085|0x0000000704a00000, 0x0000000704a00000, 0x0000000704c00000|  0%| F|  |TAMS 0x0000000704a00000, 0x0000000704a00000| Untracked 
|2086|0x0000000704c00000, 0x0000000704c00000, 0x0000000704e00000|  0%| F|  |TAMS 0x0000000704c00000, 0x0000000704c00000| Untracked 
|2087|0x0000000704e00000, 0x0000000704e00000, 0x0000000705000000|  0%| F|  |TAMS 0x0000000704e00000, 0x0000000704e00000| Untracked 
|2088|0x0000000705000000, 0x0000000705000000, 0x0000000705200000|  0%| F|  |TAMS 0x0000000705000000, 0x0000000705000000| Untracked 
|2089|0x0000000705200000, 0x0000000705200000, 0x0000000705400000|  0%| F|  |TAMS 0x0000000705200000, 0x0000000705200000| Untracked 
|2090|0x0000000705400000, 0x0000000705400000, 0x0000000705600000|  0%| F|  |TAMS 0x0000000705400000, 0x0000000705400000| Untracked 
|2091|0x0000000705600000, 0x0000000705600000, 0x0000000705800000|  0%| F|  |TAMS 0x0000000705600000, 0x0000000705600000| Untracked 
|2092|0x0000000705800000, 0x0000000705800000, 0x0000000705a00000|  0%| F|  |TAMS 0x0000000705800000, 0x0000000705800000| Untracked 
|2093|0x0000000705a00000, 0x0000000705a00000, 0x0000000705c00000|  0%| F|  |TAMS 0x0000000705a00000, 0x0000000705a00000| Untracked 
|2094|0x0000000705c00000, 0x0000000705c00000, 0x0000000705e00000|  0%| F|  |TAMS 0x0000000705c00000, 0x0000000705c00000| Untracked 
|2095|0x0000000705e00000, 0x0000000705e00000, 0x0000000706000000|  0%| F|  |TAMS 0x0000000705e00000, 0x0000000705e00000| Untracked 
|2096|0x0000000706000000, 0x0000000706000000, 0x0000000706200000|  0%| F|  |TAMS 0x0000000706000000, 0x0000000706000000| Untracked 
|2097|0x0000000706200000, 0x0000000706200000, 0x0000000706400000|  0%| F|  |TAMS 0x0000000706200000, 0x0000000706200000| Untracked 
|2098|0x0000000706400000, 0x0000000706400000, 0x0000000706600000|  0%| F|  |TAMS 0x0000000706400000, 0x0000000706400000| Untracked 
|2099|0x0000000706600000, 0x0000000706600000, 0x0000000706800000|  0%| F|  |TAMS 0x0000000706600000, 0x0000000706600000| Untracked 
|2100|0x0000000706800000, 0x0000000706800000, 0x0000000706a00000|  0%| F|  |TAMS 0x0000000706800000, 0x0000000706800000| Untracked 
|2101|0x0000000706a00000, 0x0000000706a00000, 0x0000000706c00000|  0%| F|  |TAMS 0x0000000706a00000, 0x0000000706a00000| Untracked 
|2102|0x0000000706c00000, 0x0000000706c00000, 0x0000000706e00000|  0%| F|  |TAMS 0x0000000706c00000, 0x0000000706c00000| Untracked 
|2103|0x0000000706e00000, 0x0000000706e00000, 0x0000000707000000|  0%| F|  |TAMS 0x0000000706e00000, 0x0000000706e00000| Untracked 
|2104|0x0000000707000000, 0x0000000707000000, 0x0000000707200000|  0%| F|  |TAMS 0x0000000707000000, 0x0000000707000000| Untracked 
|2105|0x0000000707200000, 0x0000000707200000, 0x0000000707400000|  0%| F|  |TAMS 0x0000000707200000, 0x0000000707200000| Untracked 
|2106|0x0000000707400000, 0x0000000707400000, 0x0000000707600000|  0%| F|  |TAMS 0x0000000707400000, 0x0000000707400000| Untracked 
|2107|0x0000000707600000, 0x0000000707600000, 0x0000000707800000|  0%| F|  |TAMS 0x0000000707600000, 0x0000000707600000| Untracked 
|2108|0x0000000707800000, 0x0000000707800000, 0x0000000707a00000|  0%| F|  |TAMS 0x0000000707800000, 0x0000000707800000| Untracked 
|2109|0x0000000707a00000, 0x0000000707a00000, 0x0000000707c00000|  0%| F|  |TAMS 0x0000000707a00000, 0x0000000707a00000| Untracked 
|2110|0x0000000707c00000, 0x0000000707c00000, 0x0000000707e00000|  0%| F|  |TAMS 0x0000000707c00000, 0x0000000707c00000| Untracked 
|2111|0x0000000707e00000, 0x0000000707e00000, 0x0000000708000000|  0%| F|  |TAMS 0x0000000707e00000, 0x0000000707e00000| Untracked 
|2112|0x0000000708000000, 0x0000000708000000, 0x0000000708200000|  0%| F|  |TAMS 0x0000000708000000, 0x0000000708000000| Untracked 
|2113|0x0000000708200000, 0x0000000708200000, 0x0000000708400000|  0%| F|  |TAMS 0x0000000708200000, 0x0000000708200000| Untracked 
|2114|0x0000000708400000, 0x0000000708400000, 0x0000000708600000|  0%| F|  |TAMS 0x0000000708400000, 0x0000000708400000| Untracked 
|2115|0x0000000708600000, 0x0000000708600000, 0x0000000708800000|  0%| F|  |TAMS 0x0000000708600000, 0x0000000708600000| Untracked 
|2116|0x0000000708800000, 0x0000000708800000, 0x0000000708a00000|  0%| F|  |TAMS 0x0000000708800000, 0x0000000708800000| Untracked 
|2117|0x0000000708a00000, 0x0000000708a00000, 0x0000000708c00000|  0%| F|  |TAMS 0x0000000708a00000, 0x0000000708a00000| Untracked 
|2118|0x0000000708c00000, 0x0000000708c00000, 0x0000000708e00000|  0%| F|  |TAMS 0x0000000708c00000, 0x0000000708c00000| Untracked 
|2119|0x0000000708e00000, 0x0000000708e00000, 0x0000000709000000|  0%| F|  |TAMS 0x0000000708e00000, 0x0000000708e00000| Untracked 
|2120|0x0000000709000000, 0x0000000709000000, 0x0000000709200000|  0%| F|  |TAMS 0x0000000709000000, 0x0000000709000000| Untracked 
|2121|0x0000000709200000, 0x0000000709200000, 0x0000000709400000|  0%| F|  |TAMS 0x0000000709200000, 0x0000000709200000| Untracked 
|2122|0x0000000709400000, 0x0000000709400000, 0x0000000709600000|  0%| F|  |TAMS 0x0000000709400000, 0x0000000709400000| Untracked 
|2123|0x0000000709600000, 0x0000000709600000, 0x0000000709800000|  0%| F|  |TAMS 0x0000000709600000, 0x0000000709600000| Untracked 
|2124|0x0000000709800000, 0x0000000709800000, 0x0000000709a00000|  0%| F|  |TAMS 0x0000000709800000, 0x0000000709800000| Untracked 
|2125|0x0000000709a00000, 0x0000000709a00000, 0x0000000709c00000|  0%| F|  |TAMS 0x0000000709a00000, 0x0000000709a00000| Untracked 
|2126|0x0000000709c00000, 0x0000000709c00000, 0x0000000709e00000|  0%| F|  |TAMS 0x0000000709c00000, 0x0000000709c00000| Untracked 
|2127|0x0000000709e00000, 0x0000000709e00000, 0x000000070a000000|  0%| F|  |TAMS 0x0000000709e00000, 0x0000000709e00000| Untracked 
|2128|0x000000070a000000, 0x000000070a000000, 0x000000070a200000|  0%| F|  |TAMS 0x000000070a000000, 0x000000070a000000| Untracked 
|2129|0x000000070a200000, 0x000000070a200000, 0x000000070a400000|  0%| F|  |TAMS 0x000000070a200000, 0x000000070a200000| Untracked 
|2130|0x000000070a400000, 0x000000070a400000, 0x000000070a600000|  0%| F|  |TAMS 0x000000070a400000, 0x000000070a400000| Untracked 
|2131|0x000000070a600000, 0x000000070a600000, 0x000000070a800000|  0%| F|  |TAMS 0x000000070a600000, 0x000000070a600000| Untracked 
|2132|0x000000070a800000, 0x000000070a800000, 0x000000070aa00000|  0%| F|  |TAMS 0x000000070a800000, 0x000000070a800000| Untracked 
|2133|0x000000070aa00000, 0x000000070aa00000, 0x000000070ac00000|  0%| F|  |TAMS 0x000000070aa00000, 0x000000070aa00000| Untracked 
|2134|0x000000070ac00000, 0x000000070ac00000, 0x000000070ae00000|  0%| F|  |TAMS 0x000000070ac00000, 0x000000070ac00000| Untracked 
|2135|0x000000070ae00000, 0x000000070ae00000, 0x000000070b000000|  0%| F|  |TAMS 0x000000070ae00000, 0x000000070ae00000| Untracked 
|2136|0x000000070b000000, 0x000000070b000000, 0x000000070b200000|  0%| F|  |TAMS 0x000000070b000000, 0x000000070b000000| Untracked 
|2137|0x000000070b200000, 0x000000070b200000, 0x000000070b400000|  0%| F|  |TAMS 0x000000070b200000, 0x000000070b200000| Untracked 
|2138|0x000000070b400000, 0x000000070b400000, 0x000000070b600000|  0%| F|  |TAMS 0x000000070b400000, 0x000000070b400000| Untracked 
|2139|0x000000070b600000, 0x000000070b600000, 0x000000070b800000|  0%| F|  |TAMS 0x000000070b600000, 0x000000070b600000| Untracked 
|2140|0x000000070b800000, 0x000000070b800000, 0x000000070ba00000|  0%| F|  |TAMS 0x000000070b800000, 0x000000070b800000| Untracked 
|2141|0x000000070ba00000, 0x000000070ba00000, 0x000000070bc00000|  0%| F|  |TAMS 0x000000070ba00000, 0x000000070ba00000| Untracked 
|2142|0x000000070bc00000, 0x000000070bc00000, 0x000000070be00000|  0%| F|  |TAMS 0x000000070bc00000, 0x000000070bc00000| Untracked 
|2143|0x000000070be00000, 0x000000070be00000, 0x000000070c000000|  0%| F|  |TAMS 0x000000070be00000, 0x000000070be00000| Untracked 
|2144|0x000000070c000000, 0x000000070c000000, 0x000000070c200000|  0%| F|  |TAMS 0x000000070c000000, 0x000000070c000000| Untracked 
|2145|0x000000070c200000, 0x000000070c200000, 0x000000070c400000|  0%| F|  |TAMS 0x000000070c200000, 0x000000070c200000| Untracked 
|2146|0x000000070c400000, 0x000000070c400000, 0x000000070c600000|  0%| F|  |TAMS 0x000000070c400000, 0x000000070c400000| Untracked 
|2147|0x000000070c600000, 0x000000070c600000, 0x000000070c800000|  0%| F|  |TAMS 0x000000070c600000, 0x000000070c600000| Untracked 
|2148|0x000000070c800000, 0x000000070c800000, 0x000000070ca00000|  0%| F|  |TAMS 0x000000070c800000, 0x000000070c800000| Untracked 
|2149|0x000000070ca00000, 0x000000070ca00000, 0x000000070cc00000|  0%| F|  |TAMS 0x000000070ca00000, 0x000000070ca00000| Untracked 
|2150|0x000000070cc00000, 0x000000070cc00000, 0x000000070ce00000|  0%| F|  |TAMS 0x000000070cc00000, 0x000000070cc00000| Untracked 
|2151|0x000000070ce00000, 0x000000070ce00000, 0x000000070d000000|  0%| F|  |TAMS 0x000000070ce00000, 0x000000070ce00000| Untracked 
|2152|0x000000070d000000, 0x000000070d000000, 0x000000070d200000|  0%| F|  |TAMS 0x000000070d000000, 0x000000070d000000| Untracked 
|2153|0x000000070d200000, 0x000000070d200000, 0x000000070d400000|  0%| F|  |TAMS 0x000000070d200000, 0x000000070d200000| Untracked 
|2154|0x000000070d400000, 0x000000070d400000, 0x000000070d600000|  0%| F|  |TAMS 0x000000070d400000, 0x000000070d400000| Untracked 
|2155|0x000000070d600000, 0x000000070d600000, 0x000000070d800000|  0%| F|  |TAMS 0x000000070d600000, 0x000000070d600000| Untracked 
|2156|0x000000070d800000, 0x000000070d800000, 0x000000070da00000|  0%| F|  |TAMS 0x000000070d800000, 0x000000070d800000| Untracked 
|2157|0x000000070da00000, 0x000000070da00000, 0x000000070dc00000|  0%| F|  |TAMS 0x000000070da00000, 0x000000070da00000| Untracked 
|2158|0x000000070dc00000, 0x000000070dc00000, 0x000000070de00000|  0%| F|  |TAMS 0x000000070dc00000, 0x000000070dc00000| Untracked 
|2159|0x000000070de00000, 0x000000070de00000, 0x000000070e000000|  0%| F|  |TAMS 0x000000070de00000, 0x000000070de00000| Untracked 
|2160|0x000000070e000000, 0x000000070e000000, 0x000000070e200000|  0%| F|  |TAMS 0x000000070e000000, 0x000000070e000000| Untracked 
|2161|0x000000070e200000, 0x000000070e200000, 0x000000070e400000|  0%| F|  |TAMS 0x000000070e200000, 0x000000070e200000| Untracked 
|2162|0x000000070e400000, 0x000000070e400000, 0x000000070e600000|  0%| F|  |TAMS 0x000000070e400000, 0x000000070e400000| Untracked 
|2163|0x000000070e600000, 0x000000070e600000, 0x000000070e800000|  0%| F|  |TAMS 0x000000070e600000, 0x000000070e600000| Untracked 
|2164|0x000000070e800000, 0x000000070e800000, 0x000000070ea00000|  0%| F|  |TAMS 0x000000070e800000, 0x000000070e800000| Untracked 
|2165|0x000000070ea00000, 0x000000070ea00000, 0x000000070ec00000|  0%| F|  |TAMS 0x000000070ea00000, 0x000000070ea00000| Untracked 
|2166|0x000000070ec00000, 0x000000070ec00000, 0x000000070ee00000|  0%| F|  |TAMS 0x000000070ec00000, 0x000000070ec00000| Untracked 
|2167|0x000000070ee00000, 0x000000070ee00000, 0x000000070f000000|  0%| F|  |TAMS 0x000000070ee00000, 0x000000070ee00000| Untracked 
|2168|0x000000070f000000, 0x000000070f000000, 0x000000070f200000|  0%| F|  |TAMS 0x000000070f000000, 0x000000070f000000| Untracked 
|2169|0x000000070f200000, 0x000000070f200000, 0x000000070f400000|  0%| F|  |TAMS 0x000000070f200000, 0x000000070f200000| Untracked 
|2170|0x000000070f400000, 0x000000070f400000, 0x000000070f600000|  0%| F|  |TAMS 0x000000070f400000, 0x000000070f400000| Untracked 
|2171|0x000000070f600000, 0x000000070f600000, 0x000000070f800000|  0%| F|  |TAMS 0x000000070f600000, 0x000000070f600000| Untracked 
|2172|0x000000070f800000, 0x000000070f800000, 0x000000070fa00000|  0%| F|  |TAMS 0x000000070f800000, 0x000000070f800000| Untracked 
|2173|0x000000070fa00000, 0x000000070fa00000, 0x000000070fc00000|  0%| F|  |TAMS 0x000000070fa00000, 0x000000070fa00000| Untracked 
|2174|0x000000070fc00000, 0x000000070fc00000, 0x000000070fe00000|  0%| F|  |TAMS 0x000000070fc00000, 0x000000070fc00000| Untracked 
|2175|0x000000070fe00000, 0x000000070fe00000, 0x0000000710000000|  0%| F|  |TAMS 0x000000070fe00000, 0x000000070fe00000| Untracked 
|2176|0x0000000710000000, 0x0000000710000000, 0x0000000710200000|  0%| F|  |TAMS 0x0000000710000000, 0x0000000710000000| Untracked 
|2177|0x0000000710200000, 0x0000000710200000, 0x0000000710400000|  0%| F|  |TAMS 0x0000000710200000, 0x0000000710200000| Untracked 
|2178|0x0000000710400000, 0x0000000710400000, 0x0000000710600000|  0%| F|  |TAMS 0x0000000710400000, 0x0000000710400000| Untracked 
|2179|0x0000000710600000, 0x0000000710600000, 0x0000000710800000|  0%| F|  |TAMS 0x0000000710600000, 0x0000000710600000| Untracked 
|2180|0x0000000710800000, 0x0000000710800000, 0x0000000710a00000|  0%| F|  |TAMS 0x0000000710800000, 0x0000000710800000| Untracked 
|2181|0x0000000710a00000, 0x0000000710a00000, 0x0000000710c00000|  0%| F|  |TAMS 0x0000000710a00000, 0x0000000710a00000| Untracked 
|2182|0x0000000710c00000, 0x0000000710c00000, 0x0000000710e00000|  0%| F|  |TAMS 0x0000000710c00000, 0x0000000710c00000| Untracked 
|2183|0x0000000710e00000, 0x0000000710e00000, 0x0000000711000000|  0%| F|  |TAMS 0x0000000710e00000, 0x0000000710e00000| Untracked 
|2184|0x0000000711000000, 0x0000000711000000, 0x0000000711200000|  0%| F|  |TAMS 0x0000000711000000, 0x0000000711000000| Untracked 
|2185|0x0000000711200000, 0x0000000711200000, 0x0000000711400000|  0%| F|  |TAMS 0x0000000711200000, 0x0000000711200000| Untracked 
|2186|0x0000000711400000, 0x0000000711400000, 0x0000000711600000|  0%| F|  |TAMS 0x0000000711400000, 0x0000000711400000| Untracked 
|2187|0x0000000711600000, 0x0000000711600000, 0x0000000711800000|  0%| F|  |TAMS 0x0000000711600000, 0x0000000711600000| Untracked 
|2188|0x0000000711800000, 0x0000000711800000, 0x0000000711a00000|  0%| F|  |TAMS 0x0000000711800000, 0x0000000711800000| Untracked 
|2189|0x0000000711a00000, 0x0000000711a00000, 0x0000000711c00000|  0%| F|  |TAMS 0x0000000711a00000, 0x0000000711a00000| Untracked 
|2190|0x0000000711c00000, 0x0000000711c00000, 0x0000000711e00000|  0%| F|  |TAMS 0x0000000711c00000, 0x0000000711c00000| Untracked 
|2191|0x0000000711e00000, 0x0000000711e00000, 0x0000000712000000|  0%| F|  |TAMS 0x0000000711e00000, 0x0000000711e00000| Untracked 
|2192|0x0000000712000000, 0x0000000712000000, 0x0000000712200000|  0%| F|  |TAMS 0x0000000712000000, 0x0000000712000000| Untracked 
|2193|0x0000000712200000, 0x0000000712200000, 0x0000000712400000|  0%| F|  |TAMS 0x0000000712200000, 0x0000000712200000| Untracked 
|2194|0x0000000712400000, 0x0000000712400000, 0x0000000712600000|  0%| F|  |TAMS 0x0000000712400000, 0x0000000712400000| Untracked 
|2195|0x0000000712600000, 0x0000000712600000, 0x0000000712800000|  0%| F|  |TAMS 0x0000000712600000, 0x0000000712600000| Untracked 
|2196|0x0000000712800000, 0x0000000712800000, 0x0000000712a00000|  0%| F|  |TAMS 0x0000000712800000, 0x0000000712800000| Untracked 
|2197|0x0000000712a00000, 0x0000000712a00000, 0x0000000712c00000|  0%| F|  |TAMS 0x0000000712a00000, 0x0000000712a00000| Untracked 
|2198|0x0000000712c00000, 0x0000000712c00000, 0x0000000712e00000|  0%| F|  |TAMS 0x0000000712c00000, 0x0000000712c00000| Untracked 
|2199|0x0000000712e00000, 0x0000000712e00000, 0x0000000713000000|  0%| F|  |TAMS 0x0000000712e00000, 0x0000000712e00000| Untracked 
|2200|0x0000000713000000, 0x0000000713000000, 0x0000000713200000|  0%| F|  |TAMS 0x0000000713000000, 0x0000000713000000| Untracked 
|2201|0x0000000713200000, 0x0000000713200000, 0x0000000713400000|  0%| F|  |TAMS 0x0000000713200000, 0x0000000713200000| Untracked 
|2202|0x0000000713400000, 0x0000000713400000, 0x0000000713600000|  0%| F|  |TAMS 0x0000000713400000, 0x0000000713400000| Untracked 
|2203|0x0000000713600000, 0x0000000713600000, 0x0000000713800000|  0%| F|  |TAMS 0x0000000713600000, 0x0000000713600000| Untracked 
|2204|0x0000000713800000, 0x0000000713800000, 0x0000000713a00000|  0%| F|  |TAMS 0x0000000713800000, 0x0000000713800000| Untracked 
|2205|0x0000000713a00000, 0x0000000713a00000, 0x0000000713c00000|  0%| F|  |TAMS 0x0000000713a00000, 0x0000000713a00000| Untracked 
|2206|0x0000000713c00000, 0x0000000713c00000, 0x0000000713e00000|  0%| F|  |TAMS 0x0000000713c00000, 0x0000000713c00000| Untracked 
|2207|0x0000000713e00000, 0x0000000713e00000, 0x0000000714000000|  0%| F|  |TAMS 0x0000000713e00000, 0x0000000713e00000| Untracked 
|2208|0x0000000714000000, 0x0000000714000000, 0x0000000714200000|  0%| F|  |TAMS 0x0000000714000000, 0x0000000714000000| Untracked 
|2209|0x0000000714200000, 0x0000000714200000, 0x0000000714400000|  0%| F|  |TAMS 0x0000000714200000, 0x0000000714200000| Untracked 
|2210|0x0000000714400000, 0x0000000714400000, 0x0000000714600000|  0%| F|  |TAMS 0x0000000714400000, 0x0000000714400000| Untracked 
|2211|0x0000000714600000, 0x0000000714600000, 0x0000000714800000|  0%| F|  |TAMS 0x0000000714600000, 0x0000000714600000| Untracked 
|2212|0x0000000714800000, 0x0000000714800000, 0x0000000714a00000|  0%| F|  |TAMS 0x0000000714800000, 0x0000000714800000| Untracked 
|2213|0x0000000714a00000, 0x0000000714a00000, 0x0000000714c00000|  0%| F|  |TAMS 0x0000000714a00000, 0x0000000714a00000| Untracked 
|2214|0x0000000714c00000, 0x0000000714c00000, 0x0000000714e00000|  0%| F|  |TAMS 0x0000000714c00000, 0x0000000714c00000| Untracked 
|2215|0x0000000714e00000, 0x0000000714e00000, 0x0000000715000000|  0%| F|  |TAMS 0x0000000714e00000, 0x0000000714e00000| Untracked 
|2216|0x0000000715000000, 0x0000000715000000, 0x0000000715200000|  0%| F|  |TAMS 0x0000000715000000, 0x0000000715000000| Untracked 
|2217|0x0000000715200000, 0x0000000715200000, 0x0000000715400000|  0%| F|  |TAMS 0x0000000715200000, 0x0000000715200000| Untracked 
|2218|0x0000000715400000, 0x0000000715400000, 0x0000000715600000|  0%| F|  |TAMS 0x0000000715400000, 0x0000000715400000| Untracked 
|2219|0x0000000715600000, 0x0000000715600000, 0x0000000715800000|  0%| F|  |TAMS 0x0000000715600000, 0x0000000715600000| Untracked 
|2220|0x0000000715800000, 0x0000000715800000, 0x0000000715a00000|  0%| F|  |TAMS 0x0000000715800000, 0x0000000715800000| Untracked 
|2221|0x0000000715a00000, 0x0000000715a00000, 0x0000000715c00000|  0%| F|  |TAMS 0x0000000715a00000, 0x0000000715a00000| Untracked 
|2222|0x0000000715c00000, 0x0000000715c00000, 0x0000000715e00000|  0%| F|  |TAMS 0x0000000715c00000, 0x0000000715c00000| Untracked 
|2223|0x0000000715e00000, 0x0000000715e00000, 0x0000000716000000|  0%| F|  |TAMS 0x0000000715e00000, 0x0000000715e00000| Untracked 
|2224|0x0000000716000000, 0x0000000716000000, 0x0000000716200000|  0%| F|  |TAMS 0x0000000716000000, 0x0000000716000000| Untracked 
|2225|0x0000000716200000, 0x0000000716200000, 0x0000000716400000|  0%| F|  |TAMS 0x0000000716200000, 0x0000000716200000| Untracked 
|2226|0x0000000716400000, 0x0000000716400000, 0x0000000716600000|  0%| F|  |TAMS 0x0000000716400000, 0x0000000716400000| Untracked 
|2227|0x0000000716600000, 0x0000000716600000, 0x0000000716800000|  0%| F|  |TAMS 0x0000000716600000, 0x0000000716600000| Untracked 
|2228|0x0000000716800000, 0x0000000716800000, 0x0000000716a00000|  0%| F|  |TAMS 0x0000000716800000, 0x0000000716800000| Untracked 
|2229|0x0000000716a00000, 0x0000000716a00000, 0x0000000716c00000|  0%| F|  |TAMS 0x0000000716a00000, 0x0000000716a00000| Untracked 
|2230|0x0000000716c00000, 0x0000000716c00000, 0x0000000716e00000|  0%| F|  |TAMS 0x0000000716c00000, 0x0000000716c00000| Untracked 
|2231|0x0000000716e00000, 0x0000000716e00000, 0x0000000717000000|  0%| F|  |TAMS 0x0000000716e00000, 0x0000000716e00000| Untracked 
|2232|0x0000000717000000, 0x0000000717000000, 0x0000000717200000|  0%| F|  |TAMS 0x0000000717000000, 0x0000000717000000| Untracked 
|2233|0x0000000717200000, 0x0000000717200000, 0x0000000717400000|  0%| F|  |TAMS 0x0000000717200000, 0x0000000717200000| Untracked 
|2234|0x0000000717400000, 0x0000000717400000, 0x0000000717600000|  0%| F|  |TAMS 0x0000000717400000, 0x0000000717400000| Untracked 
|2235|0x0000000717600000, 0x0000000717600000, 0x0000000717800000|  0%| F|  |TAMS 0x0000000717600000, 0x0000000717600000| Untracked 
|2236|0x0000000717800000, 0x0000000717800000, 0x0000000717a00000|  0%| F|  |TAMS 0x0000000717800000, 0x0000000717800000| Untracked 
|2237|0x0000000717a00000, 0x0000000717a00000, 0x0000000717c00000|  0%| F|  |TAMS 0x0000000717a00000, 0x0000000717a00000| Untracked 
|2238|0x0000000717c00000, 0x0000000717c00000, 0x0000000717e00000|  0%| F|  |TAMS 0x0000000717c00000, 0x0000000717c00000| Untracked 
|2239|0x0000000717e00000, 0x0000000717e00000, 0x0000000718000000|  0%| F|  |TAMS 0x0000000717e00000, 0x0000000717e00000| Untracked 
|2240|0x0000000718000000, 0x0000000718000000, 0x0000000718200000|  0%| F|  |TAMS 0x0000000718000000, 0x0000000718000000| Untracked 
|2241|0x0000000718200000, 0x0000000718200000, 0x0000000718400000|  0%| F|  |TAMS 0x0000000718200000, 0x0000000718200000| Untracked 
|2242|0x0000000718400000, 0x0000000718400000, 0x0000000718600000|  0%| F|  |TAMS 0x0000000718400000, 0x0000000718400000| Untracked 
|2243|0x0000000718600000, 0x0000000718600000, 0x0000000718800000|  0%| F|  |TAMS 0x0000000718600000, 0x0000000718600000| Untracked 
|2244|0x0000000718800000, 0x0000000718800000, 0x0000000718a00000|  0%| F|  |TAMS 0x0000000718800000, 0x0000000718800000| Untracked 
|2245|0x0000000718a00000, 0x0000000718a00000, 0x0000000718c00000|  0%| F|  |TAMS 0x0000000718a00000, 0x0000000718a00000| Untracked 
|2246|0x0000000718c00000, 0x0000000718c00000, 0x0000000718e00000|  0%| F|  |TAMS 0x0000000718c00000, 0x0000000718c00000| Untracked 
|2247|0x0000000718e00000, 0x0000000718e00000, 0x0000000719000000|  0%| F|  |TAMS 0x0000000718e00000, 0x0000000718e00000| Untracked 
|2248|0x0000000719000000, 0x0000000719000000, 0x0000000719200000|  0%| F|  |TAMS 0x0000000719000000, 0x0000000719000000| Untracked 
|2249|0x0000000719200000, 0x0000000719200000, 0x0000000719400000|  0%| F|  |TAMS 0x0000000719200000, 0x0000000719200000| Untracked 
|2250|0x0000000719400000, 0x0000000719400000, 0x0000000719600000|  0%| F|  |TAMS 0x0000000719400000, 0x0000000719400000| Untracked 
|2251|0x0000000719600000, 0x0000000719600000, 0x0000000719800000|  0%| F|  |TAMS 0x0000000719600000, 0x0000000719600000| Untracked 
|2252|0x0000000719800000, 0x0000000719800000, 0x0000000719a00000|  0%| F|  |TAMS 0x0000000719800000, 0x0000000719800000| Untracked 
|2253|0x0000000719a00000, 0x0000000719a00000, 0x0000000719c00000|  0%| F|  |TAMS 0x0000000719a00000, 0x0000000719a00000| Untracked 
|2254|0x0000000719c00000, 0x0000000719c00000, 0x0000000719e00000|  0%| F|  |TAMS 0x0000000719c00000, 0x0000000719c00000| Untracked 
|2255|0x0000000719e00000, 0x0000000719e00000, 0x000000071a000000|  0%| F|  |TAMS 0x0000000719e00000, 0x0000000719e00000| Untracked 
|2256|0x000000071a000000, 0x000000071a000000, 0x000000071a200000|  0%| F|  |TAMS 0x000000071a000000, 0x000000071a000000| Untracked 
|2257|0x000000071a200000, 0x000000071a200000, 0x000000071a400000|  0%| F|  |TAMS 0x000000071a200000, 0x000000071a200000| Untracked 
|2258|0x000000071a400000, 0x000000071a400000, 0x000000071a600000|  0%| F|  |TAMS 0x000000071a400000, 0x000000071a400000| Untracked 
|2259|0x000000071a600000, 0x000000071a600000, 0x000000071a800000|  0%| F|  |TAMS 0x000000071a600000, 0x000000071a600000| Untracked 
|2260|0x000000071a800000, 0x000000071a800000, 0x000000071aa00000|  0%| F|  |TAMS 0x000000071a800000, 0x000000071a800000| Untracked 
|2261|0x000000071aa00000, 0x000000071aa00000, 0x000000071ac00000|  0%| F|  |TAMS 0x000000071aa00000, 0x000000071aa00000| Untracked 
|2262|0x000000071ac00000, 0x000000071ac00000, 0x000000071ae00000|  0%| F|  |TAMS 0x000000071ac00000, 0x000000071ac00000| Untracked 
|2263|0x000000071ae00000, 0x000000071ae00000, 0x000000071b000000|  0%| F|  |TAMS 0x000000071ae00000, 0x000000071ae00000| Untracked 
|2264|0x000000071b000000, 0x000000071b000000, 0x000000071b200000|  0%| F|  |TAMS 0x000000071b000000, 0x000000071b000000| Untracked 
|2265|0x000000071b200000, 0x000000071b200000, 0x000000071b400000|  0%| F|  |TAMS 0x000000071b200000, 0x000000071b200000| Untracked 
|2266|0x000000071b400000, 0x000000071b400000, 0x000000071b600000|  0%| F|  |TAMS 0x000000071b400000, 0x000000071b400000| Untracked 
|2267|0x000000071b600000, 0x000000071b600000, 0x000000071b800000|  0%| F|  |TAMS 0x000000071b600000, 0x000000071b600000| Untracked 
|2268|0x000000071b800000, 0x000000071b800000, 0x000000071ba00000|  0%| F|  |TAMS 0x000000071b800000, 0x000000071b800000| Untracked 
|2269|0x000000071ba00000, 0x000000071ba00000, 0x000000071bc00000|  0%| F|  |TAMS 0x000000071ba00000, 0x000000071ba00000| Untracked 
|2270|0x000000071bc00000, 0x000000071bc00000, 0x000000071be00000|  0%| F|  |TAMS 0x000000071bc00000, 0x000000071bc00000| Untracked 
|2271|0x000000071be00000, 0x000000071be00000, 0x000000071c000000|  0%| F|  |TAMS 0x000000071be00000, 0x000000071be00000| Untracked 
|2272|0x000000071c000000, 0x000000071c000000, 0x000000071c200000|  0%| F|  |TAMS 0x000000071c000000, 0x000000071c000000| Untracked 
|2273|0x000000071c200000, 0x000000071c200000, 0x000000071c400000|  0%| F|  |TAMS 0x000000071c200000, 0x000000071c200000| Untracked 
|2274|0x000000071c400000, 0x000000071c400000, 0x000000071c600000|  0%| F|  |TAMS 0x000000071c400000, 0x000000071c400000| Untracked 
|2275|0x000000071c600000, 0x000000071c600000, 0x000000071c800000|  0%| F|  |TAMS 0x000000071c600000, 0x000000071c600000| Untracked 
|2276|0x000000071c800000, 0x000000071c800000, 0x000000071ca00000|  0%| F|  |TAMS 0x000000071c800000, 0x000000071c800000| Untracked 
|2277|0x000000071ca00000, 0x000000071ca00000, 0x000000071cc00000|  0%| F|  |TAMS 0x000000071ca00000, 0x000000071ca00000| Untracked 
|2278|0x000000071cc00000, 0x000000071cc00000, 0x000000071ce00000|  0%| F|  |TAMS 0x000000071cc00000, 0x000000071cc00000| Untracked 
|2279|0x000000071ce00000, 0x000000071ce00000, 0x000000071d000000|  0%| F|  |TAMS 0x000000071ce00000, 0x000000071ce00000| Untracked 
|2280|0x000000071d000000, 0x000000071d000000, 0x000000071d200000|  0%| F|  |TAMS 0x000000071d000000, 0x000000071d000000| Untracked 
|2281|0x000000071d200000, 0x000000071d200000, 0x000000071d400000|  0%| F|  |TAMS 0x000000071d200000, 0x000000071d200000| Untracked 
|2282|0x000000071d400000, 0x000000071d400000, 0x000000071d600000|  0%| F|  |TAMS 0x000000071d400000, 0x000000071d400000| Untracked 
|2283|0x000000071d600000, 0x000000071d600000, 0x000000071d800000|  0%| F|  |TAMS 0x000000071d600000, 0x000000071d600000| Untracked 
|2284|0x000000071d800000, 0x000000071d800000, 0x000000071da00000|  0%| F|  |TAMS 0x000000071d800000, 0x000000071d800000| Untracked 
|2285|0x000000071da00000, 0x000000071da00000, 0x000000071dc00000|  0%| F|  |TAMS 0x000000071da00000, 0x000000071da00000| Untracked 
|2286|0x000000071dc00000, 0x000000071dc00000, 0x000000071de00000|  0%| F|  |TAMS 0x000000071dc00000, 0x000000071dc00000| Untracked 
|2287|0x000000071de00000, 0x000000071de00000, 0x000000071e000000|  0%| F|  |TAMS 0x000000071de00000, 0x000000071de00000| Untracked 
|2288|0x000000071e000000, 0x000000071e1cf6a8, 0x000000071e200000| 90%| S|CS|TAMS 0x000000071e000000, 0x000000071e000000| Complete 
|2289|0x000000071e200000, 0x000000071e400000, 0x000000071e400000|100%| S|CS|TAMS 0x000000071e200000, 0x000000071e200000| Complete 
|2290|0x000000071e400000, 0x000000071e600000, 0x000000071e600000|100%| S|CS|TAMS 0x000000071e400000, 0x000000071e400000| Complete 
|2291|0x000000071e600000, 0x000000071e800000, 0x000000071e800000|100%| S|CS|TAMS 0x000000071e600000, 0x000000071e600000| Complete 
|2292|0x000000071e800000, 0x000000071ea00000, 0x000000071ea00000|100%| S|CS|TAMS 0x000000071e800000, 0x000000071e800000| Complete 
|2293|0x000000071ea00000, 0x000000071ec00000, 0x000000071ec00000|100%| S|CS|TAMS 0x000000071ea00000, 0x000000071ea00000| Complete 
|2294|0x000000071ec00000, 0x000000071ec00000, 0x000000071ee00000|  0%| F|  |TAMS 0x000000071ec00000, 0x000000071ec00000| Untracked 
|2295|0x000000071ee00000, 0x000000071ee00000, 0x000000071f000000|  0%| F|  |TAMS 0x000000071ee00000, 0x000000071ee00000| Untracked 
|2296|0x000000071f000000, 0x000000071f000000, 0x000000071f200000|  0%| F|  |TAMS 0x000000071f000000, 0x000000071f000000| Untracked 
|2297|0x000000071f200000, 0x000000071f200000, 0x000000071f400000|  0%| F|  |TAMS 0x000000071f200000, 0x000000071f200000| Untracked 
|2298|0x000000071f400000, 0x000000071f400000, 0x000000071f600000|  0%| F|  |TAMS 0x000000071f400000, 0x000000071f400000| Untracked 
|2299|0x000000071f600000, 0x000000071f600000, 0x000000071f800000|  0%| F|  |TAMS 0x000000071f600000, 0x000000071f600000| Untracked 
|2300|0x000000071f800000, 0x000000071f800000, 0x000000071fa00000|  0%| F|  |TAMS 0x000000071f800000, 0x000000071f800000| Untracked 
|2301|0x000000071fa00000, 0x000000071fa00000, 0x000000071fc00000|  0%| F|  |TAMS 0x000000071fa00000, 0x000000071fa00000| Untracked 
|2302|0x000000071fc00000, 0x000000071fc00000, 0x000000071fe00000|  0%| F|  |TAMS 0x000000071fc00000, 0x000000071fc00000| Untracked 
|2303|0x000000071fe00000, 0x000000071fe00000, 0x0000000720000000|  0%| F|  |TAMS 0x000000071fe00000, 0x000000071fe00000| Untracked 
|2304|0x0000000720000000, 0x0000000720000000, 0x0000000720200000|  0%| F|  |TAMS 0x0000000720000000, 0x0000000720000000| Untracked 
|2305|0x0000000720200000, 0x0000000720200000, 0x0000000720400000|  0%| F|  |TAMS 0x0000000720200000, 0x0000000720200000| Untracked 
|2306|0x0000000720400000, 0x0000000720400000, 0x0000000720600000|  0%| F|  |TAMS 0x0000000720400000, 0x0000000720400000| Untracked 
|2307|0x0000000720600000, 0x0000000720600000, 0x0000000720800000|  0%| F|  |TAMS 0x0000000720600000, 0x0000000720600000| Untracked 
|2308|0x0000000720800000, 0x0000000720800000, 0x0000000720a00000|  0%| F|  |TAMS 0x0000000720800000, 0x0000000720800000| Untracked 
|2309|0x0000000720a00000, 0x0000000720a00000, 0x0000000720c00000|  0%| F|  |TAMS 0x0000000720a00000, 0x0000000720a00000| Untracked 
|2310|0x0000000720c00000, 0x0000000720c00000, 0x0000000720e00000|  0%| F|  |TAMS 0x0000000720c00000, 0x0000000720c00000| Untracked 
|2311|0x0000000720e00000, 0x0000000720e00000, 0x0000000721000000|  0%| F|  |TAMS 0x0000000720e00000, 0x0000000720e00000| Untracked 
|2312|0x0000000721000000, 0x0000000721000000, 0x0000000721200000|  0%| F|  |TAMS 0x0000000721000000, 0x0000000721000000| Untracked 
|2313|0x0000000721200000, 0x0000000721200000, 0x0000000721400000|  0%| F|  |TAMS 0x0000000721200000, 0x0000000721200000| Untracked 
|2314|0x0000000721400000, 0x0000000721400000, 0x0000000721600000|  0%| F|  |TAMS 0x0000000721400000, 0x0000000721400000| Untracked 
|2315|0x0000000721600000, 0x0000000721600000, 0x0000000721800000|  0%| F|  |TAMS 0x0000000721600000, 0x0000000721600000| Untracked 
|2316|0x0000000721800000, 0x0000000721800000, 0x0000000721a00000|  0%| F|  |TAMS 0x0000000721800000, 0x0000000721800000| Untracked 
|2317|0x0000000721a00000, 0x0000000721a00000, 0x0000000721c00000|  0%| F|  |TAMS 0x0000000721a00000, 0x0000000721a00000| Untracked 
|2318|0x0000000721c00000, 0x0000000721c00000, 0x0000000721e00000|  0%| F|  |TAMS 0x0000000721c00000, 0x0000000721c00000| Untracked 
|2319|0x0000000721e00000, 0x0000000721e00000, 0x0000000722000000|  0%| F|  |TAMS 0x0000000721e00000, 0x0000000721e00000| Untracked 
|2320|0x0000000722000000, 0x0000000722000000, 0x0000000722200000|  0%| F|  |TAMS 0x0000000722000000, 0x0000000722000000| Untracked 
|2321|0x0000000722200000, 0x0000000722200000, 0x0000000722400000|  0%| F|  |TAMS 0x0000000722200000, 0x0000000722200000| Untracked 
|2322|0x0000000722400000, 0x0000000722400000, 0x0000000722600000|  0%| F|  |TAMS 0x0000000722400000, 0x0000000722400000| Untracked 
|2323|0x0000000722600000, 0x0000000722600000, 0x0000000722800000|  0%| F|  |TAMS 0x0000000722600000, 0x0000000722600000| Untracked 
|2324|0x0000000722800000, 0x0000000722800000, 0x0000000722a00000|  0%| F|  |TAMS 0x0000000722800000, 0x0000000722800000| Untracked 
|2325|0x0000000722a00000, 0x0000000722a00000, 0x0000000722c00000|  0%| F|  |TAMS 0x0000000722a00000, 0x0000000722a00000| Untracked 
|2326|0x0000000722c00000, 0x0000000722c00000, 0x0000000722e00000|  0%| F|  |TAMS 0x0000000722c00000, 0x0000000722c00000| Untracked 
|2327|0x0000000722e00000, 0x0000000722e00000, 0x0000000723000000|  0%| F|  |TAMS 0x0000000722e00000, 0x0000000722e00000| Untracked 
|2328|0x0000000723000000, 0x0000000723000000, 0x0000000723200000|  0%| F|  |TAMS 0x0000000723000000, 0x0000000723000000| Untracked 
|2329|0x0000000723200000, 0x0000000723200000, 0x0000000723400000|  0%| F|  |TAMS 0x0000000723200000, 0x0000000723200000| Untracked 
|2330|0x0000000723400000, 0x0000000723400000, 0x0000000723600000|  0%| F|  |TAMS 0x0000000723400000, 0x0000000723400000| Untracked 
|2331|0x0000000723600000, 0x0000000723600000, 0x0000000723800000|  0%| F|  |TAMS 0x0000000723600000, 0x0000000723600000| Untracked 
|2332|0x0000000723800000, 0x0000000723800000, 0x0000000723a00000|  0%| F|  |TAMS 0x0000000723800000, 0x0000000723800000| Untracked 
|2333|0x0000000723a00000, 0x0000000723a00000, 0x0000000723c00000|  0%| F|  |TAMS 0x0000000723a00000, 0x0000000723a00000| Untracked 
|2334|0x0000000723c00000, 0x0000000723c00000, 0x0000000723e00000|  0%| F|  |TAMS 0x0000000723c00000, 0x0000000723c00000| Untracked 
|2335|0x0000000723e00000, 0x0000000723e00000, 0x0000000724000000|  0%| F|  |TAMS 0x0000000723e00000, 0x0000000723e00000| Untracked 
|2336|0x0000000724000000, 0x0000000724000000, 0x0000000724200000|  0%| F|  |TAMS 0x0000000724000000, 0x0000000724000000| Untracked 
|2337|0x0000000724200000, 0x0000000724200000, 0x0000000724400000|  0%| F|  |TAMS 0x0000000724200000, 0x0000000724200000| Untracked 
|2338|0x0000000724400000, 0x0000000724400000, 0x0000000724600000|  0%| F|  |TAMS 0x0000000724400000, 0x0000000724400000| Untracked 
|2339|0x0000000724600000, 0x0000000724600000, 0x0000000724800000|  0%| F|  |TAMS 0x0000000724600000, 0x0000000724600000| Untracked 
|2340|0x0000000724800000, 0x0000000724800000, 0x0000000724a00000|  0%| F|  |TAMS 0x0000000724800000, 0x0000000724800000| Untracked 
|2341|0x0000000724a00000, 0x0000000724a00000, 0x0000000724c00000|  0%| F|  |TAMS 0x0000000724a00000, 0x0000000724a00000| Untracked 
|2342|0x0000000724c00000, 0x0000000724c00000, 0x0000000724e00000|  0%| F|  |TAMS 0x0000000724c00000, 0x0000000724c00000| Untracked 
|2343|0x0000000724e00000, 0x0000000724e00000, 0x0000000725000000|  0%| F|  |TAMS 0x0000000724e00000, 0x0000000724e00000| Untracked 
|2344|0x0000000725000000, 0x0000000725000000, 0x0000000725200000|  0%| F|  |TAMS 0x0000000725000000, 0x0000000725000000| Untracked 
|2345|0x0000000725200000, 0x0000000725200000, 0x0000000725400000|  0%| F|  |TAMS 0x0000000725200000, 0x0000000725200000| Untracked 
|2346|0x0000000725400000, 0x0000000725400000, 0x0000000725600000|  0%| F|  |TAMS 0x0000000725400000, 0x0000000725400000| Untracked 
|2347|0x0000000725600000, 0x0000000725600000, 0x0000000725800000|  0%| F|  |TAMS 0x0000000725600000, 0x0000000725600000| Untracked 
|2348|0x0000000725800000, 0x0000000725800000, 0x0000000725a00000|  0%| F|  |TAMS 0x0000000725800000, 0x0000000725800000| Untracked 
|2349|0x0000000725a00000, 0x0000000725a00000, 0x0000000725c00000|  0%| F|  |TAMS 0x0000000725a00000, 0x0000000725a00000| Untracked 
|2350|0x0000000725c00000, 0x0000000725c00000, 0x0000000725e00000|  0%| F|  |TAMS 0x0000000725c00000, 0x0000000725c00000| Untracked 
|2351|0x0000000725e00000, 0x0000000725e00000, 0x0000000726000000|  0%| F|  |TAMS 0x0000000725e00000, 0x0000000725e00000| Untracked 
|2352|0x0000000726000000, 0x0000000726000000, 0x0000000726200000|  0%| F|  |TAMS 0x0000000726000000, 0x0000000726000000| Untracked 
|2353|0x0000000726200000, 0x0000000726200000, 0x0000000726400000|  0%| F|  |TAMS 0x0000000726200000, 0x0000000726200000| Untracked 
|2354|0x0000000726400000, 0x0000000726400000, 0x0000000726600000|  0%| F|  |TAMS 0x0000000726400000, 0x0000000726400000| Untracked 
|2355|0x0000000726600000, 0x0000000726600000, 0x0000000726800000|  0%| F|  |TAMS 0x0000000726600000, 0x0000000726600000| Untracked 
|2356|0x0000000726800000, 0x0000000726800000, 0x0000000726a00000|  0%| F|  |TAMS 0x0000000726800000, 0x0000000726800000| Untracked 
|2357|0x0000000726a00000, 0x0000000726a00000, 0x0000000726c00000|  0%| F|  |TAMS 0x0000000726a00000, 0x0000000726a00000| Untracked 
|2358|0x0000000726c00000, 0x0000000726c00000, 0x0000000726e00000|  0%| F|  |TAMS 0x0000000726c00000, 0x0000000726c00000| Untracked 
|2359|0x0000000726e00000, 0x0000000726e00000, 0x0000000727000000|  0%| F|  |TAMS 0x0000000726e00000, 0x0000000726e00000| Untracked 
|2360|0x0000000727000000, 0x0000000727000000, 0x0000000727200000|  0%| F|  |TAMS 0x0000000727000000, 0x0000000727000000| Untracked 
|2361|0x0000000727200000, 0x0000000727200000, 0x0000000727400000|  0%| F|  |TAMS 0x0000000727200000, 0x0000000727200000| Untracked 
|2362|0x0000000727400000, 0x0000000727400000, 0x0000000727600000|  0%| F|  |TAMS 0x0000000727400000, 0x0000000727400000| Untracked 
|2363|0x0000000727600000, 0x0000000727600000, 0x0000000727800000|  0%| F|  |TAMS 0x0000000727600000, 0x0000000727600000| Untracked 
|2364|0x0000000727800000, 0x0000000727800000, 0x0000000727a00000|  0%| F|  |TAMS 0x0000000727800000, 0x0000000727800000| Untracked 
|2365|0x0000000727a00000, 0x0000000727a00000, 0x0000000727c00000|  0%| F|  |TAMS 0x0000000727a00000, 0x0000000727a00000| Untracked 
|2366|0x0000000727c00000, 0x0000000727c00000, 0x0000000727e00000|  0%| F|  |TAMS 0x0000000727c00000, 0x0000000727c00000| Untracked 
|2367|0x0000000727e00000, 0x0000000727e00000, 0x0000000728000000|  0%| F|  |TAMS 0x0000000727e00000, 0x0000000727e00000| Untracked 
|2368|0x0000000728000000, 0x0000000728000000, 0x0000000728200000|  0%| F|  |TAMS 0x0000000728000000, 0x0000000728000000| Untracked 
|2369|0x0000000728200000, 0x0000000728200000, 0x0000000728400000|  0%| F|  |TAMS 0x0000000728200000, 0x0000000728200000| Untracked 
|2370|0x0000000728400000, 0x0000000728400000, 0x0000000728600000|  0%| F|  |TAMS 0x0000000728400000, 0x0000000728400000| Untracked 
|2371|0x0000000728600000, 0x0000000728600000, 0x0000000728800000|  0%| F|  |TAMS 0x0000000728600000, 0x0000000728600000| Untracked 
|2372|0x0000000728800000, 0x0000000728800000, 0x0000000728a00000|  0%| F|  |TAMS 0x0000000728800000, 0x0000000728800000| Untracked 
|2373|0x0000000728a00000, 0x0000000728a00000, 0x0000000728c00000|  0%| F|  |TAMS 0x0000000728a00000, 0x0000000728a00000| Untracked 
|2374|0x0000000728c00000, 0x0000000728c00000, 0x0000000728e00000|  0%| F|  |TAMS 0x0000000728c00000, 0x0000000728c00000| Untracked 
|2375|0x0000000728e00000, 0x0000000728e00000, 0x0000000729000000|  0%| F|  |TAMS 0x0000000728e00000, 0x0000000728e00000| Untracked 
|2376|0x0000000729000000, 0x0000000729000000, 0x0000000729200000|  0%| F|  |TAMS 0x0000000729000000, 0x0000000729000000| Untracked 
|2377|0x0000000729200000, 0x0000000729200000, 0x0000000729400000|  0%| F|  |TAMS 0x0000000729200000, 0x0000000729200000| Untracked 
|2378|0x0000000729400000, 0x0000000729400000, 0x0000000729600000|  0%| F|  |TAMS 0x0000000729400000, 0x0000000729400000| Untracked 
|2379|0x0000000729600000, 0x0000000729600000, 0x0000000729800000|  0%| F|  |TAMS 0x0000000729600000, 0x0000000729600000| Untracked 
|2380|0x0000000729800000, 0x0000000729800000, 0x0000000729a00000|  0%| F|  |TAMS 0x0000000729800000, 0x0000000729800000| Untracked 
|2381|0x0000000729a00000, 0x0000000729a00000, 0x0000000729c00000|  0%| F|  |TAMS 0x0000000729a00000, 0x0000000729a00000| Untracked 
|2382|0x0000000729c00000, 0x0000000729c00000, 0x0000000729e00000|  0%| F|  |TAMS 0x0000000729c00000, 0x0000000729c00000| Untracked 
|2383|0x0000000729e00000, 0x0000000729e00000, 0x000000072a000000|  0%| F|  |TAMS 0x0000000729e00000, 0x0000000729e00000| Untracked 
|2384|0x000000072a000000, 0x000000072a000000, 0x000000072a200000|  0%| F|  |TAMS 0x000000072a000000, 0x000000072a000000| Untracked 
|2385|0x000000072a200000, 0x000000072a200000, 0x000000072a400000|  0%| F|  |TAMS 0x000000072a200000, 0x000000072a200000| Untracked 
|2386|0x000000072a400000, 0x000000072a400000, 0x000000072a600000|  0%| F|  |TAMS 0x000000072a400000, 0x000000072a400000| Untracked 
|2387|0x000000072a600000, 0x000000072a600000, 0x000000072a800000|  0%| F|  |TAMS 0x000000072a600000, 0x000000072a600000| Untracked 
|2388|0x000000072a800000, 0x000000072a800000, 0x000000072aa00000|  0%| F|  |TAMS 0x000000072a800000, 0x000000072a800000| Untracked 
|2389|0x000000072aa00000, 0x000000072aa00000, 0x000000072ac00000|  0%| F|  |TAMS 0x000000072aa00000, 0x000000072aa00000| Untracked 
|2390|0x000000072ac00000, 0x000000072ac00000, 0x000000072ae00000|  0%| F|  |TAMS 0x000000072ac00000, 0x000000072ac00000| Untracked 
|2391|0x000000072ae00000, 0x000000072ae00000, 0x000000072b000000|  0%| F|  |TAMS 0x000000072ae00000, 0x000000072ae00000| Untracked 
|2392|0x000000072b000000, 0x000000072b000000, 0x000000072b200000|  0%| F|  |TAMS 0x000000072b000000, 0x000000072b000000| Untracked 
|2393|0x000000072b200000, 0x000000072b200000, 0x000000072b400000|  0%| F|  |TAMS 0x000000072b200000, 0x000000072b200000| Untracked 
|2394|0x000000072b400000, 0x000000072b400000, 0x000000072b600000|  0%| F|  |TAMS 0x000000072b400000, 0x000000072b400000| Untracked 
|2395|0x000000072b600000, 0x000000072b600000, 0x000000072b800000|  0%| F|  |TAMS 0x000000072b600000, 0x000000072b600000| Untracked 
|2396|0x000000072b800000, 0x000000072b800000, 0x000000072ba00000|  0%| F|  |TAMS 0x000000072b800000, 0x000000072b800000| Untracked 
|2397|0x000000072ba00000, 0x000000072ba00000, 0x000000072bc00000|  0%| F|  |TAMS 0x000000072ba00000, 0x000000072ba00000| Untracked 
|2398|0x000000072bc00000, 0x000000072bc00000, 0x000000072be00000|  0%| F|  |TAMS 0x000000072bc00000, 0x000000072bc00000| Untracked 
|2399|0x000000072be00000, 0x000000072be00000, 0x000000072c000000|  0%| F|  |TAMS 0x000000072be00000, 0x000000072be00000| Untracked 
|2400|0x000000072c000000, 0x000000072c000000, 0x000000072c200000|  0%| F|  |TAMS 0x000000072c000000, 0x000000072c000000| Untracked 
|2401|0x000000072c200000, 0x000000072c200000, 0x000000072c400000|  0%| F|  |TAMS 0x000000072c200000, 0x000000072c200000| Untracked 
|2402|0x000000072c400000, 0x000000072c400000, 0x000000072c600000|  0%| F|  |TAMS 0x000000072c400000, 0x000000072c400000| Untracked 
|2403|0x000000072c600000, 0x000000072c600000, 0x000000072c800000|  0%| F|  |TAMS 0x000000072c600000, 0x000000072c600000| Untracked 
|2404|0x000000072c800000, 0x000000072c800000, 0x000000072ca00000|  0%| F|  |TAMS 0x000000072c800000, 0x000000072c800000| Untracked 
|2405|0x000000072ca00000, 0x000000072ca00000, 0x000000072cc00000|  0%| F|  |TAMS 0x000000072ca00000, 0x000000072ca00000| Untracked 
|2406|0x000000072cc00000, 0x000000072cc00000, 0x000000072ce00000|  0%| F|  |TAMS 0x000000072cc00000, 0x000000072cc00000| Untracked 
|2407|0x000000072ce00000, 0x000000072ce00000, 0x000000072d000000|  0%| F|  |TAMS 0x000000072ce00000, 0x000000072ce00000| Untracked 
|2408|0x000000072d000000, 0x000000072d000000, 0x000000072d200000|  0%| F|  |TAMS 0x000000072d000000, 0x000000072d000000| Untracked 
|2409|0x000000072d200000, 0x000000072d200000, 0x000000072d400000|  0%| F|  |TAMS 0x000000072d200000, 0x000000072d200000| Untracked 
|2410|0x000000072d400000, 0x000000072d400000, 0x000000072d600000|  0%| F|  |TAMS 0x000000072d400000, 0x000000072d400000| Untracked 
|2411|0x000000072d600000, 0x000000072d600000, 0x000000072d800000|  0%| F|  |TAMS 0x000000072d600000, 0x000000072d600000| Untracked 
|2412|0x000000072d800000, 0x000000072d800000, 0x000000072da00000|  0%| F|  |TAMS 0x000000072d800000, 0x000000072d800000| Untracked 
|2413|0x000000072da00000, 0x000000072da00000, 0x000000072dc00000|  0%| F|  |TAMS 0x000000072da00000, 0x000000072da00000| Untracked 
|2414|0x000000072dc00000, 0x000000072dc00000, 0x000000072de00000|  0%| F|  |TAMS 0x000000072dc00000, 0x000000072dc00000| Untracked 
|2415|0x000000072de00000, 0x000000072de00000, 0x000000072e000000|  0%| F|  |TAMS 0x000000072de00000, 0x000000072de00000| Untracked 
|2416|0x000000072e000000, 0x000000072e000000, 0x000000072e200000|  0%| F|  |TAMS 0x000000072e000000, 0x000000072e000000| Untracked 
|2417|0x000000072e200000, 0x000000072e200000, 0x000000072e400000|  0%| F|  |TAMS 0x000000072e200000, 0x000000072e200000| Untracked 
|2418|0x000000072e400000, 0x000000072e400000, 0x000000072e600000|  0%| F|  |TAMS 0x000000072e400000, 0x000000072e400000| Untracked 
|2419|0x000000072e600000, 0x000000072e600000, 0x000000072e800000|  0%| F|  |TAMS 0x000000072e600000, 0x000000072e600000| Untracked 
|2420|0x000000072e800000, 0x000000072e800000, 0x000000072ea00000|  0%| F|  |TAMS 0x000000072e800000, 0x000000072e800000| Untracked 
|2421|0x000000072ea00000, 0x000000072ea00000, 0x000000072ec00000|  0%| F|  |TAMS 0x000000072ea00000, 0x000000072ea00000| Untracked 
|2422|0x000000072ec00000, 0x000000072ec00000, 0x000000072ee00000|  0%| F|  |TAMS 0x000000072ec00000, 0x000000072ec00000| Untracked 
|2423|0x000000072ee00000, 0x000000072ee00000, 0x000000072f000000|  0%| F|  |TAMS 0x000000072ee00000, 0x000000072ee00000| Untracked 
|2424|0x000000072f000000, 0x000000072f000000, 0x000000072f200000|  0%| F|  |TAMS 0x000000072f000000, 0x000000072f000000| Untracked 
|2425|0x000000072f200000, 0x000000072f200000, 0x000000072f400000|  0%| F|  |TAMS 0x000000072f200000, 0x000000072f200000| Untracked 
|2426|0x000000072f400000, 0x000000072f400000, 0x000000072f600000|  0%| F|  |TAMS 0x000000072f400000, 0x000000072f400000| Untracked 
|2427|0x000000072f600000, 0x000000072f600000, 0x000000072f800000|  0%| F|  |TAMS 0x000000072f600000, 0x000000072f600000| Untracked 
|2428|0x000000072f800000, 0x000000072f800000, 0x000000072fa00000|  0%| F|  |TAMS 0x000000072f800000, 0x000000072f800000| Untracked 
|2429|0x000000072fa00000, 0x000000072fa00000, 0x000000072fc00000|  0%| F|  |TAMS 0x000000072fa00000, 0x000000072fa00000| Untracked 
|2430|0x000000072fc00000, 0x000000072fc00000, 0x000000072fe00000|  0%| F|  |TAMS 0x000000072fc00000, 0x000000072fc00000| Untracked 
|2431|0x000000072fe00000, 0x000000072fe00000, 0x0000000730000000|  0%| F|  |TAMS 0x000000072fe00000, 0x000000072fe00000| Untracked 
|2432|0x0000000730000000, 0x0000000730000000, 0x0000000730200000|  0%| F|  |TAMS 0x0000000730000000, 0x0000000730000000| Untracked 
|2433|0x0000000730200000, 0x0000000730200000, 0x0000000730400000|  0%| F|  |TAMS 0x0000000730200000, 0x0000000730200000| Untracked 
|2434|0x0000000730400000, 0x0000000730400000, 0x0000000730600000|  0%| F|  |TAMS 0x0000000730400000, 0x0000000730400000| Untracked 
|2435|0x0000000730600000, 0x0000000730600000, 0x0000000730800000|  0%| F|  |TAMS 0x0000000730600000, 0x0000000730600000| Untracked 
|2436|0x0000000730800000, 0x0000000730800000, 0x0000000730a00000|  0%| F|  |TAMS 0x0000000730800000, 0x0000000730800000| Untracked 
|2437|0x0000000730a00000, 0x0000000730a00000, 0x0000000730c00000|  0%| F|  |TAMS 0x0000000730a00000, 0x0000000730a00000| Untracked 
|2438|0x0000000730c00000, 0x0000000730c00000, 0x0000000730e00000|  0%| F|  |TAMS 0x0000000730c00000, 0x0000000730c00000| Untracked 
|2439|0x0000000730e00000, 0x0000000730e00000, 0x0000000731000000|  0%| F|  |TAMS 0x0000000730e00000, 0x0000000730e00000| Untracked 
|2440|0x0000000731000000, 0x0000000731000000, 0x0000000731200000|  0%| F|  |TAMS 0x0000000731000000, 0x0000000731000000| Untracked 
|2441|0x0000000731200000, 0x0000000731200000, 0x0000000731400000|  0%| F|  |TAMS 0x0000000731200000, 0x0000000731200000| Untracked 
|2442|0x0000000731400000, 0x0000000731400000, 0x0000000731600000|  0%| F|  |TAMS 0x0000000731400000, 0x0000000731400000| Untracked 
|2443|0x0000000731600000, 0x0000000731600000, 0x0000000731800000|  0%| F|  |TAMS 0x0000000731600000, 0x0000000731600000| Untracked 
|2444|0x0000000731800000, 0x0000000731800000, 0x0000000731a00000|  0%| F|  |TAMS 0x0000000731800000, 0x0000000731800000| Untracked 
|2445|0x0000000731a00000, 0x0000000731a00000, 0x0000000731c00000|  0%| F|  |TAMS 0x0000000731a00000, 0x0000000731a00000| Untracked 
|2446|0x0000000731c00000, 0x0000000731c00000, 0x0000000731e00000|  0%| F|  |TAMS 0x0000000731c00000, 0x0000000731c00000| Untracked 
|2447|0x0000000731e00000, 0x0000000731e00000, 0x0000000732000000|  0%| F|  |TAMS 0x0000000731e00000, 0x0000000731e00000| Untracked 
|2448|0x0000000732000000, 0x0000000732000000, 0x0000000732200000|  0%| F|  |TAMS 0x0000000732000000, 0x0000000732000000| Untracked 
|2449|0x0000000732200000, 0x0000000732200000, 0x0000000732400000|  0%| F|  |TAMS 0x0000000732200000, 0x0000000732200000| Untracked 
|2450|0x0000000732400000, 0x0000000732400000, 0x0000000732600000|  0%| F|  |TAMS 0x0000000732400000, 0x0000000732400000| Untracked 
|2451|0x0000000732600000, 0x0000000732600000, 0x0000000732800000|  0%| F|  |TAMS 0x0000000732600000, 0x0000000732600000| Untracked 
|2452|0x0000000732800000, 0x0000000732800000, 0x0000000732a00000|  0%| F|  |TAMS 0x0000000732800000, 0x0000000732800000| Untracked 
|2453|0x0000000732a00000, 0x0000000732a00000, 0x0000000732c00000|  0%| F|  |TAMS 0x0000000732a00000, 0x0000000732a00000| Untracked 
|2454|0x0000000732c00000, 0x0000000732c00000, 0x0000000732e00000|  0%| F|  |TAMS 0x0000000732c00000, 0x0000000732c00000| Untracked 
|2455|0x0000000732e00000, 0x0000000732e00000, 0x0000000733000000|  0%| F|  |TAMS 0x0000000732e00000, 0x0000000732e00000| Untracked 
|2456|0x0000000733000000, 0x0000000733000000, 0x0000000733200000|  0%| F|  |TAMS 0x0000000733000000, 0x0000000733000000| Untracked 
|2457|0x0000000733200000, 0x0000000733200000, 0x0000000733400000|  0%| F|  |TAMS 0x0000000733200000, 0x0000000733200000| Untracked 
|2458|0x0000000733400000, 0x0000000733400000, 0x0000000733600000|  0%| F|  |TAMS 0x0000000733400000, 0x0000000733400000| Untracked 
|2459|0x0000000733600000, 0x0000000733600000, 0x0000000733800000|  0%| F|  |TAMS 0x0000000733600000, 0x0000000733600000| Untracked 
|2460|0x0000000733800000, 0x0000000733800000, 0x0000000733a00000|  0%| F|  |TAMS 0x0000000733800000, 0x0000000733800000| Untracked 
|2461|0x0000000733a00000, 0x0000000733a00000, 0x0000000733c00000|  0%| F|  |TAMS 0x0000000733a00000, 0x0000000733a00000| Untracked 
|2462|0x0000000733c00000, 0x0000000733c00000, 0x0000000733e00000|  0%| F|  |TAMS 0x0000000733c00000, 0x0000000733c00000| Untracked 
|2463|0x0000000733e00000, 0x0000000733e00000, 0x0000000734000000|  0%| F|  |TAMS 0x0000000733e00000, 0x0000000733e00000| Untracked 
|2464|0x0000000734000000, 0x0000000734000000, 0x0000000734200000|  0%| F|  |TAMS 0x0000000734000000, 0x0000000734000000| Untracked 
|2465|0x0000000734200000, 0x0000000734200000, 0x0000000734400000|  0%| F|  |TAMS 0x0000000734200000, 0x0000000734200000| Untracked 
|2466|0x0000000734400000, 0x0000000734400000, 0x0000000734600000|  0%| F|  |TAMS 0x0000000734400000, 0x0000000734400000| Untracked 
|2467|0x0000000734600000, 0x0000000734600000, 0x0000000734800000|  0%| F|  |TAMS 0x0000000734600000, 0x0000000734600000| Untracked 
|2468|0x0000000734800000, 0x0000000734800000, 0x0000000734a00000|  0%| F|  |TAMS 0x0000000734800000, 0x0000000734800000| Untracked 
|2469|0x0000000734a00000, 0x0000000734a00000, 0x0000000734c00000|  0%| F|  |TAMS 0x0000000734a00000, 0x0000000734a00000| Untracked 
|2470|0x0000000734c00000, 0x0000000734c00000, 0x0000000734e00000|  0%| F|  |TAMS 0x0000000734c00000, 0x0000000734c00000| Untracked 
|2471|0x0000000734e00000, 0x0000000734e00000, 0x0000000735000000|  0%| F|  |TAMS 0x0000000734e00000, 0x0000000734e00000| Untracked 
|2472|0x0000000735000000, 0x0000000735000000, 0x0000000735200000|  0%| F|  |TAMS 0x0000000735000000, 0x0000000735000000| Untracked 
|2473|0x0000000735200000, 0x0000000735200000, 0x0000000735400000|  0%| F|  |TAMS 0x0000000735200000, 0x0000000735200000| Untracked 
|2474|0x0000000735400000, 0x0000000735400000, 0x0000000735600000|  0%| F|  |TAMS 0x0000000735400000, 0x0000000735400000| Untracked 
|2475|0x0000000735600000, 0x0000000735600000, 0x0000000735800000|  0%| F|  |TAMS 0x0000000735600000, 0x0000000735600000| Untracked 
|2476|0x0000000735800000, 0x0000000735800000, 0x0000000735a00000|  0%| F|  |TAMS 0x0000000735800000, 0x0000000735800000| Untracked 
|2477|0x0000000735a00000, 0x0000000735a00000, 0x0000000735c00000|  0%| F|  |TAMS 0x0000000735a00000, 0x0000000735a00000| Untracked 
|2478|0x0000000735c00000, 0x0000000735c00000, 0x0000000735e00000|  0%| F|  |TAMS 0x0000000735c00000, 0x0000000735c00000| Untracked 
|2479|0x0000000735e00000, 0x0000000735e00000, 0x0000000736000000|  0%| F|  |TAMS 0x0000000735e00000, 0x0000000735e00000| Untracked 
|2480|0x0000000736000000, 0x0000000736000000, 0x0000000736200000|  0%| F|  |TAMS 0x0000000736000000, 0x0000000736000000| Untracked 
|2481|0x0000000736200000, 0x0000000736200000, 0x0000000736400000|  0%| F|  |TAMS 0x0000000736200000, 0x0000000736200000| Untracked 
|2482|0x0000000736400000, 0x0000000736400000, 0x0000000736600000|  0%| F|  |TAMS 0x0000000736400000, 0x0000000736400000| Untracked 
|2483|0x0000000736600000, 0x0000000736600000, 0x0000000736800000|  0%| F|  |TAMS 0x0000000736600000, 0x0000000736600000| Untracked 
|2484|0x0000000736800000, 0x0000000736800000, 0x0000000736a00000|  0%| F|  |TAMS 0x0000000736800000, 0x0000000736800000| Untracked 
|2485|0x0000000736a00000, 0x0000000736a00000, 0x0000000736c00000|  0%| F|  |TAMS 0x0000000736a00000, 0x0000000736a00000| Untracked 
|2486|0x0000000736c00000, 0x0000000736c00000, 0x0000000736e00000|  0%| F|  |TAMS 0x0000000736c00000, 0x0000000736c00000| Untracked 
|2487|0x0000000736e00000, 0x0000000736e00000, 0x0000000737000000|  0%| F|  |TAMS 0x0000000736e00000, 0x0000000736e00000| Untracked 
|2488|0x0000000737000000, 0x0000000737000000, 0x0000000737200000|  0%| F|  |TAMS 0x0000000737000000, 0x0000000737000000| Untracked 
|2489|0x0000000737200000, 0x0000000737200000, 0x0000000737400000|  0%| F|  |TAMS 0x0000000737200000, 0x0000000737200000| Untracked 
|2490|0x0000000737400000, 0x0000000737400000, 0x0000000737600000|  0%| F|  |TAMS 0x0000000737400000, 0x0000000737400000| Untracked 
|2491|0x0000000737600000, 0x0000000737600000, 0x0000000737800000|  0%| F|  |TAMS 0x0000000737600000, 0x0000000737600000| Untracked 
|2492|0x0000000737800000, 0x0000000737800000, 0x0000000737a00000|  0%| F|  |TAMS 0x0000000737800000, 0x0000000737800000| Untracked 
|2493|0x0000000737a00000, 0x0000000737a00000, 0x0000000737c00000|  0%| F|  |TAMS 0x0000000737a00000, 0x0000000737a00000| Untracked 
|2494|0x0000000737c00000, 0x0000000737c00000, 0x0000000737e00000|  0%| F|  |TAMS 0x0000000737c00000, 0x0000000737c00000| Untracked 
|2495|0x0000000737e00000, 0x0000000737e00000, 0x0000000738000000|  0%| F|  |TAMS 0x0000000737e00000, 0x0000000737e00000| Untracked 
|2496|0x0000000738000000, 0x0000000738000000, 0x0000000738200000|  0%| F|  |TAMS 0x0000000738000000, 0x0000000738000000| Untracked 
|2497|0x0000000738200000, 0x0000000738200000, 0x0000000738400000|  0%| F|  |TAMS 0x0000000738200000, 0x0000000738200000| Untracked 
|2498|0x0000000738400000, 0x0000000738400000, 0x0000000738600000|  0%| F|  |TAMS 0x0000000738400000, 0x0000000738400000| Untracked 
|2499|0x0000000738600000, 0x0000000738600000, 0x0000000738800000|  0%| F|  |TAMS 0x0000000738600000, 0x0000000738600000| Untracked 
|2500|0x0000000738800000, 0x0000000738800000, 0x0000000738a00000|  0%| F|  |TAMS 0x0000000738800000, 0x0000000738800000| Untracked 
|2501|0x0000000738a00000, 0x0000000738a00000, 0x0000000738c00000|  0%| F|  |TAMS 0x0000000738a00000, 0x0000000738a00000| Untracked 
|2502|0x0000000738c00000, 0x0000000738c00000, 0x0000000738e00000|  0%| F|  |TAMS 0x0000000738c00000, 0x0000000738c00000| Untracked 
|2503|0x0000000738e00000, 0x0000000738e00000, 0x0000000739000000|  0%| F|  |TAMS 0x0000000738e00000, 0x0000000738e00000| Untracked 
|2504|0x0000000739000000, 0x0000000739000000, 0x0000000739200000|  0%| F|  |TAMS 0x0000000739000000, 0x0000000739000000| Untracked 
|2505|0x0000000739200000, 0x0000000739200000, 0x0000000739400000|  0%| F|  |TAMS 0x0000000739200000, 0x0000000739200000| Untracked 
|2506|0x0000000739400000, 0x0000000739400000, 0x0000000739600000|  0%| F|  |TAMS 0x0000000739400000, 0x0000000739400000| Untracked 
|2507|0x0000000739600000, 0x0000000739600000, 0x0000000739800000|  0%| F|  |TAMS 0x0000000739600000, 0x0000000739600000| Untracked 
|2508|0x0000000739800000, 0x0000000739800000, 0x0000000739a00000|  0%| F|  |TAMS 0x0000000739800000, 0x0000000739800000| Untracked 
|2509|0x0000000739a00000, 0x0000000739a00000, 0x0000000739c00000|  0%| F|  |TAMS 0x0000000739a00000, 0x0000000739a00000| Untracked 
|2510|0x0000000739c00000, 0x0000000739c00000, 0x0000000739e00000|  0%| F|  |TAMS 0x0000000739c00000, 0x0000000739c00000| Untracked 
|2511|0x0000000739e00000, 0x0000000739e00000, 0x000000073a000000|  0%| F|  |TAMS 0x0000000739e00000, 0x0000000739e00000| Untracked 
|2512|0x000000073a000000, 0x000000073a000000, 0x000000073a200000|  0%| F|  |TAMS 0x000000073a000000, 0x000000073a000000| Untracked 
|2513|0x000000073a200000, 0x000000073a200000, 0x000000073a400000|  0%| F|  |TAMS 0x000000073a200000, 0x000000073a200000| Untracked 
|2514|0x000000073a400000, 0x000000073a400000, 0x000000073a600000|  0%| F|  |TAMS 0x000000073a400000, 0x000000073a400000| Untracked 
|2515|0x000000073a600000, 0x000000073a600000, 0x000000073a800000|  0%| F|  |TAMS 0x000000073a600000, 0x000000073a600000| Untracked 
|2516|0x000000073a800000, 0x000000073a800000, 0x000000073aa00000|  0%| F|  |TAMS 0x000000073a800000, 0x000000073a800000| Untracked 
|2517|0x000000073aa00000, 0x000000073aa00000, 0x000000073ac00000|  0%| F|  |TAMS 0x000000073aa00000, 0x000000073aa00000| Untracked 
|2518|0x000000073ac00000, 0x000000073ac00000, 0x000000073ae00000|  0%| F|  |TAMS 0x000000073ac00000, 0x000000073ac00000| Untracked 
|2519|0x000000073ae00000, 0x000000073ae00000, 0x000000073b000000|  0%| F|  |TAMS 0x000000073ae00000, 0x000000073ae00000| Untracked 
|2520|0x000000073b000000, 0x000000073b000000, 0x000000073b200000|  0%| F|  |TAMS 0x000000073b000000, 0x000000073b000000| Untracked 
|2521|0x000000073b200000, 0x000000073b200000, 0x000000073b400000|  0%| F|  |TAMS 0x000000073b200000, 0x000000073b200000| Untracked 
|2522|0x000000073b400000, 0x000000073b400000, 0x000000073b600000|  0%| F|  |TAMS 0x000000073b400000, 0x000000073b400000| Untracked 
|2523|0x000000073b600000, 0x000000073b600000, 0x000000073b800000|  0%| F|  |TAMS 0x000000073b600000, 0x000000073b600000| Untracked 
|2524|0x000000073b800000, 0x000000073b800000, 0x000000073ba00000|  0%| F|  |TAMS 0x000000073b800000, 0x000000073b800000| Untracked 
|2525|0x000000073ba00000, 0x000000073ba00000, 0x000000073bc00000|  0%| F|  |TAMS 0x000000073ba00000, 0x000000073ba00000| Untracked 
|2526|0x000000073bc00000, 0x000000073bc00000, 0x000000073be00000|  0%| F|  |TAMS 0x000000073bc00000, 0x000000073bc00000| Untracked 
|2527|0x000000073be00000, 0x000000073be00000, 0x000000073c000000|  0%| F|  |TAMS 0x000000073be00000, 0x000000073be00000| Untracked 
|2528|0x000000073c000000, 0x000000073c000000, 0x000000073c200000|  0%| F|  |TAMS 0x000000073c000000, 0x000000073c000000| Untracked 
|2529|0x000000073c200000, 0x000000073c200000, 0x000000073c400000|  0%| F|  |TAMS 0x000000073c200000, 0x000000073c200000| Untracked 
|2530|0x000000073c400000, 0x000000073c400000, 0x000000073c600000|  0%| F|  |TAMS 0x000000073c400000, 0x000000073c400000| Untracked 
|2531|0x000000073c600000, 0x000000073c600000, 0x000000073c800000|  0%| F|  |TAMS 0x000000073c600000, 0x000000073c600000| Untracked 
|2532|0x000000073c800000, 0x000000073c800000, 0x000000073ca00000|  0%| F|  |TAMS 0x000000073c800000, 0x000000073c800000| Untracked 
|2533|0x000000073ca00000, 0x000000073ca00000, 0x000000073cc00000|  0%| F|  |TAMS 0x000000073ca00000, 0x000000073ca00000| Untracked 
|2534|0x000000073cc00000, 0x000000073cc00000, 0x000000073ce00000|  0%| F|  |TAMS 0x000000073cc00000, 0x000000073cc00000| Untracked 
|2535|0x000000073ce00000, 0x000000073ce00000, 0x000000073d000000|  0%| F|  |TAMS 0x000000073ce00000, 0x000000073ce00000| Untracked 
|2536|0x000000073d000000, 0x000000073d000000, 0x000000073d200000|  0%| F|  |TAMS 0x000000073d000000, 0x000000073d000000| Untracked 
|2537|0x000000073d200000, 0x000000073d200000, 0x000000073d400000|  0%| F|  |TAMS 0x000000073d200000, 0x000000073d200000| Untracked 
|2538|0x000000073d400000, 0x000000073d400000, 0x000000073d600000|  0%| F|  |TAMS 0x000000073d400000, 0x000000073d400000| Untracked 
|2539|0x000000073d600000, 0x000000073d600000, 0x000000073d800000|  0%| F|  |TAMS 0x000000073d600000, 0x000000073d600000| Untracked 
|2540|0x000000073d800000, 0x000000073d800000, 0x000000073da00000|  0%| F|  |TAMS 0x000000073d800000, 0x000000073d800000| Untracked 
|2541|0x000000073da00000, 0x000000073da00000, 0x000000073dc00000|  0%| F|  |TAMS 0x000000073da00000, 0x000000073da00000| Untracked 
|2542|0x000000073dc00000, 0x000000073dc00000, 0x000000073de00000|  0%| F|  |TAMS 0x000000073dc00000, 0x000000073dc00000| Untracked 
|2543|0x000000073de00000, 0x000000073de00000, 0x000000073e000000|  0%| F|  |TAMS 0x000000073de00000, 0x000000073de00000| Untracked 
|2544|0x000000073e000000, 0x000000073e000000, 0x000000073e200000|  0%| F|  |TAMS 0x000000073e000000, 0x000000073e000000| Untracked 
|2545|0x000000073e200000, 0x000000073e200000, 0x000000073e400000|  0%| F|  |TAMS 0x000000073e200000, 0x000000073e200000| Untracked 
|2546|0x000000073e400000, 0x000000073e400000, 0x000000073e600000|  0%| F|  |TAMS 0x000000073e400000, 0x000000073e400000| Untracked 
|2547|0x000000073e600000, 0x000000073e600000, 0x000000073e800000|  0%| F|  |TAMS 0x000000073e600000, 0x000000073e600000| Untracked 
|2548|0x000000073e800000, 0x000000073e800000, 0x000000073ea00000|  0%| F|  |TAMS 0x000000073e800000, 0x000000073e800000| Untracked 
|2549|0x000000073ea00000, 0x000000073ea00000, 0x000000073ec00000|  0%| F|  |TAMS 0x000000073ea00000, 0x000000073ea00000| Untracked 
|2550|0x000000073ec00000, 0x000000073ec00000, 0x000000073ee00000|  0%| F|  |TAMS 0x000000073ec00000, 0x000000073ec00000| Untracked 
|2551|0x000000073ee00000, 0x000000073ee00000, 0x000000073f000000|  0%| F|  |TAMS 0x000000073ee00000, 0x000000073ee00000| Untracked 
|2552|0x000000073f000000, 0x000000073f000000, 0x000000073f200000|  0%| F|  |TAMS 0x000000073f000000, 0x000000073f000000| Untracked 
|2553|0x000000073f200000, 0x000000073f200000, 0x000000073f400000|  0%| F|  |TAMS 0x000000073f200000, 0x000000073f200000| Untracked 
|2554|0x000000073f400000, 0x000000073f400000, 0x000000073f600000|  0%| F|  |TAMS 0x000000073f400000, 0x000000073f400000| Untracked 
|2555|0x000000073f600000, 0x000000073f600000, 0x000000073f800000|  0%| F|  |TAMS 0x000000073f600000, 0x000000073f600000| Untracked 
|2556|0x000000073f800000, 0x000000073f800000, 0x000000073fa00000|  0%| F|  |TAMS 0x000000073f800000, 0x000000073f800000| Untracked 
|2557|0x000000073fa00000, 0x000000073fa00000, 0x000000073fc00000|  0%| F|  |TAMS 0x000000073fa00000, 0x000000073fa00000| Untracked 
|2558|0x000000073fc00000, 0x000000073fc00000, 0x000000073fe00000|  0%| F|  |TAMS 0x000000073fc00000, 0x000000073fc00000| Untracked 
|2559|0x000000073fe00000, 0x000000073fe00000, 0x0000000740000000|  0%| F|  |TAMS 0x000000073fe00000, 0x000000073fe00000| Untracked 
|2560|0x0000000740000000, 0x0000000740000000, 0x0000000740200000|  0%| F|  |TAMS 0x0000000740000000, 0x0000000740000000| Untracked 
|2561|0x0000000740200000, 0x0000000740200000, 0x0000000740400000|  0%| F|  |TAMS 0x0000000740200000, 0x0000000740200000| Untracked 
|2562|0x0000000740400000, 0x0000000740400000, 0x0000000740600000|  0%| F|  |TAMS 0x0000000740400000, 0x0000000740400000| Untracked 
|2563|0x0000000740600000, 0x0000000740600000, 0x0000000740800000|  0%| F|  |TAMS 0x0000000740600000, 0x0000000740600000| Untracked 
|2564|0x0000000740800000, 0x0000000740800000, 0x0000000740a00000|  0%| F|  |TAMS 0x0000000740800000, 0x0000000740800000| Untracked 
|2565|0x0000000740a00000, 0x0000000740a00000, 0x0000000740c00000|  0%| F|  |TAMS 0x0000000740a00000, 0x0000000740a00000| Untracked 
|2566|0x0000000740c00000, 0x0000000740c00000, 0x0000000740e00000|  0%| F|  |TAMS 0x0000000740c00000, 0x0000000740c00000| Untracked 
|2567|0x0000000740e00000, 0x0000000740e00000, 0x0000000741000000|  0%| F|  |TAMS 0x0000000740e00000, 0x0000000740e00000| Untracked 
|2568|0x0000000741000000, 0x0000000741000000, 0x0000000741200000|  0%| F|  |TAMS 0x0000000741000000, 0x0000000741000000| Untracked 
|2569|0x0000000741200000, 0x0000000741200000, 0x0000000741400000|  0%| F|  |TAMS 0x0000000741200000, 0x0000000741200000| Untracked 
|2570|0x0000000741400000, 0x0000000741400000, 0x0000000741600000|  0%| F|  |TAMS 0x0000000741400000, 0x0000000741400000| Untracked 
|2571|0x0000000741600000, 0x0000000741600000, 0x0000000741800000|  0%| F|  |TAMS 0x0000000741600000, 0x0000000741600000| Untracked 
|2572|0x0000000741800000, 0x0000000741800000, 0x0000000741a00000|  0%| F|  |TAMS 0x0000000741800000, 0x0000000741800000| Untracked 
|2573|0x0000000741a00000, 0x0000000741a00000, 0x0000000741c00000|  0%| F|  |TAMS 0x0000000741a00000, 0x0000000741a00000| Untracked 
|2574|0x0000000741c00000, 0x0000000741c00000, 0x0000000741e00000|  0%| F|  |TAMS 0x0000000741c00000, 0x0000000741c00000| Untracked 
|2575|0x0000000741e00000, 0x0000000741e00000, 0x0000000742000000|  0%| F|  |TAMS 0x0000000741e00000, 0x0000000741e00000| Untracked 
|2576|0x0000000742000000, 0x0000000742000000, 0x0000000742200000|  0%| F|  |TAMS 0x0000000742000000, 0x0000000742000000| Untracked 
|2577|0x0000000742200000, 0x0000000742200000, 0x0000000742400000|  0%| F|  |TAMS 0x0000000742200000, 0x0000000742200000| Untracked 
|2578|0x0000000742400000, 0x0000000742400000, 0x0000000742600000|  0%| F|  |TAMS 0x0000000742400000, 0x0000000742400000| Untracked 
|2579|0x0000000742600000, 0x0000000742600000, 0x0000000742800000|  0%| F|  |TAMS 0x0000000742600000, 0x0000000742600000| Untracked 
|2580|0x0000000742800000, 0x0000000742800000, 0x0000000742a00000|  0%| F|  |TAMS 0x0000000742800000, 0x0000000742800000| Untracked 
|2581|0x0000000742a00000, 0x0000000742a00000, 0x0000000742c00000|  0%| F|  |TAMS 0x0000000742a00000, 0x0000000742a00000| Untracked 
|2582|0x0000000742c00000, 0x0000000742c00000, 0x0000000742e00000|  0%| F|  |TAMS 0x0000000742c00000, 0x0000000742c00000| Untracked 
|2583|0x0000000742e00000, 0x0000000742e00000, 0x0000000743000000|  0%| F|  |TAMS 0x0000000742e00000, 0x0000000742e00000| Untracked 
|2584|0x0000000743000000, 0x0000000743000000, 0x0000000743200000|  0%| F|  |TAMS 0x0000000743000000, 0x0000000743000000| Untracked 
|2585|0x0000000743200000, 0x0000000743200000, 0x0000000743400000|  0%| F|  |TAMS 0x0000000743200000, 0x0000000743200000| Untracked 
|2586|0x0000000743400000, 0x0000000743400000, 0x0000000743600000|  0%| F|  |TAMS 0x0000000743400000, 0x0000000743400000| Untracked 
|2587|0x0000000743600000, 0x0000000743600000, 0x0000000743800000|  0%| F|  |TAMS 0x0000000743600000, 0x0000000743600000| Untracked 
|2588|0x0000000743800000, 0x0000000743800000, 0x0000000743a00000|  0%| F|  |TAMS 0x0000000743800000, 0x0000000743800000| Untracked 
|2589|0x0000000743a00000, 0x0000000743a00000, 0x0000000743c00000|  0%| F|  |TAMS 0x0000000743a00000, 0x0000000743a00000| Untracked 
|2590|0x0000000743c00000, 0x0000000743c00000, 0x0000000743e00000|  0%| F|  |TAMS 0x0000000743c00000, 0x0000000743c00000| Untracked 
|2591|0x0000000743e00000, 0x0000000743e00000, 0x0000000744000000|  0%| F|  |TAMS 0x0000000743e00000, 0x0000000743e00000| Untracked 
|2592|0x0000000744000000, 0x0000000744000000, 0x0000000744200000|  0%| F|  |TAMS 0x0000000744000000, 0x0000000744000000| Untracked 
|2593|0x0000000744200000, 0x0000000744200000, 0x0000000744400000|  0%| F|  |TAMS 0x0000000744200000, 0x0000000744200000| Untracked 
|2594|0x0000000744400000, 0x0000000744400000, 0x0000000744600000|  0%| F|  |TAMS 0x0000000744400000, 0x0000000744400000| Untracked 
|2595|0x0000000744600000, 0x0000000744600000, 0x0000000744800000|  0%| F|  |TAMS 0x0000000744600000, 0x0000000744600000| Untracked 
|2596|0x0000000744800000, 0x0000000744800000, 0x0000000744a00000|  0%| F|  |TAMS 0x0000000744800000, 0x0000000744800000| Untracked 
|2597|0x0000000744a00000, 0x0000000744a00000, 0x0000000744c00000|  0%| F|  |TAMS 0x0000000744a00000, 0x0000000744a00000| Untracked 
|2598|0x0000000744c00000, 0x0000000744c00000, 0x0000000744e00000|  0%| F|  |TAMS 0x0000000744c00000, 0x0000000744c00000| Untracked 
|2599|0x0000000744e00000, 0x0000000744e00000, 0x0000000745000000|  0%| F|  |TAMS 0x0000000744e00000, 0x0000000744e00000| Untracked 
|2600|0x0000000745000000, 0x0000000745000000, 0x0000000745200000|  0%| F|  |TAMS 0x0000000745000000, 0x0000000745000000| Untracked 
|2601|0x0000000745200000, 0x0000000745200000, 0x0000000745400000|  0%| F|  |TAMS 0x0000000745200000, 0x0000000745200000| Untracked 
|2602|0x0000000745400000, 0x0000000745400000, 0x0000000745600000|  0%| F|  |TAMS 0x0000000745400000, 0x0000000745400000| Untracked 
|2603|0x0000000745600000, 0x0000000745600000, 0x0000000745800000|  0%| F|  |TAMS 0x0000000745600000, 0x0000000745600000| Untracked 
|2604|0x0000000745800000, 0x0000000745800000, 0x0000000745a00000|  0%| F|  |TAMS 0x0000000745800000, 0x0000000745800000| Untracked 
|2605|0x0000000745a00000, 0x0000000745a00000, 0x0000000745c00000|  0%| F|  |TAMS 0x0000000745a00000, 0x0000000745a00000| Untracked 
|2606|0x0000000745c00000, 0x0000000745c00000, 0x0000000745e00000|  0%| F|  |TAMS 0x0000000745c00000, 0x0000000745c00000| Untracked 
|2607|0x0000000745e00000, 0x0000000745e00000, 0x0000000746000000|  0%| F|  |TAMS 0x0000000745e00000, 0x0000000745e00000| Untracked 
|2608|0x0000000746000000, 0x0000000746000000, 0x0000000746200000|  0%| F|  |TAMS 0x0000000746000000, 0x0000000746000000| Untracked 
|2609|0x0000000746200000, 0x0000000746200000, 0x0000000746400000|  0%| F|  |TAMS 0x0000000746200000, 0x0000000746200000| Untracked 
|2610|0x0000000746400000, 0x0000000746400000, 0x0000000746600000|  0%| F|  |TAMS 0x0000000746400000, 0x0000000746400000| Untracked 
|2611|0x0000000746600000, 0x0000000746600000, 0x0000000746800000|  0%| F|  |TAMS 0x0000000746600000, 0x0000000746600000| Untracked 
|2612|0x0000000746800000, 0x0000000746800000, 0x0000000746a00000|  0%| F|  |TAMS 0x0000000746800000, 0x0000000746800000| Untracked 
|2613|0x0000000746a00000, 0x0000000746a00000, 0x0000000746c00000|  0%| F|  |TAMS 0x0000000746a00000, 0x0000000746a00000| Untracked 
|2614|0x0000000746c00000, 0x0000000746c00000, 0x0000000746e00000|  0%| F|  |TAMS 0x0000000746c00000, 0x0000000746c00000| Untracked 
|2615|0x0000000746e00000, 0x0000000746e00000, 0x0000000747000000|  0%| F|  |TAMS 0x0000000746e00000, 0x0000000746e00000| Untracked 
|2616|0x0000000747000000, 0x0000000747000000, 0x0000000747200000|  0%| F|  |TAMS 0x0000000747000000, 0x0000000747000000| Untracked 
|2617|0x0000000747200000, 0x0000000747200000, 0x0000000747400000|  0%| F|  |TAMS 0x0000000747200000, 0x0000000747200000| Untracked 
|2618|0x0000000747400000, 0x0000000747400000, 0x0000000747600000|  0%| F|  |TAMS 0x0000000747400000, 0x0000000747400000| Untracked 
|2619|0x0000000747600000, 0x0000000747600000, 0x0000000747800000|  0%| F|  |TAMS 0x0000000747600000, 0x0000000747600000| Untracked 
|2620|0x0000000747800000, 0x0000000747800000, 0x0000000747a00000|  0%| F|  |TAMS 0x0000000747800000, 0x0000000747800000| Untracked 
|2621|0x0000000747a00000, 0x0000000747a00000, 0x0000000747c00000|  0%| F|  |TAMS 0x0000000747a00000, 0x0000000747a00000| Untracked 
|2622|0x0000000747c00000, 0x0000000747c00000, 0x0000000747e00000|  0%| F|  |TAMS 0x0000000747c00000, 0x0000000747c00000| Untracked 
|2623|0x0000000747e00000, 0x0000000747e00000, 0x0000000748000000|  0%| F|  |TAMS 0x0000000747e00000, 0x0000000747e00000| Untracked 
|2624|0x0000000748000000, 0x0000000748000000, 0x0000000748200000|  0%| F|  |TAMS 0x0000000748000000, 0x0000000748000000| Untracked 
|2625|0x0000000748200000, 0x0000000748200000, 0x0000000748400000|  0%| F|  |TAMS 0x0000000748200000, 0x0000000748200000| Untracked 
|2626|0x0000000748400000, 0x0000000748400000, 0x0000000748600000|  0%| F|  |TAMS 0x0000000748400000, 0x0000000748400000| Untracked 
|2627|0x0000000748600000, 0x0000000748600000, 0x0000000748800000|  0%| F|  |TAMS 0x0000000748600000, 0x0000000748600000| Untracked 
|2628|0x0000000748800000, 0x0000000748800000, 0x0000000748a00000|  0%| F|  |TAMS 0x0000000748800000, 0x0000000748800000| Untracked 
|2629|0x0000000748a00000, 0x0000000748a00000, 0x0000000748c00000|  0%| F|  |TAMS 0x0000000748a00000, 0x0000000748a00000| Untracked 
|2630|0x0000000748c00000, 0x0000000748c00000, 0x0000000748e00000|  0%| F|  |TAMS 0x0000000748c00000, 0x0000000748c00000| Untracked 
|2631|0x0000000748e00000, 0x0000000748e00000, 0x0000000749000000|  0%| F|  |TAMS 0x0000000748e00000, 0x0000000748e00000| Untracked 
|2632|0x0000000749000000, 0x0000000749000000, 0x0000000749200000|  0%| F|  |TAMS 0x0000000749000000, 0x0000000749000000| Untracked 
|2633|0x0000000749200000, 0x0000000749200000, 0x0000000749400000|  0%| F|  |TAMS 0x0000000749200000, 0x0000000749200000| Untracked 
|2634|0x0000000749400000, 0x0000000749400000, 0x0000000749600000|  0%| F|  |TAMS 0x0000000749400000, 0x0000000749400000| Untracked 
|2635|0x0000000749600000, 0x0000000749600000, 0x0000000749800000|  0%| F|  |TAMS 0x0000000749600000, 0x0000000749600000| Untracked 
|2636|0x0000000749800000, 0x0000000749800000, 0x0000000749a00000|  0%| F|  |TAMS 0x0000000749800000, 0x0000000749800000| Untracked 
|2637|0x0000000749a00000, 0x0000000749a00000, 0x0000000749c00000|  0%| F|  |TAMS 0x0000000749a00000, 0x0000000749a00000| Untracked 
|2638|0x0000000749c00000, 0x0000000749c00000, 0x0000000749e00000|  0%| F|  |TAMS 0x0000000749c00000, 0x0000000749c00000| Untracked 
|2639|0x0000000749e00000, 0x0000000749e00000, 0x000000074a000000|  0%| F|  |TAMS 0x0000000749e00000, 0x0000000749e00000| Untracked 
|2640|0x000000074a000000, 0x000000074a000000, 0x000000074a200000|  0%| F|  |TAMS 0x000000074a000000, 0x000000074a000000| Untracked 
|2641|0x000000074a200000, 0x000000074a200000, 0x000000074a400000|  0%| F|  |TAMS 0x000000074a200000, 0x000000074a200000| Untracked 
|2642|0x000000074a400000, 0x000000074a400000, 0x000000074a600000|  0%| F|  |TAMS 0x000000074a400000, 0x000000074a400000| Untracked 
|2643|0x000000074a600000, 0x000000074a600000, 0x000000074a800000|  0%| F|  |TAMS 0x000000074a600000, 0x000000074a600000| Untracked 
|2644|0x000000074a800000, 0x000000074a800000, 0x000000074aa00000|  0%| F|  |TAMS 0x000000074a800000, 0x000000074a800000| Untracked 
|2645|0x000000074aa00000, 0x000000074aa00000, 0x000000074ac00000|  0%| F|  |TAMS 0x000000074aa00000, 0x000000074aa00000| Untracked 
|2646|0x000000074ac00000, 0x000000074ac00000, 0x000000074ae00000|  0%| F|  |TAMS 0x000000074ac00000, 0x000000074ac00000| Untracked 
|2647|0x000000074ae00000, 0x000000074ae00000, 0x000000074b000000|  0%| F|  |TAMS 0x000000074ae00000, 0x000000074ae00000| Untracked 
|2648|0x000000074b000000, 0x000000074b000000, 0x000000074b200000|  0%| F|  |TAMS 0x000000074b000000, 0x000000074b000000| Untracked 
|2649|0x000000074b200000, 0x000000074b200000, 0x000000074b400000|  0%| F|  |TAMS 0x000000074b200000, 0x000000074b200000| Untracked 
|2650|0x000000074b400000, 0x000000074b400000, 0x000000074b600000|  0%| F|  |TAMS 0x000000074b400000, 0x000000074b400000| Untracked 
|2651|0x000000074b600000, 0x000000074b600000, 0x000000074b800000|  0%| F|  |TAMS 0x000000074b600000, 0x000000074b600000| Untracked 
|2652|0x000000074b800000, 0x000000074b800000, 0x000000074ba00000|  0%| F|  |TAMS 0x000000074b800000, 0x000000074b800000| Untracked 
|2653|0x000000074ba00000, 0x000000074ba00000, 0x000000074bc00000|  0%| F|  |TAMS 0x000000074ba00000, 0x000000074ba00000| Untracked 
|2654|0x000000074bc00000, 0x000000074bc00000, 0x000000074be00000|  0%| F|  |TAMS 0x000000074bc00000, 0x000000074bc00000| Untracked 
|2655|0x000000074be00000, 0x000000074be00000, 0x000000074c000000|  0%| F|  |TAMS 0x000000074be00000, 0x000000074be00000| Untracked 
|2656|0x000000074c000000, 0x000000074c000000, 0x000000074c200000|  0%| F|  |TAMS 0x000000074c000000, 0x000000074c000000| Untracked 
|2657|0x000000074c200000, 0x000000074c200000, 0x000000074c400000|  0%| F|  |TAMS 0x000000074c200000, 0x000000074c200000| Untracked 
|2658|0x000000074c400000, 0x000000074c400000, 0x000000074c600000|  0%| F|  |TAMS 0x000000074c400000, 0x000000074c400000| Untracked 
|2659|0x000000074c600000, 0x000000074c600000, 0x000000074c800000|  0%| F|  |TAMS 0x000000074c600000, 0x000000074c600000| Untracked 
|2660|0x000000074c800000, 0x000000074c800000, 0x000000074ca00000|  0%| F|  |TAMS 0x000000074c800000, 0x000000074c800000| Untracked 
|2661|0x000000074ca00000, 0x000000074ca00000, 0x000000074cc00000|  0%| F|  |TAMS 0x000000074ca00000, 0x000000074ca00000| Untracked 
|2662|0x000000074cc00000, 0x000000074cc00000, 0x000000074ce00000|  0%| F|  |TAMS 0x000000074cc00000, 0x000000074cc00000| Untracked 
|2663|0x000000074ce00000, 0x000000074ce00000, 0x000000074d000000|  0%| F|  |TAMS 0x000000074ce00000, 0x000000074ce00000| Untracked 
|2664|0x000000074d000000, 0x000000074d000000, 0x000000074d200000|  0%| F|  |TAMS 0x000000074d000000, 0x000000074d000000| Untracked 
|2665|0x000000074d200000, 0x000000074d200000, 0x000000074d400000|  0%| F|  |TAMS 0x000000074d200000, 0x000000074d200000| Untracked 
|2666|0x000000074d400000, 0x000000074d400000, 0x000000074d600000|  0%| F|  |TAMS 0x000000074d400000, 0x000000074d400000| Untracked 
|2667|0x000000074d600000, 0x000000074d600000, 0x000000074d800000|  0%| F|  |TAMS 0x000000074d600000, 0x000000074d600000| Untracked 
|2668|0x000000074d800000, 0x000000074d800000, 0x000000074da00000|  0%| F|  |TAMS 0x000000074d800000, 0x000000074d800000| Untracked 
|2669|0x000000074da00000, 0x000000074da00000, 0x000000074dc00000|  0%| F|  |TAMS 0x000000074da00000, 0x000000074da00000| Untracked 
|2670|0x000000074dc00000, 0x000000074dc00000, 0x000000074de00000|  0%| F|  |TAMS 0x000000074dc00000, 0x000000074dc00000| Untracked 
|2671|0x000000074de00000, 0x000000074de00000, 0x000000074e000000|  0%| F|  |TAMS 0x000000074de00000, 0x000000074de00000| Untracked 
|2672|0x000000074e000000, 0x000000074e000000, 0x000000074e200000|  0%| F|  |TAMS 0x000000074e000000, 0x000000074e000000| Untracked 
|2673|0x000000074e200000, 0x000000074e200000, 0x000000074e400000|  0%| F|  |TAMS 0x000000074e200000, 0x000000074e200000| Untracked 
|2674|0x000000074e400000, 0x000000074e400000, 0x000000074e600000|  0%| F|  |TAMS 0x000000074e400000, 0x000000074e400000| Untracked 
|2675|0x000000074e600000, 0x000000074e600000, 0x000000074e800000|  0%| F|  |TAMS 0x000000074e600000, 0x000000074e600000| Untracked 
|2676|0x000000074e800000, 0x000000074e800000, 0x000000074ea00000|  0%| F|  |TAMS 0x000000074e800000, 0x000000074e800000| Untracked 
|2677|0x000000074ea00000, 0x000000074ea00000, 0x000000074ec00000|  0%| F|  |TAMS 0x000000074ea00000, 0x000000074ea00000| Untracked 
|2678|0x000000074ec00000, 0x000000074ec00000, 0x000000074ee00000|  0%| F|  |TAMS 0x000000074ec00000, 0x000000074ec00000| Untracked 
|2679|0x000000074ee00000, 0x000000074ee00000, 0x000000074f000000|  0%| F|  |TAMS 0x000000074ee00000, 0x000000074ee00000| Untracked 
|2680|0x000000074f000000, 0x000000074f000000, 0x000000074f200000|  0%| F|  |TAMS 0x000000074f000000, 0x000000074f000000| Untracked 
|2681|0x000000074f200000, 0x000000074f200000, 0x000000074f400000|  0%| F|  |TAMS 0x000000074f200000, 0x000000074f200000| Untracked 
|2682|0x000000074f400000, 0x000000074f400000, 0x000000074f600000|  0%| F|  |TAMS 0x000000074f400000, 0x000000074f400000| Untracked 
|2683|0x000000074f600000, 0x000000074f600000, 0x000000074f800000|  0%| F|  |TAMS 0x000000074f600000, 0x000000074f600000| Untracked 
|2684|0x000000074f800000, 0x000000074f800000, 0x000000074fa00000|  0%| F|  |TAMS 0x000000074f800000, 0x000000074f800000| Untracked 
|2685|0x000000074fa00000, 0x000000074fa00000, 0x000000074fc00000|  0%| F|  |TAMS 0x000000074fa00000, 0x000000074fa00000| Untracked 
|2686|0x000000074fc00000, 0x000000074fc00000, 0x000000074fe00000|  0%| F|  |TAMS 0x000000074fc00000, 0x000000074fc00000| Untracked 
|2687|0x000000074fe00000, 0x000000074fe00000, 0x0000000750000000|  0%| F|  |TAMS 0x000000074fe00000, 0x000000074fe00000| Untracked 
|2688|0x0000000750000000, 0x0000000750000000, 0x0000000750200000|  0%| F|  |TAMS 0x0000000750000000, 0x0000000750000000| Untracked 
|2689|0x0000000750200000, 0x0000000750200000, 0x0000000750400000|  0%| F|  |TAMS 0x0000000750200000, 0x0000000750200000| Untracked 
|2690|0x0000000750400000, 0x0000000750400000, 0x0000000750600000|  0%| F|  |TAMS 0x0000000750400000, 0x0000000750400000| Untracked 
|2691|0x0000000750600000, 0x0000000750600000, 0x0000000750800000|  0%| F|  |TAMS 0x0000000750600000, 0x0000000750600000| Untracked 
|2692|0x0000000750800000, 0x0000000750800000, 0x0000000750a00000|  0%| F|  |TAMS 0x0000000750800000, 0x0000000750800000| Untracked 
|2693|0x0000000750a00000, 0x0000000750a00000, 0x0000000750c00000|  0%| F|  |TAMS 0x0000000750a00000, 0x0000000750a00000| Untracked 
|2694|0x0000000750c00000, 0x0000000750c00000, 0x0000000750e00000|  0%| F|  |TAMS 0x0000000750c00000, 0x0000000750c00000| Untracked 
|2695|0x0000000750e00000, 0x0000000750e00000, 0x0000000751000000|  0%| F|  |TAMS 0x0000000750e00000, 0x0000000750e00000| Untracked 
|2696|0x0000000751000000, 0x0000000751000000, 0x0000000751200000|  0%| F|  |TAMS 0x0000000751000000, 0x0000000751000000| Untracked 
|2697|0x0000000751200000, 0x0000000751200000, 0x0000000751400000|  0%| F|  |TAMS 0x0000000751200000, 0x0000000751200000| Untracked 
|2698|0x0000000751400000, 0x0000000751400000, 0x0000000751600000|  0%| F|  |TAMS 0x0000000751400000, 0x0000000751400000| Untracked 
|2699|0x0000000751600000, 0x0000000751600000, 0x0000000751800000|  0%| F|  |TAMS 0x0000000751600000, 0x0000000751600000| Untracked 
|2700|0x0000000751800000, 0x0000000751800000, 0x0000000751a00000|  0%| F|  |TAMS 0x0000000751800000, 0x0000000751800000| Untracked 
|2701|0x0000000751a00000, 0x0000000751a00000, 0x0000000751c00000|  0%| F|  |TAMS 0x0000000751a00000, 0x0000000751a00000| Untracked 
|2702|0x0000000751c00000, 0x0000000751c00000, 0x0000000751e00000|  0%| F|  |TAMS 0x0000000751c00000, 0x0000000751c00000| Untracked 
|2703|0x0000000751e00000, 0x0000000751e00000, 0x0000000752000000|  0%| F|  |TAMS 0x0000000751e00000, 0x0000000751e00000| Untracked 
|2704|0x0000000752000000, 0x0000000752000000, 0x0000000752200000|  0%| F|  |TAMS 0x0000000752000000, 0x0000000752000000| Untracked 
|2705|0x0000000752200000, 0x0000000752200000, 0x0000000752400000|  0%| F|  |TAMS 0x0000000752200000, 0x0000000752200000| Untracked 
|2706|0x0000000752400000, 0x0000000752400000, 0x0000000752600000|  0%| F|  |TAMS 0x0000000752400000, 0x0000000752400000| Untracked 
|2707|0x0000000752600000, 0x0000000752600000, 0x0000000752800000|  0%| F|  |TAMS 0x0000000752600000, 0x0000000752600000| Untracked 
|2708|0x0000000752800000, 0x0000000752800000, 0x0000000752a00000|  0%| F|  |TAMS 0x0000000752800000, 0x0000000752800000| Untracked 
|2709|0x0000000752a00000, 0x0000000752a00000, 0x0000000752c00000|  0%| F|  |TAMS 0x0000000752a00000, 0x0000000752a00000| Untracked 
|2710|0x0000000752c00000, 0x0000000752c00000, 0x0000000752e00000|  0%| F|  |TAMS 0x0000000752c00000, 0x0000000752c00000| Untracked 
|2711|0x0000000752e00000, 0x0000000752e00000, 0x0000000753000000|  0%| F|  |TAMS 0x0000000752e00000, 0x0000000752e00000| Untracked 
|2712|0x0000000753000000, 0x0000000753000000, 0x0000000753200000|  0%| F|  |TAMS 0x0000000753000000, 0x0000000753000000| Untracked 
|2713|0x0000000753200000, 0x0000000753200000, 0x0000000753400000|  0%| F|  |TAMS 0x0000000753200000, 0x0000000753200000| Untracked 
|2714|0x0000000753400000, 0x0000000753400000, 0x0000000753600000|  0%| F|  |TAMS 0x0000000753400000, 0x0000000753400000| Untracked 
|2715|0x0000000753600000, 0x0000000753600000, 0x0000000753800000|  0%| F|  |TAMS 0x0000000753600000, 0x0000000753600000| Untracked 
|2716|0x0000000753800000, 0x0000000753800000, 0x0000000753a00000|  0%| F|  |TAMS 0x0000000753800000, 0x0000000753800000| Untracked 
|2717|0x0000000753a00000, 0x0000000753a00000, 0x0000000753c00000|  0%| F|  |TAMS 0x0000000753a00000, 0x0000000753a00000| Untracked 
|2718|0x0000000753c00000, 0x0000000753c00000, 0x0000000753e00000|  0%| F|  |TAMS 0x0000000753c00000, 0x0000000753c00000| Untracked 
|2719|0x0000000753e00000, 0x0000000753e00000, 0x0000000754000000|  0%| F|  |TAMS 0x0000000753e00000, 0x0000000753e00000| Untracked 
|2720|0x0000000754000000, 0x0000000754000000, 0x0000000754200000|  0%| F|  |TAMS 0x0000000754000000, 0x0000000754000000| Untracked 
|2721|0x0000000754200000, 0x0000000754200000, 0x0000000754400000|  0%| F|  |TAMS 0x0000000754200000, 0x0000000754200000| Untracked 
|2722|0x0000000754400000, 0x0000000754400000, 0x0000000754600000|  0%| F|  |TAMS 0x0000000754400000, 0x0000000754400000| Untracked 
|2723|0x0000000754600000, 0x0000000754600000, 0x0000000754800000|  0%| F|  |TAMS 0x0000000754600000, 0x0000000754600000| Untracked 
|2724|0x0000000754800000, 0x0000000754800000, 0x0000000754a00000|  0%| F|  |TAMS 0x0000000754800000, 0x0000000754800000| Untracked 
|2725|0x0000000754a00000, 0x0000000754a00000, 0x0000000754c00000|  0%| F|  |TAMS 0x0000000754a00000, 0x0000000754a00000| Untracked 
|2726|0x0000000754c00000, 0x0000000754c00000, 0x0000000754e00000|  0%| F|  |TAMS 0x0000000754c00000, 0x0000000754c00000| Untracked 
|2727|0x0000000754e00000, 0x0000000754e00000, 0x0000000755000000|  0%| F|  |TAMS 0x0000000754e00000, 0x0000000754e00000| Untracked 
|2728|0x0000000755000000, 0x0000000755000000, 0x0000000755200000|  0%| F|  |TAMS 0x0000000755000000, 0x0000000755000000| Untracked 
|2729|0x0000000755200000, 0x0000000755200000, 0x0000000755400000|  0%| F|  |TAMS 0x0000000755200000, 0x0000000755200000| Untracked 
|2730|0x0000000755400000, 0x0000000755400000, 0x0000000755600000|  0%| F|  |TAMS 0x0000000755400000, 0x0000000755400000| Untracked 
|2731|0x0000000755600000, 0x0000000755600000, 0x0000000755800000|  0%| F|  |TAMS 0x0000000755600000, 0x0000000755600000| Untracked 
|2732|0x0000000755800000, 0x0000000755800000, 0x0000000755a00000|  0%| F|  |TAMS 0x0000000755800000, 0x0000000755800000| Untracked 
|2733|0x0000000755a00000, 0x0000000755a00000, 0x0000000755c00000|  0%| F|  |TAMS 0x0000000755a00000, 0x0000000755a00000| Untracked 
|2734|0x0000000755c00000, 0x0000000755c00000, 0x0000000755e00000|  0%| F|  |TAMS 0x0000000755c00000, 0x0000000755c00000| Untracked 
|2735|0x0000000755e00000, 0x0000000755e00000, 0x0000000756000000|  0%| F|  |TAMS 0x0000000755e00000, 0x0000000755e00000| Untracked 
|2736|0x0000000756000000, 0x0000000756000000, 0x0000000756200000|  0%| F|  |TAMS 0x0000000756000000, 0x0000000756000000| Untracked 
|2737|0x0000000756200000, 0x0000000756200000, 0x0000000756400000|  0%| F|  |TAMS 0x0000000756200000, 0x0000000756200000| Untracked 
|2738|0x0000000756400000, 0x0000000756400000, 0x0000000756600000|  0%| F|  |TAMS 0x0000000756400000, 0x0000000756400000| Untracked 
|2739|0x0000000756600000, 0x0000000756600000, 0x0000000756800000|  0%| F|  |TAMS 0x0000000756600000, 0x0000000756600000| Untracked 
|2740|0x0000000756800000, 0x0000000756800000, 0x0000000756a00000|  0%| F|  |TAMS 0x0000000756800000, 0x0000000756800000| Untracked 
|2741|0x0000000756a00000, 0x0000000756a00000, 0x0000000756c00000|  0%| F|  |TAMS 0x0000000756a00000, 0x0000000756a00000| Untracked 
|2742|0x0000000756c00000, 0x0000000756c00000, 0x0000000756e00000|  0%| F|  |TAMS 0x0000000756c00000, 0x0000000756c00000| Untracked 
|2743|0x0000000756e00000, 0x0000000756e00000, 0x0000000757000000|  0%| F|  |TAMS 0x0000000756e00000, 0x0000000756e00000| Untracked 
|2744|0x0000000757000000, 0x0000000757000000, 0x0000000757200000|  0%| F|  |TAMS 0x0000000757000000, 0x0000000757000000| Untracked 
|2745|0x0000000757200000, 0x0000000757200000, 0x0000000757400000|  0%| F|  |TAMS 0x0000000757200000, 0x0000000757200000| Untracked 
|2746|0x0000000757400000, 0x0000000757400000, 0x0000000757600000|  0%| F|  |TAMS 0x0000000757400000, 0x0000000757400000| Untracked 
|2747|0x0000000757600000, 0x0000000757600000, 0x0000000757800000|  0%| F|  |TAMS 0x0000000757600000, 0x0000000757600000| Untracked 
|2748|0x0000000757800000, 0x0000000757800000, 0x0000000757a00000|  0%| F|  |TAMS 0x0000000757800000, 0x0000000757800000| Untracked 
|2749|0x0000000757a00000, 0x0000000757a00000, 0x0000000757c00000|  0%| F|  |TAMS 0x0000000757a00000, 0x0000000757a00000| Untracked 
|2750|0x0000000757c00000, 0x0000000757c00000, 0x0000000757e00000|  0%| F|  |TAMS 0x0000000757c00000, 0x0000000757c00000| Untracked 
|2751|0x0000000757e00000, 0x0000000757e00000, 0x0000000758000000|  0%| F|  |TAMS 0x0000000757e00000, 0x0000000757e00000| Untracked 
|2752|0x0000000758000000, 0x0000000758000000, 0x0000000758200000|  0%| F|  |TAMS 0x0000000758000000, 0x0000000758000000| Untracked 
|2753|0x0000000758200000, 0x0000000758200000, 0x0000000758400000|  0%| F|  |TAMS 0x0000000758200000, 0x0000000758200000| Untracked 
|2754|0x0000000758400000, 0x0000000758400000, 0x0000000758600000|  0%| F|  |TAMS 0x0000000758400000, 0x0000000758400000| Untracked 
|2755|0x0000000758600000, 0x0000000758600000, 0x0000000758800000|  0%| F|  |TAMS 0x0000000758600000, 0x0000000758600000| Untracked 
|2756|0x0000000758800000, 0x0000000758800000, 0x0000000758a00000|  0%| F|  |TAMS 0x0000000758800000, 0x0000000758800000| Untracked 
|2757|0x0000000758a00000, 0x0000000758a00000, 0x0000000758c00000|  0%| F|  |TAMS 0x0000000758a00000, 0x0000000758a00000| Untracked 
|2758|0x0000000758c00000, 0x0000000758c00000, 0x0000000758e00000|  0%| F|  |TAMS 0x0000000758c00000, 0x0000000758c00000| Untracked 
|2759|0x0000000758e00000, 0x0000000758e00000, 0x0000000759000000|  0%| F|  |TAMS 0x0000000758e00000, 0x0000000758e00000| Untracked 
|2760|0x0000000759000000, 0x0000000759000000, 0x0000000759200000|  0%| F|  |TAMS 0x0000000759000000, 0x0000000759000000| Untracked 
|2761|0x0000000759200000, 0x0000000759200000, 0x0000000759400000|  0%| F|  |TAMS 0x0000000759200000, 0x0000000759200000| Untracked 
|2762|0x0000000759400000, 0x0000000759400000, 0x0000000759600000|  0%| F|  |TAMS 0x0000000759400000, 0x0000000759400000| Untracked 
|2763|0x0000000759600000, 0x0000000759600000, 0x0000000759800000|  0%| F|  |TAMS 0x0000000759600000, 0x0000000759600000| Untracked 
|2764|0x0000000759800000, 0x0000000759800000, 0x0000000759a00000|  0%| F|  |TAMS 0x0000000759800000, 0x0000000759800000| Untracked 
|2765|0x0000000759a00000, 0x0000000759a00000, 0x0000000759c00000|  0%| F|  |TAMS 0x0000000759a00000, 0x0000000759a00000| Untracked 
|2766|0x0000000759c00000, 0x0000000759c00000, 0x0000000759e00000|  0%| F|  |TAMS 0x0000000759c00000, 0x0000000759c00000| Untracked 
|2767|0x0000000759e00000, 0x0000000759e00000, 0x000000075a000000|  0%| F|  |TAMS 0x0000000759e00000, 0x0000000759e00000| Untracked 
|2768|0x000000075a000000, 0x000000075a000000, 0x000000075a200000|  0%| F|  |TAMS 0x000000075a000000, 0x000000075a000000| Untracked 
|2769|0x000000075a200000, 0x000000075a200000, 0x000000075a400000|  0%| F|  |TAMS 0x000000075a200000, 0x000000075a200000| Untracked 
|2770|0x000000075a400000, 0x000000075a400000, 0x000000075a600000|  0%| F|  |TAMS 0x000000075a400000, 0x000000075a400000| Untracked 
|2771|0x000000075a600000, 0x000000075a600000, 0x000000075a800000|  0%| F|  |TAMS 0x000000075a600000, 0x000000075a600000| Untracked 
|2772|0x000000075a800000, 0x000000075a800000, 0x000000075aa00000|  0%| F|  |TAMS 0x000000075a800000, 0x000000075a800000| Untracked 
|2773|0x000000075aa00000, 0x000000075aa00000, 0x000000075ac00000|  0%| F|  |TAMS 0x000000075aa00000, 0x000000075aa00000| Untracked 
|2774|0x000000075ac00000, 0x000000075ac00000, 0x000000075ae00000|  0%| F|  |TAMS 0x000000075ac00000, 0x000000075ac00000| Untracked 
|2775|0x000000075ae00000, 0x000000075ae00000, 0x000000075b000000|  0%| F|  |TAMS 0x000000075ae00000, 0x000000075ae00000| Untracked 
|2776|0x000000075b000000, 0x000000075b000000, 0x000000075b200000|  0%| F|  |TAMS 0x000000075b000000, 0x000000075b000000| Untracked 
|2777|0x000000075b200000, 0x000000075b200000, 0x000000075b400000|  0%| F|  |TAMS 0x000000075b200000, 0x000000075b200000| Untracked 
|2778|0x000000075b400000, 0x000000075b400000, 0x000000075b600000|  0%| F|  |TAMS 0x000000075b400000, 0x000000075b400000| Untracked 
|2779|0x000000075b600000, 0x000000075b600000, 0x000000075b800000|  0%| F|  |TAMS 0x000000075b600000, 0x000000075b600000| Untracked 
|2780|0x000000075b800000, 0x000000075b800000, 0x000000075ba00000|  0%| F|  |TAMS 0x000000075b800000, 0x000000075b800000| Untracked 
|2781|0x000000075ba00000, 0x000000075ba00000, 0x000000075bc00000|  0%| F|  |TAMS 0x000000075ba00000, 0x000000075ba00000| Untracked 
|2782|0x000000075bc00000, 0x000000075bc00000, 0x000000075be00000|  0%| F|  |TAMS 0x000000075bc00000, 0x000000075bc00000| Untracked 
|2783|0x000000075be00000, 0x000000075be00000, 0x000000075c000000|  0%| F|  |TAMS 0x000000075be00000, 0x000000075be00000| Untracked 
|2784|0x000000075c000000, 0x000000075c000000, 0x000000075c200000|  0%| F|  |TAMS 0x000000075c000000, 0x000000075c000000| Untracked 
|2785|0x000000075c200000, 0x000000075c200000, 0x000000075c400000|  0%| F|  |TAMS 0x000000075c200000, 0x000000075c200000| Untracked 
|2786|0x000000075c400000, 0x000000075c400000, 0x000000075c600000|  0%| F|  |TAMS 0x000000075c400000, 0x000000075c400000| Untracked 
|2787|0x000000075c600000, 0x000000075c600000, 0x000000075c800000|  0%| F|  |TAMS 0x000000075c600000, 0x000000075c600000| Untracked 
|2788|0x000000075c800000, 0x000000075c800000, 0x000000075ca00000|  0%| F|  |TAMS 0x000000075c800000, 0x000000075c800000| Untracked 
|2789|0x000000075ca00000, 0x000000075ca00000, 0x000000075cc00000|  0%| F|  |TAMS 0x000000075ca00000, 0x000000075ca00000| Untracked 
|2790|0x000000075cc00000, 0x000000075cc00000, 0x000000075ce00000|  0%| F|  |TAMS 0x000000075cc00000, 0x000000075cc00000| Untracked 
|2791|0x000000075ce00000, 0x000000075ce00000, 0x000000075d000000|  0%| F|  |TAMS 0x000000075ce00000, 0x000000075ce00000| Untracked 
|2792|0x000000075d000000, 0x000000075d000000, 0x000000075d200000|  0%| F|  |TAMS 0x000000075d000000, 0x000000075d000000| Untracked 
|2793|0x000000075d200000, 0x000000075d200000, 0x000000075d400000|  0%| F|  |TAMS 0x000000075d200000, 0x000000075d200000| Untracked 
|2794|0x000000075d400000, 0x000000075d400000, 0x000000075d600000|  0%| F|  |TAMS 0x000000075d400000, 0x000000075d400000| Untracked 
|2795|0x000000075d600000, 0x000000075d600000, 0x000000075d800000|  0%| F|  |TAMS 0x000000075d600000, 0x000000075d600000| Untracked 
|2796|0x000000075d800000, 0x000000075d800000, 0x000000075da00000|  0%| F|  |TAMS 0x000000075d800000, 0x000000075d800000| Untracked 
|2797|0x000000075da00000, 0x000000075da00000, 0x000000075dc00000|  0%| F|  |TAMS 0x000000075da00000, 0x000000075da00000| Untracked 
|2798|0x000000075dc00000, 0x000000075dc00000, 0x000000075de00000|  0%| F|  |TAMS 0x000000075dc00000, 0x000000075dc00000| Untracked 
|2799|0x000000075de00000, 0x000000075de00000, 0x000000075e000000|  0%| F|  |TAMS 0x000000075de00000, 0x000000075de00000| Untracked 
|2800|0x000000075e000000, 0x000000075e000000, 0x000000075e200000|  0%| F|  |TAMS 0x000000075e000000, 0x000000075e000000| Untracked 
|2801|0x000000075e200000, 0x000000075e200000, 0x000000075e400000|  0%| F|  |TAMS 0x000000075e200000, 0x000000075e200000| Untracked 
|2802|0x000000075e400000, 0x000000075e400000, 0x000000075e600000|  0%| F|  |TAMS 0x000000075e400000, 0x000000075e400000| Untracked 
|2803|0x000000075e600000, 0x000000075e600000, 0x000000075e800000|  0%| F|  |TAMS 0x000000075e600000, 0x000000075e600000| Untracked 
|2804|0x000000075e800000, 0x000000075e800000, 0x000000075ea00000|  0%| F|  |TAMS 0x000000075e800000, 0x000000075e800000| Untracked 
|2805|0x000000075ea00000, 0x000000075ea00000, 0x000000075ec00000|  0%| F|  |TAMS 0x000000075ea00000, 0x000000075ea00000| Untracked 
|2806|0x000000075ec00000, 0x000000075ec00000, 0x000000075ee00000|  0%| F|  |TAMS 0x000000075ec00000, 0x000000075ec00000| Untracked 
|2807|0x000000075ee00000, 0x000000075ee00000, 0x000000075f000000|  0%| F|  |TAMS 0x000000075ee00000, 0x000000075ee00000| Untracked 
|2808|0x000000075f000000, 0x000000075f000000, 0x000000075f200000|  0%| F|  |TAMS 0x000000075f000000, 0x000000075f000000| Untracked 
|2809|0x000000075f200000, 0x000000075f200000, 0x000000075f400000|  0%| F|  |TAMS 0x000000075f200000, 0x000000075f200000| Untracked 
|2810|0x000000075f400000, 0x000000075f400000, 0x000000075f600000|  0%| F|  |TAMS 0x000000075f400000, 0x000000075f400000| Untracked 
|2811|0x000000075f600000, 0x000000075f600000, 0x000000075f800000|  0%| F|  |TAMS 0x000000075f600000, 0x000000075f600000| Untracked 
|2812|0x000000075f800000, 0x000000075f800000, 0x000000075fa00000|  0%| F|  |TAMS 0x000000075f800000, 0x000000075f800000| Untracked 
|2813|0x000000075fa00000, 0x000000075fa00000, 0x000000075fc00000|  0%| F|  |TAMS 0x000000075fa00000, 0x000000075fa00000| Untracked 
|2814|0x000000075fc00000, 0x000000075fc00000, 0x000000075fe00000|  0%| F|  |TAMS 0x000000075fc00000, 0x000000075fc00000| Untracked 
|2815|0x000000075fe00000, 0x000000075fe00000, 0x0000000760000000|  0%| F|  |TAMS 0x000000075fe00000, 0x000000075fe00000| Untracked 
|2816|0x0000000760000000, 0x0000000760000000, 0x0000000760200000|  0%| F|  |TAMS 0x0000000760000000, 0x0000000760000000| Untracked 
|2817|0x0000000760200000, 0x0000000760200000, 0x0000000760400000|  0%| F|  |TAMS 0x0000000760200000, 0x0000000760200000| Untracked 
|2818|0x0000000760400000, 0x0000000760400000, 0x0000000760600000|  0%| F|  |TAMS 0x0000000760400000, 0x0000000760400000| Untracked 
|2819|0x0000000760600000, 0x0000000760600000, 0x0000000760800000|  0%| F|  |TAMS 0x0000000760600000, 0x0000000760600000| Untracked 
|2820|0x0000000760800000, 0x0000000760800000, 0x0000000760a00000|  0%| F|  |TAMS 0x0000000760800000, 0x0000000760800000| Untracked 
|2821|0x0000000760a00000, 0x0000000760a00000, 0x0000000760c00000|  0%| F|  |TAMS 0x0000000760a00000, 0x0000000760a00000| Untracked 
|2822|0x0000000760c00000, 0x0000000760c00000, 0x0000000760e00000|  0%| F|  |TAMS 0x0000000760c00000, 0x0000000760c00000| Untracked 
|2823|0x0000000760e00000, 0x0000000760e00000, 0x0000000761000000|  0%| F|  |TAMS 0x0000000760e00000, 0x0000000760e00000| Untracked 
|2824|0x0000000761000000, 0x0000000761000000, 0x0000000761200000|  0%| F|  |TAMS 0x0000000761000000, 0x0000000761000000| Untracked 
|2825|0x0000000761200000, 0x0000000761200000, 0x0000000761400000|  0%| F|  |TAMS 0x0000000761200000, 0x0000000761200000| Untracked 
|2826|0x0000000761400000, 0x0000000761400000, 0x0000000761600000|  0%| F|  |TAMS 0x0000000761400000, 0x0000000761400000| Untracked 
|2827|0x0000000761600000, 0x0000000761600000, 0x0000000761800000|  0%| F|  |TAMS 0x0000000761600000, 0x0000000761600000| Untracked 
|2828|0x0000000761800000, 0x0000000761800000, 0x0000000761a00000|  0%| F|  |TAMS 0x0000000761800000, 0x0000000761800000| Untracked 
|2829|0x0000000761a00000, 0x0000000761a00000, 0x0000000761c00000|  0%| F|  |TAMS 0x0000000761a00000, 0x0000000761a00000| Untracked 
|2830|0x0000000761c00000, 0x0000000761c00000, 0x0000000761e00000|  0%| F|  |TAMS 0x0000000761c00000, 0x0000000761c00000| Untracked 
|2831|0x0000000761e00000, 0x0000000761e00000, 0x0000000762000000|  0%| F|  |TAMS 0x0000000761e00000, 0x0000000761e00000| Untracked 
|2832|0x0000000762000000, 0x0000000762000000, 0x0000000762200000|  0%| F|  |TAMS 0x0000000762000000, 0x0000000762000000| Untracked 
|2833|0x0000000762200000, 0x0000000762200000, 0x0000000762400000|  0%| F|  |TAMS 0x0000000762200000, 0x0000000762200000| Untracked 
|2834|0x0000000762400000, 0x0000000762400000, 0x0000000762600000|  0%| F|  |TAMS 0x0000000762400000, 0x0000000762400000| Untracked 
|2835|0x0000000762600000, 0x0000000762600000, 0x0000000762800000|  0%| F|  |TAMS 0x0000000762600000, 0x0000000762600000| Untracked 
|2836|0x0000000762800000, 0x0000000762a00000, 0x0000000762a00000|100%| O|  |TAMS 0x0000000762800000, 0x0000000762a00000| Untracked 
|2837|0x0000000762a00000, 0x0000000762a00000, 0x0000000762c00000|  0%| F|  |TAMS 0x0000000762a00000, 0x0000000762a00000| Untracked 
|2838|0x0000000762c00000, 0x0000000762c00000, 0x0000000762e00000|  0%| F|  |TAMS 0x0000000762c00000, 0x0000000762c00000| Untracked 
|2839|0x0000000762e00000, 0x0000000762e00000, 0x0000000763000000|  0%| F|  |TAMS 0x0000000762e00000, 0x0000000762e00000| Untracked 
|2840|0x0000000763000000, 0x0000000763000000, 0x0000000763200000|  0%| F|  |TAMS 0x0000000763000000, 0x0000000763000000| Untracked 
|2841|0x0000000763200000, 0x0000000763200000, 0x0000000763400000|  0%| F|  |TAMS 0x0000000763200000, 0x0000000763200000| Untracked 
|2842|0x0000000763400000, 0x0000000763400000, 0x0000000763600000|  0%| F|  |TAMS 0x0000000763400000, 0x0000000763400000| Untracked 
|2843|0x0000000763600000, 0x0000000763600000, 0x0000000763800000|  0%| F|  |TAMS 0x0000000763600000, 0x0000000763600000| Untracked 
|2844|0x0000000763800000, 0x0000000763800000, 0x0000000763a00000|  0%| F|  |TAMS 0x0000000763800000, 0x0000000763800000| Untracked 
|2845|0x0000000763a00000, 0x0000000763a00000, 0x0000000763c00000|  0%| F|  |TAMS 0x0000000763a00000, 0x0000000763a00000| Untracked 
|2846|0x0000000763c00000, 0x0000000763c00000, 0x0000000763e00000|  0%| F|  |TAMS 0x0000000763c00000, 0x0000000763c00000| Untracked 
|2847|0x0000000763e00000, 0x0000000763e00000, 0x0000000764000000|  0%| F|  |TAMS 0x0000000763e00000, 0x0000000763e00000| Untracked 
|2848|0x0000000764000000, 0x0000000764000000, 0x0000000764200000|  0%| F|  |TAMS 0x0000000764000000, 0x0000000764000000| Untracked 
|2849|0x0000000764200000, 0x0000000764200000, 0x0000000764400000|  0%| F|  |TAMS 0x0000000764200000, 0x0000000764200000| Untracked 
|2850|0x0000000764400000, 0x0000000764400000, 0x0000000764600000|  0%| F|  |TAMS 0x0000000764400000, 0x0000000764400000| Untracked 
|2851|0x0000000764600000, 0x0000000764600000, 0x0000000764800000|  0%| F|  |TAMS 0x0000000764600000, 0x0000000764600000| Untracked 
|2852|0x0000000764800000, 0x0000000764800000, 0x0000000764a00000|  0%| F|  |TAMS 0x0000000764800000, 0x0000000764800000| Untracked 
|2853|0x0000000764a00000, 0x0000000764a00000, 0x0000000764c00000|  0%| F|  |TAMS 0x0000000764a00000, 0x0000000764a00000| Untracked 
|2854|0x0000000764c00000, 0x0000000764c00000, 0x0000000764e00000|  0%| F|  |TAMS 0x0000000764c00000, 0x0000000764c00000| Untracked 
|2855|0x0000000764e00000, 0x0000000764e00000, 0x0000000765000000|  0%| F|  |TAMS 0x0000000764e00000, 0x0000000764e00000| Untracked 
|2856|0x0000000765000000, 0x0000000765000000, 0x0000000765200000|  0%| F|  |TAMS 0x0000000765000000, 0x0000000765000000| Untracked 
|2857|0x0000000765200000, 0x0000000765200000, 0x0000000765400000|  0%| F|  |TAMS 0x0000000765200000, 0x0000000765200000| Untracked 
|2858|0x0000000765400000, 0x0000000765400000, 0x0000000765600000|  0%| F|  |TAMS 0x0000000765400000, 0x0000000765400000| Untracked 
|2859|0x0000000765600000, 0x0000000765600000, 0x0000000765800000|  0%| F|  |TAMS 0x0000000765600000, 0x0000000765600000| Untracked 
|2860|0x0000000765800000, 0x0000000765800000, 0x0000000765a00000|  0%| F|  |TAMS 0x0000000765800000, 0x0000000765800000| Untracked 
|2861|0x0000000765a00000, 0x0000000765a00000, 0x0000000765c00000|  0%| F|  |TAMS 0x0000000765a00000, 0x0000000765a00000| Untracked 
|2862|0x0000000765c00000, 0x0000000765c00000, 0x0000000765e00000|  0%| F|  |TAMS 0x0000000765c00000, 0x0000000765c00000| Untracked 
|2863|0x0000000765e00000, 0x0000000765e00000, 0x0000000766000000|  0%| F|  |TAMS 0x0000000765e00000, 0x0000000765e00000| Untracked 
|2864|0x0000000766000000, 0x0000000766000000, 0x0000000766200000|  0%| F|  |TAMS 0x0000000766000000, 0x0000000766000000| Untracked 
|2865|0x0000000766200000, 0x0000000766200000, 0x0000000766400000|  0%| F|  |TAMS 0x0000000766200000, 0x0000000766200000| Untracked 
|2866|0x0000000766400000, 0x0000000766400000, 0x0000000766600000|  0%| F|  |TAMS 0x0000000766400000, 0x0000000766400000| Untracked 
|2867|0x0000000766600000, 0x0000000766600000, 0x0000000766800000|  0%| F|  |TAMS 0x0000000766600000, 0x0000000766600000| Untracked 
|2868|0x0000000766800000, 0x0000000766800000, 0x0000000766a00000|  0%| F|  |TAMS 0x0000000766800000, 0x0000000766800000| Untracked 
|2869|0x0000000766a00000, 0x0000000766a00000, 0x0000000766c00000|  0%| F|  |TAMS 0x0000000766a00000, 0x0000000766a00000| Untracked 
|2870|0x0000000766c00000, 0x0000000766c00000, 0x0000000766e00000|  0%| F|  |TAMS 0x0000000766c00000, 0x0000000766c00000| Untracked 
|2871|0x0000000766e00000, 0x0000000766e00000, 0x0000000767000000|  0%| F|  |TAMS 0x0000000766e00000, 0x0000000766e00000| Untracked 
|2872|0x0000000767000000, 0x0000000767000000, 0x0000000767200000|  0%| F|  |TAMS 0x0000000767000000, 0x0000000767000000| Untracked 
|2873|0x0000000767200000, 0x0000000767200000, 0x0000000767400000|  0%| F|  |TAMS 0x0000000767200000, 0x0000000767200000| Untracked 
|2874|0x0000000767400000, 0x0000000767400000, 0x0000000767600000|  0%| F|  |TAMS 0x0000000767400000, 0x0000000767400000| Untracked 
|2875|0x0000000767600000, 0x0000000767600000, 0x0000000767800000|  0%| F|  |TAMS 0x0000000767600000, 0x0000000767600000| Untracked 
|2876|0x0000000767800000, 0x0000000767800000, 0x0000000767a00000|  0%| F|  |TAMS 0x0000000767800000, 0x0000000767800000| Untracked 
|2877|0x0000000767a00000, 0x0000000767a00000, 0x0000000767c00000|  0%| F|  |TAMS 0x0000000767a00000, 0x0000000767a00000| Untracked 
|2878|0x0000000767c00000, 0x0000000767c00000, 0x0000000767e00000|  0%| F|  |TAMS 0x0000000767c00000, 0x0000000767c00000| Untracked 
|2879|0x0000000767e00000, 0x0000000767e00000, 0x0000000768000000|  0%| F|  |TAMS 0x0000000767e00000, 0x0000000767e00000| Untracked 
|2880|0x0000000768000000, 0x0000000768000000, 0x0000000768200000|  0%| F|  |TAMS 0x0000000768000000, 0x0000000768000000| Untracked 
|2881|0x0000000768200000, 0x0000000768200000, 0x0000000768400000|  0%| F|  |TAMS 0x0000000768200000, 0x0000000768200000| Untracked 
|2882|0x0000000768400000, 0x0000000768400000, 0x0000000768600000|  0%| F|  |TAMS 0x0000000768400000, 0x0000000768400000| Untracked 
|2883|0x0000000768600000, 0x0000000768600000, 0x0000000768800000|  0%| F|  |TAMS 0x0000000768600000, 0x0000000768600000| Untracked 
|2884|0x0000000768800000, 0x0000000768800000, 0x0000000768a00000|  0%| F|  |TAMS 0x0000000768800000, 0x0000000768800000| Untracked 
|2885|0x0000000768a00000, 0x0000000768a00000, 0x0000000768c00000|  0%| F|  |TAMS 0x0000000768a00000, 0x0000000768a00000| Untracked 
|2886|0x0000000768c00000, 0x0000000768c00000, 0x0000000768e00000|  0%| F|  |TAMS 0x0000000768c00000, 0x0000000768c00000| Untracked 
|2887|0x0000000768e00000, 0x0000000768e00000, 0x0000000769000000|  0%| F|  |TAMS 0x0000000768e00000, 0x0000000768e00000| Untracked 
|2888|0x0000000769000000, 0x0000000769000000, 0x0000000769200000|  0%| F|  |TAMS 0x0000000769000000, 0x0000000769000000| Untracked 
|2889|0x0000000769200000, 0x0000000769200000, 0x0000000769400000|  0%| F|  |TAMS 0x0000000769200000, 0x0000000769200000| Untracked 
|2890|0x0000000769400000, 0x0000000769400000, 0x0000000769600000|  0%| F|  |TAMS 0x0000000769400000, 0x0000000769400000| Untracked 
|2891|0x0000000769600000, 0x0000000769600000, 0x0000000769800000|  0%| F|  |TAMS 0x0000000769600000, 0x0000000769600000| Untracked 
|2892|0x0000000769800000, 0x0000000769800000, 0x0000000769a00000|  0%| F|  |TAMS 0x0000000769800000, 0x0000000769800000| Untracked 
|2893|0x0000000769a00000, 0x0000000769a00000, 0x0000000769c00000|  0%| F|  |TAMS 0x0000000769a00000, 0x0000000769a00000| Untracked 
|2894|0x0000000769c00000, 0x0000000769c00000, 0x0000000769e00000|  0%| F|  |TAMS 0x0000000769c00000, 0x0000000769c00000| Untracked 
|2895|0x0000000769e00000, 0x0000000769e00000, 0x000000076a000000|  0%| F|  |TAMS 0x0000000769e00000, 0x0000000769e00000| Untracked 
|2896|0x000000076a000000, 0x000000076a000000, 0x000000076a200000|  0%| F|  |TAMS 0x000000076a000000, 0x000000076a000000| Untracked 
|2897|0x000000076a200000, 0x000000076a200000, 0x000000076a400000|  0%| F|  |TAMS 0x000000076a200000, 0x000000076a200000| Untracked 
|2898|0x000000076a400000, 0x000000076a400000, 0x000000076a600000|  0%| F|  |TAMS 0x000000076a400000, 0x000000076a400000| Untracked 
|2899|0x000000076a600000, 0x000000076a600000, 0x000000076a800000|  0%| F|  |TAMS 0x000000076a600000, 0x000000076a600000| Untracked 
|2900|0x000000076a800000, 0x000000076a800000, 0x000000076aa00000|  0%| F|  |TAMS 0x000000076a800000, 0x000000076a800000| Untracked 
|2901|0x000000076aa00000, 0x000000076aa00000, 0x000000076ac00000|  0%| F|  |TAMS 0x000000076aa00000, 0x000000076aa00000| Untracked 
|2902|0x000000076ac00000, 0x000000076ac00000, 0x000000076ae00000|  0%| F|  |TAMS 0x000000076ac00000, 0x000000076ac00000| Untracked 
|2903|0x000000076ae00000, 0x000000076ae00000, 0x000000076b000000|  0%| F|  |TAMS 0x000000076ae00000, 0x000000076ae00000| Untracked 
|2904|0x000000076b000000, 0x000000076b000000, 0x000000076b200000|  0%| F|  |TAMS 0x000000076b000000, 0x000000076b000000| Untracked 
|2905|0x000000076b200000, 0x000000076b200000, 0x000000076b400000|  0%| F|  |TAMS 0x000000076b200000, 0x000000076b200000| Untracked 
|2906|0x000000076b400000, 0x000000076b400000, 0x000000076b600000|  0%| F|  |TAMS 0x000000076b400000, 0x000000076b400000| Untracked 
|2907|0x000000076b600000, 0x000000076b600000, 0x000000076b800000|  0%| F|  |TAMS 0x000000076b600000, 0x000000076b600000| Untracked 
|2908|0x000000076b800000, 0x000000076b800000, 0x000000076ba00000|  0%| F|  |TAMS 0x000000076b800000, 0x000000076b800000| Untracked 
|2909|0x000000076ba00000, 0x000000076ba00000, 0x000000076bc00000|  0%| F|  |TAMS 0x000000076ba00000, 0x000000076ba00000| Untracked 
|2910|0x000000076bc00000, 0x000000076bc00000, 0x000000076be00000|  0%| F|  |TAMS 0x000000076bc00000, 0x000000076bc00000| Untracked 
|2911|0x000000076be00000, 0x000000076be00000, 0x000000076c000000|  0%| F|  |TAMS 0x000000076be00000, 0x000000076be00000| Untracked 
|2912|0x000000076c000000, 0x000000076c000000, 0x000000076c200000|  0%| F|  |TAMS 0x000000076c000000, 0x000000076c000000| Untracked 
|2913|0x000000076c200000, 0x000000076c200000, 0x000000076c400000|  0%| F|  |TAMS 0x000000076c200000, 0x000000076c200000| Untracked 
|2914|0x000000076c400000, 0x000000076c400000, 0x000000076c600000|  0%| F|  |TAMS 0x000000076c400000, 0x000000076c400000| Untracked 
|2915|0x000000076c600000, 0x000000076c600000, 0x000000076c800000|  0%| F|  |TAMS 0x000000076c600000, 0x000000076c600000| Untracked 
|2916|0x000000076c800000, 0x000000076c800000, 0x000000076ca00000|  0%| F|  |TAMS 0x000000076c800000, 0x000000076c800000| Untracked 
|2917|0x000000076ca00000, 0x000000076ca00000, 0x000000076cc00000|  0%| F|  |TAMS 0x000000076ca00000, 0x000000076ca00000| Untracked 
|2918|0x000000076cc00000, 0x000000076cc00000, 0x000000076ce00000|  0%| F|  |TAMS 0x000000076cc00000, 0x000000076cc00000| Untracked 
|2919|0x000000076ce00000, 0x000000076ce00000, 0x000000076d000000|  0%| F|  |TAMS 0x000000076ce00000, 0x000000076ce00000| Untracked 
|2920|0x000000076d000000, 0x000000076d000000, 0x000000076d200000|  0%| F|  |TAMS 0x000000076d000000, 0x000000076d000000| Untracked 
|2921|0x000000076d200000, 0x000000076d200000, 0x000000076d400000|  0%| F|  |TAMS 0x000000076d200000, 0x000000076d200000| Untracked 
|2922|0x000000076d400000, 0x000000076d400000, 0x000000076d600000|  0%| F|  |TAMS 0x000000076d400000, 0x000000076d400000| Untracked 
|2923|0x000000076d600000, 0x000000076d600000, 0x000000076d800000|  0%| F|  |TAMS 0x000000076d600000, 0x000000076d600000| Untracked 
|2924|0x000000076d800000, 0x000000076d800000, 0x000000076da00000|  0%| F|  |TAMS 0x000000076d800000, 0x000000076d800000| Untracked 
|2925|0x000000076da00000, 0x000000076da00000, 0x000000076dc00000|  0%| F|  |TAMS 0x000000076da00000, 0x000000076da00000| Untracked 
|2926|0x000000076dc00000, 0x000000076dc00000, 0x000000076de00000|  0%| F|  |TAMS 0x000000076dc00000, 0x000000076dc00000| Untracked 
|2927|0x000000076de00000, 0x000000076de00000, 0x000000076e000000|  0%| F|  |TAMS 0x000000076de00000, 0x000000076de00000| Untracked 
|2928|0x000000076e000000, 0x000000076e000000, 0x000000076e200000|  0%| F|  |TAMS 0x000000076e000000, 0x000000076e000000| Untracked 
|2929|0x000000076e200000, 0x000000076e200000, 0x000000076e400000|  0%| F|  |TAMS 0x000000076e200000, 0x000000076e200000| Untracked 
|2930|0x000000076e400000, 0x000000076e400000, 0x000000076e600000|  0%| F|  |TAMS 0x000000076e400000, 0x000000076e400000| Untracked 
|2931|0x000000076e600000, 0x000000076e600000, 0x000000076e800000|  0%| F|  |TAMS 0x000000076e600000, 0x000000076e600000| Untracked 
|2932|0x000000076e800000, 0x000000076e800000, 0x000000076ea00000|  0%| F|  |TAMS 0x000000076e800000, 0x000000076e800000| Untracked 
|2933|0x000000076ea00000, 0x000000076ea00000, 0x000000076ec00000|  0%| F|  |TAMS 0x000000076ea00000, 0x000000076ea00000| Untracked 
|2934|0x000000076ec00000, 0x000000076ec00000, 0x000000076ee00000|  0%| F|  |TAMS 0x000000076ec00000, 0x000000076ec00000| Untracked 
|2935|0x000000076ee00000, 0x000000076ee00000, 0x000000076f000000|  0%| F|  |TAMS 0x000000076ee00000, 0x000000076ee00000| Untracked 
|2936|0x000000076f000000, 0x000000076f000000, 0x000000076f200000|  0%| F|  |TAMS 0x000000076f000000, 0x000000076f000000| Untracked 
|2937|0x000000076f200000, 0x000000076f200000, 0x000000076f400000|  0%| F|  |TAMS 0x000000076f200000, 0x000000076f200000| Untracked 
|2938|0x000000076f400000, 0x000000076f400000, 0x000000076f600000|  0%| F|  |TAMS 0x000000076f400000, 0x000000076f400000| Untracked 
|2939|0x000000076f600000, 0x000000076f600000, 0x000000076f800000|  0%| F|  |TAMS 0x000000076f600000, 0x000000076f600000| Untracked 
|2940|0x000000076f800000, 0x000000076f800000, 0x000000076fa00000|  0%| F|  |TAMS 0x000000076f800000, 0x000000076f800000| Untracked 
|2941|0x000000076fa00000, 0x000000076fa00000, 0x000000076fc00000|  0%| F|  |TAMS 0x000000076fa00000, 0x000000076fa00000| Untracked 
|2942|0x000000076fc00000, 0x000000076fc00000, 0x000000076fe00000|  0%| F|  |TAMS 0x000000076fc00000, 0x000000076fc00000| Untracked 
|2943|0x000000076fe00000, 0x000000076fe00000, 0x0000000770000000|  0%| F|  |TAMS 0x000000076fe00000, 0x000000076fe00000| Untracked 
|2944|0x0000000770000000, 0x0000000770000000, 0x0000000770200000|  0%| F|  |TAMS 0x0000000770000000, 0x0000000770000000| Untracked 
|2945|0x0000000770200000, 0x0000000770200000, 0x0000000770400000|  0%| F|  |TAMS 0x0000000770200000, 0x0000000770200000| Untracked 
|2946|0x0000000770400000, 0x0000000770400000, 0x0000000770600000|  0%| F|  |TAMS 0x0000000770400000, 0x0000000770400000| Untracked 
|2947|0x0000000770600000, 0x0000000770600000, 0x0000000770800000|  0%| F|  |TAMS 0x0000000770600000, 0x0000000770600000| Untracked 
|2948|0x0000000770800000, 0x0000000770800000, 0x0000000770a00000|  0%| F|  |TAMS 0x0000000770800000, 0x0000000770800000| Untracked 
|2949|0x0000000770a00000, 0x0000000770a00000, 0x0000000770c00000|  0%| F|  |TAMS 0x0000000770a00000, 0x0000000770a00000| Untracked 
|2950|0x0000000770c00000, 0x0000000770c00000, 0x0000000770e00000|  0%| F|  |TAMS 0x0000000770c00000, 0x0000000770c00000| Untracked 
|2951|0x0000000770e00000, 0x0000000770e00000, 0x0000000771000000|  0%| F|  |TAMS 0x0000000770e00000, 0x0000000770e00000| Untracked 
|2952|0x0000000771000000, 0x0000000771000000, 0x0000000771200000|  0%| F|  |TAMS 0x0000000771000000, 0x0000000771000000| Untracked 
|2953|0x0000000771200000, 0x0000000771200000, 0x0000000771400000|  0%| F|  |TAMS 0x0000000771200000, 0x0000000771200000| Untracked 
|2954|0x0000000771400000, 0x0000000771400000, 0x0000000771600000|  0%| F|  |TAMS 0x0000000771400000, 0x0000000771400000| Untracked 
|2955|0x0000000771600000, 0x0000000771600000, 0x0000000771800000|  0%| F|  |TAMS 0x0000000771600000, 0x0000000771600000| Untracked 
|2956|0x0000000771800000, 0x0000000771800000, 0x0000000771a00000|  0%| F|  |TAMS 0x0000000771800000, 0x0000000771800000| Untracked 
|2957|0x0000000771a00000, 0x0000000771a00000, 0x0000000771c00000|  0%| F|  |TAMS 0x0000000771a00000, 0x0000000771a00000| Untracked 
|2958|0x0000000771c00000, 0x0000000771c00000, 0x0000000771e00000|  0%| F|  |TAMS 0x0000000771c00000, 0x0000000771c00000| Untracked 
|2959|0x0000000771e00000, 0x0000000771e00000, 0x0000000772000000|  0%| F|  |TAMS 0x0000000771e00000, 0x0000000771e00000| Untracked 
|2960|0x0000000772000000, 0x0000000772000000, 0x0000000772200000|  0%| F|  |TAMS 0x0000000772000000, 0x0000000772000000| Untracked 
|2961|0x0000000772200000, 0x0000000772200000, 0x0000000772400000|  0%| F|  |TAMS 0x0000000772200000, 0x0000000772200000| Untracked 
|2962|0x0000000772400000, 0x0000000772400000, 0x0000000772600000|  0%| F|  |TAMS 0x0000000772400000, 0x0000000772400000| Untracked 
|2963|0x0000000772600000, 0x0000000772600000, 0x0000000772800000|  0%| F|  |TAMS 0x0000000772600000, 0x0000000772600000| Untracked 
|2964|0x0000000772800000, 0x0000000772800000, 0x0000000772a00000|  0%| F|  |TAMS 0x0000000772800000, 0x0000000772800000| Untracked 
|2965|0x0000000772a00000, 0x0000000772a00000, 0x0000000772c00000|  0%| F|  |TAMS 0x0000000772a00000, 0x0000000772a00000| Untracked 
|2966|0x0000000772c00000, 0x0000000772c00000, 0x0000000772e00000|  0%| F|  |TAMS 0x0000000772c00000, 0x0000000772c00000| Untracked 
|2967|0x0000000772e00000, 0x0000000772e00000, 0x0000000773000000|  0%| F|  |TAMS 0x0000000772e00000, 0x0000000772e00000| Untracked 
|2968|0x0000000773000000, 0x0000000773000000, 0x0000000773200000|  0%| F|  |TAMS 0x0000000773000000, 0x0000000773000000| Untracked 
|2969|0x0000000773200000, 0x0000000773200000, 0x0000000773400000|  0%| F|  |TAMS 0x0000000773200000, 0x0000000773200000| Untracked 
|2970|0x0000000773400000, 0x0000000773400000, 0x0000000773600000|  0%| F|  |TAMS 0x0000000773400000, 0x0000000773400000| Untracked 
|2971|0x0000000773600000, 0x0000000773600000, 0x0000000773800000|  0%| F|  |TAMS 0x0000000773600000, 0x0000000773600000| Untracked 
|2972|0x0000000773800000, 0x0000000773800000, 0x0000000773a00000|  0%| F|  |TAMS 0x0000000773800000, 0x0000000773800000| Untracked 
|2973|0x0000000773a00000, 0x0000000773a00000, 0x0000000773c00000|  0%| F|  |TAMS 0x0000000773a00000, 0x0000000773a00000| Untracked 
|2974|0x0000000773c00000, 0x0000000773c00000, 0x0000000773e00000|  0%| F|  |TAMS 0x0000000773c00000, 0x0000000773c00000| Untracked 
|2975|0x0000000773e00000, 0x0000000773e00000, 0x0000000774000000|  0%| F|  |TAMS 0x0000000773e00000, 0x0000000773e00000| Untracked 
|2976|0x0000000774000000, 0x0000000774000000, 0x0000000774200000|  0%| F|  |TAMS 0x0000000774000000, 0x0000000774000000| Untracked 
|2977|0x0000000774200000, 0x0000000774200000, 0x0000000774400000|  0%| F|  |TAMS 0x0000000774200000, 0x0000000774200000| Untracked 
|2978|0x0000000774400000, 0x0000000774400000, 0x0000000774600000|  0%| F|  |TAMS 0x0000000774400000, 0x0000000774400000| Untracked 
|2979|0x0000000774600000, 0x0000000774600000, 0x0000000774800000|  0%| F|  |TAMS 0x0000000774600000, 0x0000000774600000| Untracked 
|2980|0x0000000774800000, 0x0000000774800000, 0x0000000774a00000|  0%| F|  |TAMS 0x0000000774800000, 0x0000000774800000| Untracked 
|2981|0x0000000774a00000, 0x0000000774a00000, 0x0000000774c00000|  0%| F|  |TAMS 0x0000000774a00000, 0x0000000774a00000| Untracked 
|2982|0x0000000774c00000, 0x0000000774c00000, 0x0000000774e00000|  0%| F|  |TAMS 0x0000000774c00000, 0x0000000774c00000| Untracked 
|2983|0x0000000774e00000, 0x0000000774e00000, 0x0000000775000000|  0%| F|  |TAMS 0x0000000774e00000, 0x0000000774e00000| Untracked 
|2984|0x0000000775000000, 0x0000000775000000, 0x0000000775200000|  0%| F|  |TAMS 0x0000000775000000, 0x0000000775000000| Untracked 
|2985|0x0000000775200000, 0x0000000775200000, 0x0000000775400000|  0%| F|  |TAMS 0x0000000775200000, 0x0000000775200000| Untracked 
|2986|0x0000000775400000, 0x0000000775400000, 0x0000000775600000|  0%| F|  |TAMS 0x0000000775400000, 0x0000000775400000| Untracked 
|2987|0x0000000775600000, 0x0000000775600000, 0x0000000775800000|  0%| F|  |TAMS 0x0000000775600000, 0x0000000775600000| Untracked 
|2988|0x0000000775800000, 0x0000000775800000, 0x0000000775a00000|  0%| F|  |TAMS 0x0000000775800000, 0x0000000775800000| Untracked 
|2989|0x0000000775a00000, 0x0000000775a00000, 0x0000000775c00000|  0%| F|  |TAMS 0x0000000775a00000, 0x0000000775a00000| Untracked 
|2990|0x0000000775c00000, 0x0000000775c00000, 0x0000000775e00000|  0%| F|  |TAMS 0x0000000775c00000, 0x0000000775c00000| Untracked 
|2991|0x0000000775e00000, 0x0000000775e00000, 0x0000000776000000|  0%| F|  |TAMS 0x0000000775e00000, 0x0000000775e00000| Untracked 
|2992|0x0000000776000000, 0x0000000776000000, 0x0000000776200000|  0%| F|  |TAMS 0x0000000776000000, 0x0000000776000000| Untracked 
|2993|0x0000000776200000, 0x0000000776200000, 0x0000000776400000|  0%| F|  |TAMS 0x0000000776200000, 0x0000000776200000| Untracked 
|2994|0x0000000776400000, 0x0000000776400000, 0x0000000776600000|  0%| F|  |TAMS 0x0000000776400000, 0x0000000776400000| Untracked 
|2995|0x0000000776600000, 0x0000000776600000, 0x0000000776800000|  0%| F|  |TAMS 0x0000000776600000, 0x0000000776600000| Untracked 
|2996|0x0000000776800000, 0x0000000776800000, 0x0000000776a00000|  0%| F|  |TAMS 0x0000000776800000, 0x0000000776800000| Untracked 
|2997|0x0000000776a00000, 0x0000000776a00000, 0x0000000776c00000|  0%| F|  |TAMS 0x0000000776a00000, 0x0000000776a00000| Untracked 
|2998|0x0000000776c00000, 0x0000000776c00000, 0x0000000776e00000|  0%| F|  |TAMS 0x0000000776c00000, 0x0000000776c00000| Untracked 
|2999|0x0000000776e00000, 0x0000000776e00000, 0x0000000777000000|  0%| F|  |TAMS 0x0000000776e00000, 0x0000000776e00000| Untracked 
|3000|0x0000000777000000, 0x0000000777000000, 0x0000000777200000|  0%| F|  |TAMS 0x0000000777000000, 0x0000000777000000| Untracked 
|3001|0x0000000777200000, 0x0000000777200000, 0x0000000777400000|  0%| F|  |TAMS 0x0000000777200000, 0x0000000777200000| Untracked 
|3002|0x0000000777400000, 0x0000000777400000, 0x0000000777600000|  0%| F|  |TAMS 0x0000000777400000, 0x0000000777400000| Untracked 
|3003|0x0000000777600000, 0x0000000777600000, 0x0000000777800000|  0%| F|  |TAMS 0x0000000777600000, 0x0000000777600000| Untracked 
|3004|0x0000000777800000, 0x0000000777800000, 0x0000000777a00000|  0%| F|  |TAMS 0x0000000777800000, 0x0000000777800000| Untracked 
|3005|0x0000000777a00000, 0x0000000777a00000, 0x0000000777c00000|  0%| F|  |TAMS 0x0000000777a00000, 0x0000000777a00000| Untracked 
|3006|0x0000000777c00000, 0x0000000777c00000, 0x0000000777e00000|  0%| F|  |TAMS 0x0000000777c00000, 0x0000000777c00000| Untracked 
|3007|0x0000000777e00000, 0x0000000777e00000, 0x0000000778000000|  0%| F|  |TAMS 0x0000000777e00000, 0x0000000777e00000| Untracked 
|3008|0x0000000778000000, 0x0000000778000000, 0x0000000778200000|  0%| F|  |TAMS 0x0000000778000000, 0x0000000778000000| Untracked 
|3009|0x0000000778200000, 0x0000000778200000, 0x0000000778400000|  0%| F|  |TAMS 0x0000000778200000, 0x0000000778200000| Untracked 
|3010|0x0000000778400000, 0x0000000778400000, 0x0000000778600000|  0%| F|  |TAMS 0x0000000778400000, 0x0000000778400000| Untracked 
|3011|0x0000000778600000, 0x0000000778600000, 0x0000000778800000|  0%| F|  |TAMS 0x0000000778600000, 0x0000000778600000| Untracked 
|3012|0x0000000778800000, 0x0000000778800000, 0x0000000778a00000|  0%| F|  |TAMS 0x0000000778800000, 0x0000000778800000| Untracked 
|3013|0x0000000778a00000, 0x0000000778a00000, 0x0000000778c00000|  0%| F|  |TAMS 0x0000000778a00000, 0x0000000778a00000| Untracked 
|3014|0x0000000778c00000, 0x0000000778c00000, 0x0000000778e00000|  0%| F|  |TAMS 0x0000000778c00000, 0x0000000778c00000| Untracked 
|3015|0x0000000778e00000, 0x0000000778e00000, 0x0000000779000000|  0%| F|  |TAMS 0x0000000778e00000, 0x0000000778e00000| Untracked 
|3016|0x0000000779000000, 0x0000000779000000, 0x0000000779200000|  0%| F|  |TAMS 0x0000000779000000, 0x0000000779000000| Untracked 
|3017|0x0000000779200000, 0x0000000779200000, 0x0000000779400000|  0%| F|  |TAMS 0x0000000779200000, 0x0000000779200000| Untracked 
|3018|0x0000000779400000, 0x0000000779400000, 0x0000000779600000|  0%| F|  |TAMS 0x0000000779400000, 0x0000000779400000| Untracked 
|3019|0x0000000779600000, 0x0000000779600000, 0x0000000779800000|  0%| F|  |TAMS 0x0000000779600000, 0x0000000779600000| Untracked 
|3020|0x0000000779800000, 0x0000000779800000, 0x0000000779a00000|  0%| F|  |TAMS 0x0000000779800000, 0x0000000779800000| Untracked 
|3021|0x0000000779a00000, 0x0000000779a00000, 0x0000000779c00000|  0%| F|  |TAMS 0x0000000779a00000, 0x0000000779a00000| Untracked 
|3022|0x0000000779c00000, 0x0000000779c00000, 0x0000000779e00000|  0%| F|  |TAMS 0x0000000779c00000, 0x0000000779c00000| Untracked 
|4094|0x00000007ffc00000, 0x00000007ffd47000, 0x00000007ffe00000| 63%|OA|  |TAMS 0x00000007ffd47000, 0x00000007ffd47000| Untracked 
|4095|0x00000007ffe00000, 0x00000007ffe6b000, 0x0000000800000000| 20%|CA|  |TAMS 0x00000007ffe6b000, 0x00000007ffe6b000| Untracked 

Card table byte_map: [0x00007f179e000000,0x00007f179f000000] _byte_map_base: 0x00007f179b000000

Marking Bits (Prev, Next): (CMBitMap*) 0x00007f17bc05b9c0, (CMBitMap*) 0x00007f17bc05b988
 Prev Bits: [0x00007f178d000000, 0x00007f1795000000)
 Next Bits: [0x00007f1795000000, 0x00007f179d000000)

Polling page: 0x00007f17c2a42000

Metaspace:

Usage:
  Non-class:    125.49 MB capacity,   121.30 MB ( 97%) used,     3.35 MB (  3%) free+waste,   859.38 KB ( <1%) overhead. 
      Class:     20.91 MB capacity,    17.79 MB ( 85%) used,     2.71 MB ( 13%) free+waste,   418.88 KB (  2%) overhead. 
       Both:    146.40 MB capacity,   139.08 MB ( 95%) used,     6.07 MB (  4%) free+waste,     1.25 MB ( <1%) overhead. 

Virtual space:
  Non-class space:      126.00 MB reserved,     125.86 MB (>99%) committed 
      Class space:        1.00 GB reserved,      21.32 MB (  2%) committed 
             Both:        1.12 GB reserved,     147.18 MB ( 13%) committed 

Chunk freelists:
   Non-Class:  136.00 KB
       Class:  403.00 KB
        Both:  539.00 KB

MaxMetaspaceSize: unlimited
CompressedClassSpaceSize: 1.00 GB
Initial GC threshold: 20.80 MB
Current GC threshold: 245.31 MB
CDS: on

CodeHeap 'non-profiled nmethods': size=120032Kb used=33777Kb max_used=33777Kb free=86254Kb
 bounds [0x00007f17ac31b000, 0x00007f17ae41b000, 0x00007f17b3853000]
CodeHeap 'profiled nmethods': size=120028Kb used=48884Kb max_used=49522Kb free=71143Kb
 bounds [0x00007f17a4de4000, 0x00007f17a7e44000, 0x00007f17ac31b000]
CodeHeap 'non-nmethods': size=5700Kb used=1681Kb max_used=1752Kb free=4018Kb
 bounds [0x00007f17a4853000, 0x00007f17a4ac3000, 0x00007f17a4de4000]
 total_blobs=28929 nmethods=27884 adapters=956
 compilation: enabled
              stopped_count=0, restarted_count=0
 full_count=0

Compilation events (20 events):
Event: 59787.102 Thread 0x00007f17bc241800 35988       3       javax.security.auth.Subject$SecureSet$1::<init> (27 bytes)
Event: 59787.103 Thread 0x00007f17bc241800 nmethod 35988 0x00007f17a58e7990 code [0x00007f17a58e7ba0, 0x00007f17a58e8200]
Event: 59986.038 Thread 0x00007f17bc23f800 35989       4       scala.reflect.internal.SymbolTable::markAllCompleted (6 bytes)
Event: 59986.041 Thread 0x00007f17bc23f800 nmethod 35989 0x00007f17ae40f790 code [0x00007f17ae40f940, 0x00007f17ae40fb58]
Event: 59986.165 Thread 0x00007f17bc23f800 35990       4       jdk.internal.loader.BuiltinClassLoader$1::hasNext (93 bytes)
Event: 59986.177 Thread 0x00007f17bc23f800 nmethod 35990 0x00007f17ae40ff90 code [0x00007f17ae4101e0, 0x00007f17ae410a60]
Event: 59986.184 Thread 0x00007f17bc241800 35991       3       javax.security.auth.Subject$ClassSet::populateSet (201 bytes)
Event: 59986.185 Thread 0x00007f17bc241800 nmethod 35991 0x00007f17a58e6290 code [0x00007f17a58e6560, 0x00007f17a58e7490]
Event: 59988.050 Thread 0x00007f17bc241800 35992       3       javax.security.auth.Subject$ClassSet::iterator (10 bytes)
Event: 59988.050 Thread 0x00007f17bc241800 nmethod 35992 0x00007f17a71d5990 code [0x00007f17a71d5b40, 0x00007f17a71d5d20]
Event: 60197.666 Thread 0x00007f17bc23f800 35994   !   4       scala.reflect.runtime.JavaMirrors$JavaMirror::staticPackage (13 bytes)
Event: 60197.667 Thread 0x00007f17bc23f800 nmethod 35994 0x00007f17ae410f90 code [0x00007f17ae411140, 0x00007f17ae411218]
Event: 60197.667 Thread 0x00007f17bc23f800 35993   !   4       scala.reflect.internal.SymbolTable::slowButSafeEnteringPhaseNotLaterThan (75 bytes)
Event: 60197.728 Thread 0x00007f17bc23f800 nmethod 35993 0x00007f17ae411310 code [0x00007f17ae411780, 0x00007f17ae413d08]
Event: 60199.028 Thread 0x00007f17bc23f800 35995       4       java.util.ServiceLoader$1::run (5 bytes)
Event: 60199.032 Thread 0x00007f17bc23f800 nmethod 35995 0x00007f17ae416810 code [0x00007f17ae4169e0, 0x00007f17ae416e68]
Event: 60199.032 Thread 0x00007f17bc23f800 35996       4       java.util.ServiceLoader$LazyClassPathLookupIterator::next (5 bytes)
Event: 60199.033 Thread 0x00007f17bc23f800 nmethod 35996 0x00007f17ae417210 code [0x00007f17ae4173c0, 0x00007f17ae417508]
Event: 60200.878 Thread 0x00007f17bc241800 35997   !   3       javax.security.auth.Subject$ClassSet::<init> (141 bytes)
Event: 60200.879 Thread 0x00007f17bc241800 nmethod 35997 0x00007f17a58e4d90 code [0x00007f17a58e5000, 0x00007f17a58e5e40]

GC Heap History (20 events):
Event: 60203.228 GC heap after
{Heap after GC invocations=55702 (full 33):
 garbage-first heap   total 5875712K, used 3360971K [0x0000000600000000, 0x0000000800000000)
  region size 2048K, 39 young (79872K), 39 survivors (79872K)
 Metaspace       used 142420K, capacity 149910K, committed 150716K, reserved 1177600K
  class space    used 18212K, capacity 21410K, committed 21836K, reserved 1048576K
}
Event: 60203.323 GC heap before
{Heap before GC invocations=55702 (full 33):
 garbage-first heap   total 5875712K, used 5259467K [0x0000000600000000, 0x0000000800000000)
  region size 2048K, 934 young (1912832K), 39 survivors (79872K)
 Metaspace       used 142420K, capacity 149910K, committed 150716K, reserved 1177600K
  class space    used 18212K, capacity 21410K, committed 21836K, reserved 1048576K
}
Event: 60203.333 GC heap after
{Heap after GC invocations=55703 (full 33):
 garbage-first heap   total 5875712K, used 3358923K [0x0000000600000000, 0x0000000800000000)
  region size 2048K, 38 young (77824K), 38 survivors (77824K)
 Metaspace       used 142420K, capacity 149910K, committed 150716K, reserved 1177600K
  class space    used 18212K, capacity 21410K, committed 21836K, reserved 1048576K
}
Event: 60203.466 GC heap before
{Heap before GC invocations=55703 (full 33):
 garbage-first heap   total 5875712K, used 5257419K [0x0000000600000000, 0x0000000800000000)
  region size 2048K, 935 young (1914880K), 38 survivors (77824K)
 Metaspace       used 142420K, capacity 149910K, committed 150716K, reserved 1177600K
  class space    used 18212K, capacity 21410K, committed 21836K, reserved 1048576K
}
Event: 60203.479 GC heap after
{Heap after GC invocations=55704 (full 33):
 garbage-first heap   total 5875712K, used 3360971K [0x0000000600000000, 0x0000000800000000)
  region size 2048K, 38 young (77824K), 38 survivors (77824K)
 Metaspace       used 142420K, capacity 149910K, committed 150716K, reserved 1177600K
  class space    used 18212K, capacity 21410K, committed 21836K, reserved 1048576K
}
Event: 60203.580 GC heap before
{Heap before GC invocations=55704 (full 33):
 garbage-first heap   total 5875712K, used 5267659K [0x0000000600000000, 0x0000000800000000)
  region size 2048K, 934 young (1912832K), 38 survivors (77824K)
 Metaspace       used 142420K, capacity 149910K, committed 150716K, reserved 1177600K
  class space    used 18212K, capacity 21410K, committed 21836K, reserved 1048576K
}
Event: 60203.595 GC heap after
{Heap after GC invocations=55705 (full 33):
 garbage-first heap   total 6195200K, used 3360907K [0x0000000600000000, 0x0000000800000000)
  region size 2048K, 27 young (55296K), 27 survivors (55296K)
 Metaspace       used 142420K, capacity 149910K, committed 150716K, reserved 1177600K
  class space    used 18212K, capacity 21410K, committed 21836K, reserved 1048576K
}
Event: 60203.782 GC heap before
{Heap before GC invocations=55705 (full 33):
 garbage-first heap   total 6195200K, used 5574795K [0x0000000600000000, 0x0000000800000000)
  region size 2048K, 1074 young (2199552K), 27 survivors (55296K)
 Metaspace       used 142420K, capacity 149910K, committed 150716K, reserved 1177600K
  class space    used 18212K, capacity 21410K, committed 21836K, reserved 1048576K
}
Event: 60203.816 GC heap after
{Heap after GC invocations=55706 (full 33):
 garbage-first heap   total 6195200K, used 3360247K [0x0000000600000000, 0x0000000800000000)
  region size 2048K, 10 young (20480K), 10 survivors (20480K)
 Metaspace       used 142420K, capacity 149910K, committed 150716K, reserved 1177600K
  class space    used 18212K, capacity 21410K, committed 21836K, reserved 1048576K
}
Event: 60203.992 GC heap before
{Heap before GC invocations=55706 (full 33):
 garbage-first heap   total 6195200K, used 5604855K [0x0000000600000000, 0x0000000800000000)
  region size 2048K, 1073 young (2197504K), 10 survivors (20480K)
 Metaspace       used 142420K, capacity 149910K, committed 150716K, reserved 1177600K
  class space    used 18212K, capacity 21410K, committed 21836K, reserved 1048576K
}
Event: 60204.013 GC heap after
{Heap after GC invocations=55707 (full 33):
 garbage-first heap   total 6195200K, used 3362297K [0x0000000600000000, 0x0000000800000000)
  region size 2048K, 9 young (18432K), 9 survivors (18432K)
 Metaspace       used 142420K, capacity 149910K, committed 150716K, reserved 1177600K
  class space    used 18212K, capacity 21410K, committed 21836K, reserved 1048576K
}
Event: 60204.162 GC heap before
{Heap before GC invocations=55707 (full 33):
 garbage-first heap   total 6195200K, used 5608953K [0x0000000600000000, 0x0000000800000000)
  region size 2048K, 1072 young (2195456K), 9 survivors (18432K)
 Metaspace       used 142420K, capacity 149910K, committed 150716K, reserved 1177600K
  class space    used 18212K, capacity 21410K, committed 21836K, reserved 1048576K
}
Event: 60204.172 GC heap after
{Heap after GC invocations=55708 (full 33):
 garbage-first heap   total 6195200K, used 3362406K [0x0000000600000000, 0x0000000800000000)
  region size 2048K, 7 young (14336K), 7 survivors (14336K)
 Metaspace       used 142420K, capacity 149910K, committed 150716K, reserved 1177600K
  class space    used 18212K, capacity 21410K, committed 21836K, reserved 1048576K
}
Event: 60204.321 GC heap before
{Heap before GC invocations=55708 (full 33):
 garbage-first heap   total 6195200K, used 5619302K [0x0000000600000000, 0x0000000800000000)
  region size 2048K, 1070 young (2191360K), 7 survivors (14336K)
 Metaspace       used 142420K, capacity 149910K, committed 150716K, reserved 1177600K
  class space    used 18212K, capacity 21410K, committed 21836K, reserved 1048576K
}
Event: 60204.330 GC heap after
{Heap after GC invocations=55709 (full 33):
 garbage-first heap   total 6195200K, used 3361465K [0x0000000600000000, 0x0000000800000000)
  region size 2048K, 6 young (12288K), 6 survivors (12288K)
 Metaspace       used 142420K, capacity 149910K, committed 150716K, reserved 1177600K
  class space    used 18212K, capacity 21410K, committed 21836K, reserved 1048576K
}
Event: 60204.482 GC heap before
{Heap before GC invocations=55709 (full 33):
 garbage-first heap   total 6195200K, used 5591737K [0x0000000600000000, 0x0000000800000000)
  region size 2048K, 1072 young (2195456K), 6 survivors (12288K)
 Metaspace       used 142420K, capacity 149910K, committed 150716K, reserved 1177600K
  class space    used 18212K, capacity 21410K, committed 21836K, reserved 1048576K
}
Event: 60204.487 GC heap after
{Heap after GC invocations=55710 (full 33):
 garbage-first heap   total 6195200K, used 3361557K [0x0000000600000000, 0x0000000800000000)
  region size 2048K, 6 young (12288K), 6 survivors (12288K)
 Metaspace       used 142420K, capacity 149910K, committed 150716K, reserved 1177600K
  class space    used 18212K, capacity 21410K, committed 21836K, reserved 1048576K
}
Event: 60204.651 GC heap before
{Heap before GC invocations=55710 (full 33):
 garbage-first heap   total 6195200K, used 5661461K [0x0000000600000000, 0x0000000800000000)
  region size 2048K, 1072 young (2195456K), 6 survivors (12288K)
 Metaspace       used 142420K, capacity 149910K, committed 150716K, reserved 1177600K
  class space    used 18212K, capacity 21410K, committed 21836K, reserved 1048576K
}
Event: 60204.670 GC heap after
{Heap after GC invocations=55711 (full 33):
 garbage-first heap   total 6195200K, used 3362437K [0x0000000600000000, 0x0000000800000000)
  region size 2048K, 7 young (14336K), 7 survivors (14336K)
 Metaspace       used 142420K, capacity 149910K, committed 150716K, reserved 1177600K
  class space    used 18212K, capacity 21410K, committed 21836K, reserved 1048576K
}
Event: 60204.848 GC heap before
{Heap before GC invocations=55712 (full 33):
 garbage-first heap   total 6195200K, used 4888197K [0x0000000600000000, 0x0000000800000000)
  region size 2048K, 735 young (1505280K), 7 survivors (14336K)
 Metaspace       used 142420K, capacity 149910K, committed 150716K, reserved 1177600K
  class space    used 18212K, capacity 21410K, committed 21836K, reserved 1048576K
}

Deoptimization events (20 events):
Event: 42916.650 Thread 0x00007f16bc265800 DEOPT PACKING pc=0x00007f17ad74da38 sp=0x00007f168acaa6b0
Event: 42916.650 Thread 0x00007f16bc265800 DEOPT UNPACKING pc=0x00007f17a489cea5 sp=0x00007f168acaa688 mode 2
Event: 44734.589 Thread 0x00007f1730006800 DEOPT PACKING pc=0x00007f17a763147a sp=0x00007f1784b93560
Event: 44734.589 Thread 0x00007f1730006800 DEOPT UNPACKING pc=0x00007f17a489d64a sp=0x00007f1784b92b70 mode 0
Event: 47867.068 Thread 0x00007f1704084000 Uncommon trap: trap_request=0xffffff4d fr.pc=0x00007f17ad7c6778 relative=0x0000000000000598
Event: 47867.068 Thread 0x00007f1704084000 Uncommon trap: reason=unstable_if action=reinterpret pc=0x00007f17ad7c6778 method=java.lang.ThreadGroup.add(Ljava/lang/Thread;)V @ 46 c2
Event: 47867.068 Thread 0x00007f1704084000 DEOPT PACKING pc=0x00007f17ad7c6778 sp=0x00007f1688949380
Event: 47867.068 Thread 0x00007f1704084000 DEOPT UNPACKING pc=0x00007f17a489cea5 sp=0x00007f16889492b8 mode 2
Event: 48604.473 Thread 0x00007f16c8270000 Uncommon trap: trap_request=0xffffff4d fr.pc=0x00007f17ad2a52fc relative=0x000000000000061c
Event: 48604.473 Thread 0x00007f16c8270000 Uncommon trap: reason=unstable_if action=reinterpret pc=0x00007f17ad2a52fc method=java.util.HashMap.removeNode(ILjava/lang/Object;Ljava/lang/Object;ZZ)Ljava/util/HashMap$Node; @ 71 c2
Event: 48604.473 Thread 0x00007f16c8270000 DEOPT PACKING pc=0x00007f17ad2a52fc sp=0x00007f1685222090
Event: 48604.473 Thread 0x00007f16c8270000 DEOPT UNPACKING pc=0x00007f17a489cea5 sp=0x00007f1685222030 mode 2
Event: 50406.648 Thread 0x00007f17249d8800 DEOPT PACKING pc=0x00007f17a7c7e475 sp=0x00007f1719463780
Event: 50406.648 Thread 0x00007f17249d8800 DEOPT UNPACKING pc=0x00007f17a489d64a sp=0x00007f1719462d00 mode 0
Event: 52850.208 Thread 0x00007f1720295800 Uncommon trap: trap_request=0xfffffff4 fr.pc=0x00007f17ad9b63d0 relative=0x0000000000000fb0
Event: 52850.208 Thread 0x00007f1720295800 Uncommon trap: reason=null_check action=make_not_entrant pc=0x00007f17ad9b63d0 method=sun.nio.fs.UnixPath.encode(Lsun/nio/fs/UnixFileSystem;Ljava/lang/String;)[B @ 18 c2
Event: 52850.208 Thread 0x00007f1720295800 DEOPT PACKING pc=0x00007f17ad9b63d0 sp=0x00007f16885451b0
Event: 52850.208 Thread 0x00007f1720295800 DEOPT UNPACKING pc=0x00007f17a489cea5 sp=0x00007f1688545158 mode 2
Event: 58741.975 Thread 0x00007f1730006800 DEOPT PACKING pc=0x00007f17a7d6391b sp=0x00007f1784b957b0
Event: 58741.975 Thread 0x00007f1730006800 DEOPT UNPACKING pc=0x00007f17a489d64a sp=0x00007f1784b94df0 mode 0

Classes redefined (0 events):
No events

Internal exceptions (20 events):
Event: 873.848 Thread 0x00007f16f000c000 Implicit null exception at 0x00007f17ad6597fc to 0x00007f17ad659ba0
Event: 1121.717 Thread 0x00007f1730006800 Implicit null exception at 0x00007f17ad0f1e5b to 0x00007f17ad0f24d8
Event: 1123.370 Thread 0x00007f1730006800 Implicit null exception at 0x00007f17ad6d7f11 to 0x00007f17ad6d804c
Event: 1123.372 Thread 0x00007f1730006800 Implicit null exception at 0x00007f17acc30f49 to 0x00007f17acc321c8
Event: 1125.334 Thread 0x00007f16f015f800 Implicit null exception at 0x00007f17ad44f3c0 to 0x00007f17ad44f850
Event: 1125.337 Thread 0x00007f16f015f800 Implicit null exception at 0x00007f17ad322e86 to 0x00007f17ad323b88
Event: 1125.337 Thread 0x00007f16f015f800 Implicit null exception at 0x00007f17ad2fad8c to 0x00007f17ad2fae68
Event: 1126.446 Thread 0x00007f16f00ab000 Implicit null exception at 0x00007f17ad749a98 to 0x00007f17ad74a3b4
Event: 1131.814 Thread 0x00007f16f0010000 Implicit null exception at 0x00007f17acfe70a4 to 0x00007f17acfe73d0
Event: 1133.589 Thread 0x00007f16f00ab000 Implicit null exception at 0x00007f17ad384fcc to 0x00007f17ad388ed8
Event: 1133.617 Thread 0x00007f16f00ab000 Implicit null exception at 0x00007f17ad2469f3 to 0x00007f17ad246c98
Event: 1489.434 Thread 0x00007f1730006800 Implicit null exception at 0x00007f17ac4e5ad6 to 0x00007f17ac4e6d6c
Event: 4078.945 Thread 0x00007f1698018800 Implicit null exception at 0x00007f17ad186c21 to 0x00007f17ad187edc
Event: 4465.359 Thread 0x00007f16f07bc000 Implicit null exception at 0x00007f17accddadb to 0x00007f17acce47c4
Event: 4465.359 Thread 0x00007f16f07bc000 Implicit null exception at 0x00007f17accf75c5 to 0x00007f17accf76e8
Event: 4465.425 Thread 0x00007f16f07bc000 Implicit null exception at 0x00007f17acc3ccfa to 0x00007f17acc3e3c0
Event: 7906.208 Thread 0x00007f16f0540000 Implicit null exception at 0x00007f17ad75fe17 to 0x00007f17ad765aa8
Event: 9940.969 Thread 0x00007f16f000c000 Implicit null exception at 0x00007f17ad8da89b to 0x00007f17ad8da904
Event: 26580.489 Thread 0x00007f16f0010000 Implicit null exception at 0x00007f17acbb18c9 to 0x00007f17acbb20e0
Event: 52850.208 Thread 0x00007f1720295800 Implicit null exception at 0x00007f17ad9b54fd to 0x00007f17ad9b63bc

Events (20 events):
Event: 60203.333 Executing VM operation: G1CollectForAllocation done
Event: 60203.457 Executing VM operation: G1CollectForAllocation
Event: 60203.479 Executing VM operation: G1CollectForAllocation done
Event: 60203.579 Executing VM operation: G1CollectForAllocation
Event: 60203.595 Executing VM operation: G1CollectForAllocation done
Event: 60203.775 Executing VM operation: G1CollectForAllocation
Event: 60203.817 Executing VM operation: G1CollectForAllocation done
Event: 60203.976 Executing VM operation: G1CollectForAllocation
Event: 60204.013 Executing VM operation: G1CollectForAllocation done
Event: 60204.161 Executing VM operation: G1CollectForAllocation
Event: 60204.173 Executing VM operation: G1CollectForAllocation done
Event: 60204.320 Executing VM operation: G1CollectForAllocation
Event: 60204.330 Executing VM operation: G1CollectForAllocation done
Event: 60204.481 Executing VM operation: G1CollectForAllocation
Event: 60204.487 Executing VM operation: G1CollectForAllocation done
Event: 60204.649 Executing VM operation: G1CollectForAllocation
Event: 60204.670 Executing VM operation: G1CollectForAllocation done
Event: 60204.778 Executing VM operation: CGC_Operation
Event: 60204.807 Executing VM operation: CGC_Operation done
Event: 60204.844 Executing VM operation: G1CollectForAllocation


Dynamic libraries:
600000000-779e00000 rw-p 00000000 00:00 0 
793800000-7ffc00000 ---p 00000000 00:00 0 
7ffc00000-7ffd00000 rw-p 00000000 00:00 0 
7ffd00000-7ffd47000 rw-p 01114000 fd:02 420905068                        /usr/lib/jvm/java-11-openjdk-amd64/lib/server/classes.jsa
7ffd47000-7ffe00000 rw-p 00000000 00:00 0 
7ffe00000-7ffe6b000 rw-p 010a9000 fd:02 420905068                        /usr/lib/jvm/java-11-openjdk-amd64/lib/server/classes.jsa
7ffe6b000-800000000 rw-p 00000000 00:00 0 
800000000-800002000 rwxp 00001000 fd:02 420905068                        /usr/lib/jvm/java-11-openjdk-amd64/lib/server/classes.jsa
800002000-8003b7000 rw-p 00003000 fd:02 420905068                        /usr/lib/jvm/java-11-openjdk-amd64/lib/server/classes.jsa
8003b7000-800a97000 r--p 003b8000 fd:02 420905068                        /usr/lib/jvm/java-11-openjdk-amd64/lib/server/classes.jsa
800a97000-800a98000 rw-p 00a98000 fd:02 420905068                        /usr/lib/jvm/java-11-openjdk-amd64/lib/server/classes.jsa
800a98000-8010a8000 r--p 00a99000 fd:02 420905068                        /usr/lib/jvm/java-11-openjdk-amd64/lib/server/classes.jsa
840000000-841553000 rw-p 00000000 00:00 0 
841553000-880000000 ---p 00000000 00:00 0 
55b5fffa4000-55b5fffa5000 r--p 00000000 fd:02 14838590                   /usr/lib/jvm/java-11-openjdk-amd64/bin/java
55b5fffa5000-55b5fffa6000 r-xp 00001000 fd:02 14838590                   /usr/lib/jvm/java-11-openjdk-amd64/bin/java
55b5fffa6000-55b5fffa7000 r--p 00002000 fd:02 14838590                   /usr/lib/jvm/java-11-openjdk-amd64/bin/java
55b5fffa7000-55b5fffa8000 r--p 00002000 fd:02 14838590                   /usr/lib/jvm/java-11-openjdk-amd64/bin/java
55b5fffa8000-55b5fffa9000 rw-p 00003000 fd:02 14838590                   /usr/lib/jvm/java-11-openjdk-amd64/bin/java
55b6013da000-55b601edd000 rw-p 00000000 00:00 0                          [heap]
7f1684719000-7f168471d000 ---p 00000000 00:00 0 
7f168471d000-7f168481a000 rw-p 00000000 00:00 0 
7f1684a1c000-7f1684a20000 ---p 00000000 00:00 0 
7f1684a20000-7f1684b1d000 rw-p 00000000 00:00 0 
7f1685123000-7f1685127000 ---p 00000000 00:00 0 
7f1685127000-7f1685224000 rw-p 00000000 00:00 0 
7f1685628000-7f168562c000 ---p 00000000 00:00 0 
7f168562c000-7f1685729000 rw-p 00000000 00:00 0 
7f1685b2d000-7f1685b31000 ---p 00000000 00:00 0 
7f1685b31000-7f1685c2e000 rw-p 00000000 00:00 0 
7f1685c2e000-7f1685c32000 ---p 00000000 00:00 0 
7f1685c32000-7f1685d2f000 rw-p 00000000 00:00 0 
7f1685d2f000-7f1685d33000 ---p 00000000 00:00 0 
7f1685d33000-7f1685e30000 rw-p 00000000 00:00 0 
7f1685e30000-7f1685e34000 ---p 00000000 00:00 0 
7f1685e34000-7f1685f31000 rw-p 00000000 00:00 0 
7f1685f31000-7f1685f35000 ---p 00000000 00:00 0 
7f1685f35000-7f1686032000 rw-p 00000000 00:00 0 
7f1686032000-7f1686036000 ---p 00000000 00:00 0 
7f1686036000-7f1686133000 rw-p 00000000 00:00 0 
7f1686234000-7f1686238000 ---p 00000000 00:00 0 
7f1686238000-7f1686335000 rw-p 00000000 00:00 0 
7f1686335000-7f1686339000 ---p 00000000 00:00 0 
7f1686339000-7f1686436000 rw-p 00000000 00:00 0 
7f1686436000-7f168643a000 ---p 00000000 00:00 0 
7f168643a000-7f1686537000 rw-p 00000000 00:00 0 
7f1686638000-7f168663c000 ---p 00000000 00:00 0 
7f168663c000-7f1686739000 rw-p 00000000 00:00 0 
7f1686739000-7f168673d000 ---p 00000000 00:00 0 
7f168673d000-7f168683a000 rw-p 00000000 00:00 0 
7f168683a000-7f168683e000 ---p 00000000 00:00 0 
7f168683e000-7f168693b000 rw-p 00000000 00:00 0 
7f168693b000-7f168693f000 ---p 00000000 00:00 0 
7f168693f000-7f1686a3c000 rw-p 00000000 00:00 0 
7f1686a3c000-7f1686a40000 ---p 00000000 00:00 0 
7f1686a40000-7f1686d3d000 rw-p 00000000 00:00 0 
7f1686d3d000-7f1686f3d000 rw-p 00000000 00:00 0 
7f1686f3d000-7f168713d000 rw-p 00000000 00:00 0 
7f168713d000-7f1687141000 ---p 00000000 00:00 0 
7f1687141000-7f168723e000 rw-p 00000000 00:00 0 
7f168723e000-7f168743e000 rw-p 00000000 00:00 0 
7f168743e000-7f168763e000 rw-p 00000000 00:00 0 
7f168763e000-7f168783e000 rw-p 00000000 00:00 0 
7f168783e000-7f1687842000 ---p 00000000 00:00 0 
7f1687842000-7f168793f000 rw-p 00000000 00:00 0 
7f168793f000-7f1687943000 ---p 00000000 00:00 0 
7f1687943000-7f1687a40000 rw-p 00000000 00:00 0 
7f1687a40000-7f1687a44000 ---p 00000000 00:00 0 
7f1687a44000-7f1687b41000 rw-p 00000000 00:00 0 
7f1687b41000-7f1687b45000 ---p 00000000 00:00 0 
7f1687b45000-7f1687e42000 rw-p 00000000 00:00 0 
7f1687e42000-7f1688042000 rw-p 00000000 00:00 0 
7f1688042000-7f1688046000 ---p 00000000 00:00 0 
7f1688046000-7f1688143000 rw-p 00000000 00:00 0 
7f1688244000-7f1688248000 ---p 00000000 00:00 0 
7f1688248000-7f1688345000 rw-p 00000000 00:00 0 
7f1688345000-7f1688349000 ---p 00000000 00:00 0 
7f1688349000-7f1688446000 rw-p 00000000 00:00 0 
7f1688547000-7f168854b000 ---p 00000000 00:00 0 
7f168854b000-7f1688648000 rw-p 00000000 00:00 0 
7f1688648000-7f168864c000 ---p 00000000 00:00 0 
7f168864c000-7f1688749000 rw-p 00000000 00:00 0 
7f1688749000-7f168874d000 ---p 00000000 00:00 0 
7f168874d000-7f168884a000 rw-p 00000000 00:00 0 
7f168884a000-7f168884e000 ---p 00000000 00:00 0 
7f168884e000-7f168894b000 rw-p 00000000 00:00 0 
7f1688a4c000-7f1688a50000 ---p 00000000 00:00 0 
7f1688a50000-7f1688b4d000 rw-p 00000000 00:00 0 
7f1688b4d000-7f1688b51000 ---p 00000000 00:00 0 
7f1688b51000-7f1688c4e000 rw-p 00000000 00:00 0 
7f1688c4e000-7f1688c52000 ---p 00000000 00:00 0 
7f1688c52000-7f1688d4f000 rw-p 00000000 00:00 0 
7f1688d4f000-7f1688d53000 ---p 00000000 00:00 0 
7f1688d53000-7f1688e50000 rw-p 00000000 00:00 0 
7f1689052000-7f1689056000 ---p 00000000 00:00 0 
7f1689056000-7f1689153000 rw-p 00000000 00:00 0 
7f1689153000-7f1689157000 ---p 00000000 00:00 0 
7f1689157000-7f1689254000 rw-p 00000000 00:00 0 
7f1689254000-7f1689258000 ---p 00000000 00:00 0 
7f1689258000-7f1689555000 rw-p 00000000 00:00 0 
7f1689555000-7f1689597000 r-xp 00000000 fd:02 295629173                  /tmp/snappy-1.1.8-f4968b61-fab1-4ecb-a2e9-98ce1f831358-libsnappyjava.so
7f1689597000-7f1689796000 ---p 00042000 fd:02 295629173                  /tmp/snappy-1.1.8-f4968b61-fab1-4ecb-a2e9-98ce1f831358-libsnappyjava.so
7f1689796000-7f168979a000 rw-p 00041000 fd:02 295629173                  /tmp/snappy-1.1.8-f4968b61-fab1-4ecb-a2e9-98ce1f831358-libsnappyjava.so
7f168979a000-7f16899ab000 rw-p 00000000 00:00 0 
7f16899ab000-7f1689bab000 rw-p 00000000 00:00 0 
7f1689bab000-7f1689dab000 rw-p 00000000 00:00 0 
7f1689dab000-7f1689fab000 rw-p 00000000 00:00 0 
7f1689fab000-7f168a1ab000 rw-p 00000000 00:00 0 
7f168a1ab000-7f168a3ab000 rw-p 00000000 00:00 0 
7f168a3ab000-7f168a5ab000 rw-p 00000000 00:00 0 
7f168a5ab000-7f168a7ab000 rw-p 00000000 00:00 0 
7f168a7ab000-7f168a9ab000 rw-p 00000000 00:00 0 
7f168a9ab000-7f168abab000 rw-p 00000000 00:00 0 
7f168acac000-7f168acb0000 ---p 00000000 00:00 0 
7f168acb0000-7f168afad000 rw-p 00000000 00:00 0 
7f168b0ae000-7f168b0b2000 ---p 00000000 00:00 0 
7f168b0b2000-7f168b1af000 rw-p 00000000 00:00 0 
7f168b2b0000-7f168b2b4000 ---p 00000000 00:00 0 
7f168b2b4000-7f168b3b1000 rw-p 00000000 00:00 0 
7f168b3b1000-7f168b3b5000 ---p 00000000 00:00 0 
7f168b3b5000-7f168b4b2000 rw-p 00000000 00:00 0 
7f168b5b3000-7f168b5b7000 ---p 00000000 00:00 0 
7f168b5b7000-7f168b8a7000 rw-p 00000000 00:00 0 
7f168b8a7000-7f168b8b4000 ---p 00000000 00:00 0 
7f168b8b4000-7f168ba9d000 rw-p 00000000 00:00 0 
7f168ba9d000-7f168bab4000 ---p 00000000 00:00 0 
7f168bab4000-7f168bcb4000 rw-p 00000000 00:00 0 
7f168bcb4000-7f168beb4000 rw-p 00000000 00:00 0 
7f168beb4000-7f168c0b4000 rw-p 00000000 00:00 0 
7f168c0b4000-7f168c2b4000 rw-p 00000000 00:00 0 
7f168c2b4000-7f168c4b4000 rw-p 00000000 00:00 0 
7f168c4b4000-7f168c6b4000 rw-p 00000000 00:00 0 
7f168c6b4000-7f168c6b8000 ---p 00000000 00:00 0 
7f168c6b8000-7f168c9b5000 rw-p 00000000 00:00 0 
7f168c9b5000-7f168c9b9000 ---p 00000000 00:00 0 
7f168c9b9000-7f168cab6000 rw-p 00000000 00:00 0 
7f168cab6000-7f168ccb6000 rw-p 00000000 00:00 0 
7f168cdb7000-7f168cfb7000 rw-p 00000000 00:00 0 
7f168cfb7000-7f168cfbb000 ---p 00000000 00:00 0 
7f168cfbb000-7f168d0b8000 rw-p 00000000 00:00 0 
7f168d0b8000-7f168d0bc000 ---p 00000000 00:00 0 
7f168d0bc000-7f168d1b9000 rw-p 00000000 00:00 0 
7f168d1b9000-7f168d1bd000 ---p 00000000 00:00 0 
7f168d1bd000-7f168d2ba000 rw-p 00000000 00:00 0 
7f168d2ba000-7f168d2be000 ---p 00000000 00:00 0 
7f168d2be000-7f168d3bb000 rw-p 00000000 00:00 0 
7f168d3bb000-7f168d3bf000 ---p 00000000 00:00 0 
7f168d3bf000-7f168d4bc000 rw-p 00000000 00:00 0 
7f168d5bd000-7f168d5c1000 ---p 00000000 00:00 0 
7f168d5c1000-7f168d6be000 rw-p 00000000 00:00 0 
7f168d7bf000-7f168d7c3000 ---p 00000000 00:00 0 
7f168d7c3000-7f168d8c0000 rw-p 00000000 00:00 0 
7f168d8c0000-7f168d8c4000 ---p 00000000 00:00 0 
7f168d8c4000-7f168dbc1000 rw-p 00000000 00:00 0 
7f168dbc1000-7f168dbc5000 ---p 00000000 00:00 0 
7f168dbc5000-7f168dcc2000 rw-p 00000000 00:00 0 
7f168dcc2000-7f168dcf1000 r-xp 00000000 fd:02 295629158                  /tmp/liblz4-java-1596865665519795064.so
7f168dcf1000-7f168def0000 ---p 0002f000 fd:02 295629158                  /tmp/liblz4-java-1596865665519795064.so
7f168def0000-7f168def1000 r--p 0002e000 fd:02 295629158                  /tmp/liblz4-java-1596865665519795064.so
7f168def1000-7f168def2000 rw-p 0002f000 fd:02 295629158                  /tmp/liblz4-java-1596865665519795064.so
7f168def2000-7f168e0f2000 rw-p 00000000 00:00 0 
7f168e0f2000-7f168e2f2000 rw-p 00000000 00:00 0 
7f168e2f2000-7f168e4f2000 rw-p 00000000 00:00 0 
7f168e4f2000-7f168e4f3000 ---p 00000000 00:00 0 
7f168e4f3000-7f168e5f4000 rw-p 00000000 00:00 0 
7f168e5f4000-7f168e5f5000 ---p 00000000 00:00 0 
7f168e5f5000-7f168e6f6000 rw-p 00000000 00:00 0 
7f168e7f7000-7f168e9f7000 rw-p 00000000 00:00 0 
7f168e9f7000-7f168e9f8000 ---p 00000000 00:00 0 
7f168e9f8000-7f168eaf9000 rw-p 00000000 00:00 0 
7f168eaf9000-7f168eafa000 ---p 00000000 00:00 0 
7f168eafa000-7f168ebfb000 rw-p 00000000 00:00 0 
7f168ebfb000-7f168ebfc000 ---p 00000000 00:00 0 
7f168ebfc000-7f168ecfd000 rw-p 00000000 00:00 0 
7f168ecfd000-7f168ed01000 ---p 00000000 00:00 0 
7f168ed01000-7f168edfe000 rw-p 00000000 00:00 0 
7f168edfe000-7f168ee02000 ---p 00000000 00:00 0 
7f168ee02000-7f168eeff000 rw-p 00000000 00:00 0 
7f168eeff000-7f168ef03000 ---p 00000000 00:00 0 
7f168ef03000-7f168f200000 rw-p 00000000 00:00 0 
7f168f200000-7f168f400000 rw-p 00000000 00:00 0 
7f168f400000-7f168f600000 rw-p 00000000 00:00 0 
7f168f600000-7f168f800000 rw-p 00000000 00:00 0 
7f168f800000-7f168fa00000 rw-p 00000000 00:00 0 
7f168fa00000-7f168fc00000 rw-p 00000000 00:00 0 
7f168fc00000-7f168fe00000 rw-p 00000000 00:00 0 
7f168fe00000-7f1690000000 rw-p 00000000 00:00 0 
7f1690000000-7f1692db4000 rw-p 00000000 00:00 0 
7f1692db4000-7f1694000000 ---p 00000000 00:00 0 
7f1694000000-7f1694442000 rw-p 00000000 00:00 0 
7f1694442000-7f1698000000 ---p 00000000 00:00 0 
7f1698000000-7f16983e3000 rw-p 00000000 00:00 0 
7f16983e3000-7f169c000000 ---p 00000000 00:00 0 
7f169c000000-7f169c194000 rw-p 00000000 00:00 0 
7f169c194000-7f16a0000000 ---p 00000000 00:00 0 
7f16a0000000-7f16a0268000 rw-p 00000000 00:00 0 
7f16a0268000-7f16a4000000 ---p 00000000 00:00 0 
7f16a4000000-7f16a5904000 rw-p 00000000 00:00 0 
7f16a5904000-7f16a8000000 ---p 00000000 00:00 0 
7f16a8000000-7f16aa050000 rw-p 00000000 00:00 0 
7f16aa050000-7f16ac000000 ---p 00000000 00:00 0 
7f16ac000000-7f16ac4aa000 rw-p 00000000 00:00 0 
7f16ac4aa000-7f16b0000000 ---p 00000000 00:00 0 
7f16b0000000-7f16b07f1000 rw-p 00000000 00:00 0 
7f16b07f1000-7f16b4000000 ---p 00000000 00:00 0 
7f16b4000000-7f16b55c3000 rw-p 00000000 00:00 0 
7f16b55c3000-7f16b8000000 ---p 00000000 00:00 0 
7f16b8000000-7f16badf2000 rw-p 00000000 00:00 0 
7f16badf2000-7f16bc000000 ---p 00000000 00:00 0 
7f16bc000000-7f16be078000 rw-p 00000000 00:00 0 
7f16be078000-7f16c0000000 ---p 00000000 00:00 0 
7f16c0000000-7f16c2e02000 rw-p 00000000 00:00 0 
7f16c2e02000-7f16c4000000 ---p 00000000 00:00 0 
7f16c4000000-7f16c5003000 rw-p 00000000 00:00 0 
7f16c5003000-7f16c8000000 ---p 00000000 00:00 0 
7f16c8000000-7f16c94cb000 rw-p 00000000 00:00 0 
7f16c94cb000-7f16cc000000 ---p 00000000 00:00 0 
7f16cc000000-7f16cc038000 rw-p 00000000 00:00 0 
7f16cc038000-7f16d0000000 ---p 00000000 00:00 0 
7f16d0000000-7f16d1a60000 rw-p 00000000 00:00 0 
7f16d1a60000-7f16d4000000 ---p 00000000 00:00 0 
7f16d4000000-7f16d51cd000 rw-p 00000000 00:00 0 
7f16d51cd000-7f16d8000000 ---p 00000000 00:00 0 
7f16d8000000-7f16d9422000 rw-p 00000000 00:00 0 
7f16d9422000-7f16dc000000 ---p 00000000 00:00 0 
7f16dc000000-7f16dc12b000 rw-p 00000000 00:00 0 
7f16dc12b000-7f16e0000000 ---p 00000000 00:00 0 
7f16e0000000-7f16e0063000 rw-p 00000000 00:00 0 
7f16e0063000-7f16e4000000 ---p 00000000 00:00 0 
7f16e4000000-7f16e522c000 rw-p 00000000 00:00 0 
7f16e522c000-7f16e8000000 ---p 00000000 00:00 0 
7f16e8000000-7f16ea070000 rw-p 00000000 00:00 0 
7f16ea070000-7f16ec000000 ---p 00000000 00:00 0 
7f16ec000000-7f16ecc97000 rw-p 00000000 00:00 0 
7f16ecc97000-7f16f0000000 ---p 00000000 00:00 0 
7f16f0000000-7f16f0e0b000 rw-p 00000000 00:00 0 
7f16f0e0b000-7f16f4000000 ---p 00000000 00:00 0 
7f16f4000000-7f16f48a4000 rw-p 00000000 00:00 0 
7f16f48a4000-7f16f8000000 ---p 00000000 00:00 0 
7f16f8000000-7f16fb000000 rw-p 00000000 00:00 0 
7f16fb000000-7f16fc000000 ---p 00000000 00:00 0 
7f16fc000000-7f16fee31000 rw-p 00000000 00:00 0 
7f16fee31000-7f1700000000 ---p 00000000 00:00 0 
7f1700000000-7f17026e1000 rw-p 00000000 00:00 0 
7f17026e1000-7f1704000000 ---p 00000000 00:00 0 
7f1704000000-7f17062b6000 rw-p 00000000 00:00 0 
7f17062b6000-7f1708000000 ---p 00000000 00:00 0 
7f1708000000-7f170aef5000 rw-p 00000000 00:00 0 
7f170aef5000-7f170c000000 ---p 00000000 00:00 0 
7f170c000000-7f1710000000 rw-p 00000000 00:00 0 
7f1710000000-7f1712dd3000 rw-p 00000000 00:00 0 
7f1712dd3000-7f1714000000 ---p 00000000 00:00 0 
7f1714000000-7f1716490000 rw-p 00000000 00:00 0 
7f1716490000-7f1718000000 ---p 00000000 00:00 0 
7f171807b000-7f171827b000 rw-p 00000000 00:00 0 
7f171827b000-7f171827f000 ---p 00000000 00:00 0 
7f171827f000-7f171857c000 rw-p 00000000 00:00 0 
7f171857c000-7f1718580000 ---p 00000000 00:00 0 
7f1718580000-7f171887d000 rw-p 00000000 00:00 0 
7f171887d000-7f1718881000 ---p 00000000 00:00 0 
7f1718881000-7f171897e000 rw-p 00000000 00:00 0 
7f171897e000-7f1718982000 ---p 00000000 00:00 0 
7f1718982000-7f1718a7f000 rw-p 00000000 00:00 0 
7f1718a7f000-7f1718a83000 ---p 00000000 00:00 0 
7f1718a83000-7f1718b80000 rw-p 00000000 00:00 0 
7f1718b80000-7f1718b84000 ---p 00000000 00:00 0 
7f1718b84000-7f1718e81000 rw-p 00000000 00:00 0 
7f1718e81000-7f1718e85000 ---p 00000000 00:00 0 
7f1718e85000-7f1719182000 rw-p 00000000 00:00 0 
7f1719263000-7f1719267000 ---p 00000000 00:00 0 
7f1719267000-7f1719364000 rw-p 00000000 00:00 0 
7f1719364000-7f1719368000 ---p 00000000 00:00 0 
7f1719368000-7f1719465000 rw-p 00000000 00:00 0 
7f1719543000-7f1719547000 ---p 00000000 00:00 0 
7f1719547000-7f1719644000 rw-p 00000000 00:00 0 
7f1719644000-7f1719648000 ---p 00000000 00:00 0 
7f1719648000-7f1719945000 rw-p 00000000 00:00 0 
7f17199e0000-7f17199e4000 ---p 00000000 00:00 0 
7f17199e4000-7f1719ae1000 rw-p 00000000 00:00 0 
7f1719ae1000-7f1719ae5000 ---p 00000000 00:00 0 
7f1719ae5000-7f1719be2000 rw-p 00000000 00:00 0 
7f1719be2000-7f1719be6000 ---p 00000000 00:00 0 
7f1719be6000-7f1719ce3000 rw-p 00000000 00:00 0 
7f1719ce3000-7f1719ce7000 ---p 00000000 00:00 0 
7f1719ce7000-7f1719de4000 rw-p 00000000 00:00 0 
7f1719de4000-7f1719de8000 ---p 00000000 00:00 0 
7f1719de8000-7f1719ee5000 rw-p 00000000 00:00 0 
7f1719ee5000-7f1719ee9000 ---p 00000000 00:00 0 
7f1719ee9000-7f1719fe6000 rw-p 00000000 00:00 0 
7f1719fe6000-7f1719fea000 ---p 00000000 00:00 0 
7f1719fea000-7f171a0e7000 rw-p 00000000 00:00 0 
7f171a0e7000-7f171a0eb000 ---p 00000000 00:00 0 
7f171a0eb000-7f171a1e8000 rw-p 00000000 00:00 0 
7f171a1e8000-7f171a1ec000 ---p 00000000 00:00 0 
7f171a1ec000-7f171a2e9000 rw-p 00000000 00:00 0 
7f171a2e9000-7f171a2ed000 ---p 00000000 00:00 0 
7f171a2ed000-7f171a3ea000 rw-p 00000000 00:00 0 
7f171a3ea000-7f171a3ee000 ---p 00000000 00:00 0 
7f171a3ee000-7f171a4eb000 rw-p 00000000 00:00 0 
7f171a4eb000-7f171a4ef000 ---p 00000000 00:00 0 
7f171a4ef000-7f171a7ec000 rw-p 00000000 00:00 0 
7f171a7ec000-7f171a7f0000 ---p 00000000 00:00 0 
7f171a7f0000-7f171a8ed000 rw-p 00000000 00:00 0 
7f171a8ed000-7f171a8f1000 ---p 00000000 00:00 0 
7f171a8f1000-7f171a9ee000 rw-p 00000000 00:00 0 
7f171a9ee000-7f171a9f2000 ---p 00000000 00:00 0 
7f171a9f2000-7f171acef000 rw-p 00000000 00:00 0 
7f171acef000-7f171acf3000 ---p 00000000 00:00 0 
7f171acf3000-7f171adf0000 rw-p 00000000 00:00 0 
7f171adf0000-7f171adf4000 ---p 00000000 00:00 0 
7f171adf4000-7f171aef1000 rw-p 00000000 00:00 0 
7f171aef1000-7f171aef5000 ---p 00000000 00:00 0 
7f171aef5000-7f171aff2000 rw-p 00000000 00:00 0 
7f171aff2000-7f171aff6000 ---p 00000000 00:00 0 
7f171aff6000-7f171b0f3000 rw-p 00000000 00:00 0 
7f171b0f3000-7f171b0f7000 ---p 00000000 00:00 0 
7f171b0f7000-7f171b1f4000 rw-p 00000000 00:00 0 
7f171b1f4000-7f171b1f8000 ---p 00000000 00:00 0 
7f171b1f8000-7f171b2f5000 rw-p 00000000 00:00 0 
7f171b2f5000-7f171b2f9000 ---p 00000000 00:00 0 
7f171b2f9000-7f171b3f6000 rw-p 00000000 00:00 0 
7f171b3f6000-7f171b3fa000 ---p 00000000 00:00 0 
7f171b3fa000-7f171b4f7000 rw-p 00000000 00:00 0 
7f171b4f7000-7f171b4fb000 ---p 00000000 00:00 0 
7f171b4fb000-7f171b5f8000 rw-p 00000000 00:00 0 
7f171b5f8000-7f171b5fc000 ---p 00000000 00:00 0 
7f171b5fc000-7f171b6f9000 rw-p 00000000 00:00 0 
7f171b6f9000-7f171b6fd000 ---p 00000000 00:00 0 
7f171b6fd000-7f171b7fa000 rw-p 00000000 00:00 0 
7f171b7fa000-7f171b7fe000 ---p 00000000 00:00 0 
7f171b7fe000-7f171b8fb000 rw-p 00000000 00:00 0 
7f171b8fb000-7f171b8ff000 ---p 00000000 00:00 0 
7f171b8ff000-7f171b9fc000 rw-p 00000000 00:00 0 
7f171b9fc000-7f171ba00000 ---p 00000000 00:00 0 
7f171ba00000-7f171bafd000 rw-p 00000000 00:00 0 
7f171bafd000-7f171bb01000 ---p 00000000 00:00 0 
7f171bb01000-7f171bbfe000 rw-p 00000000 00:00 0 
7f171bbfe000-7f171bc02000 ---p 00000000 00:00 0 
7f171bc02000-7f171bcff000 rw-p 00000000 00:00 0 
7f171bcff000-7f171bd03000 ---p 00000000 00:00 0 
7f171bd03000-7f171c000000 rw-p 00000000 00:00 0 
7f171c000000-7f171ee0f000 rw-p 00000000 00:00 0 
7f171ee0f000-7f1720000000 ---p 00000000 00:00 0 
7f1720000000-7f1722345000 rw-p 00000000 00:00 0 
7f1722345000-7f1724000000 ---p 00000000 00:00 0 
7f1724000000-7f17261d8000 rw-p 00000000 00:00 0 
7f17261d8000-7f1728000000 ---p 00000000 00:00 0 
7f1728000000-7f172802f000 rw-p 00000000 00:00 0 
7f172802f000-7f172c000000 ---p 00000000 00:00 0 
7f172c000000-7f172ee9e000 rw-p 00000000 00:00 0 
7f172ee9e000-7f1730000000 ---p 00000000 00:00 0 
7f1730000000-7f1732015000 rw-p 00000000 00:00 0 
7f1732015000-7f1734000000 ---p 00000000 00:00 0 
7f1734000000-7f17363d5000 rw-p 00000000 00:00 0 
7f17363d5000-7f1738000000 ---p 00000000 00:00 0 
7f1738000000-7f173aa7a000 rw-p 00000000 00:00 0 
7f173aa7a000-7f173c000000 ---p 00000000 00:00 0 
7f173c000000-7f173e870000 rw-p 00000000 00:00 0 
7f173e870000-7f1740000000 ---p 00000000 00:00 0 
7f1740000000-7f1742d5a000 rw-p 00000000 00:00 0 
7f1742d5a000-7f1744000000 ---p 00000000 00:00 0 
7f1744000000-7f1746602000 rw-p 00000000 00:00 0 
7f1746602000-7f1748000000 ---p 00000000 00:00 0 
7f1748000000-7f174a592000 rw-p 00000000 00:00 0 
7f174a592000-7f174c000000 ---p 00000000 00:00 0 
7f174c000000-7f174e179000 rw-p 00000000 00:00 0 
7f174e179000-7f1750000000 ---p 00000000 00:00 0 
7f1750000000-7f1752b9b000 rw-p 00000000 00:00 0 
7f1752b9b000-7f1754000000 ---p 00000000 00:00 0 
7f1754000000-7f1756db1000 rw-p 00000000 00:00 0 
7f1756db1000-7f1758000000 ---p 00000000 00:00 0 
7f1758000000-7f175844f000 rw-p 00000000 00:00 0 
7f175844f000-7f175c000000 ---p 00000000 00:00 0 
7f175c000000-7f175f484000 rw-p 00000000 00:00 0 
7f175f484000-7f1760000000 ---p 00000000 00:00 0 
7f1760000000-7f17620c1000 rw-p 00000000 00:00 0 
7f17620c1000-7f1764000000 ---p 00000000 00:00 0 
7f1764000000-7f1764f2a000 rw-p 00000000 00:00 0 
7f1764f2a000-7f1768000000 ---p 00000000 00:00 0 
7f1768000000-7f1769fc4000 rw-p 00000000 00:00 0 
7f1769fc4000-7f176c000000 ---p 00000000 00:00 0 
7f176c000000-7f176eac2000 rw-p 00000000 00:00 0 
7f176eac2000-7f1770000000 ---p 00000000 00:00 0 
7f1770000000-7f1770bb6000 rw-p 00000000 00:00 0 
7f1770bb6000-7f1774000000 ---p 00000000 00:00 0 
7f1774000000-7f1776042000 rw-p 00000000 00:00 0 
7f1776042000-7f1778000000 ---p 00000000 00:00 0 
7f1778000000-7f177b64b000 rw-p 00000000 00:00 0 
7f177b64b000-7f177c000000 ---p 00000000 00:00 0 
7f177c000000-7f177eead000 rw-p 00000000 00:00 0 
7f177eead000-7f1780000000 ---p 00000000 00:00 0 
7f1780000000-7f1781c74000 rw-p 00000000 00:00 0 
7f1781c74000-7f1784000000 ---p 00000000 00:00 0 
7f1784053000-7f1784057000 ---p 00000000 00:00 0 
7f1784057000-7f1784075000 rw-p 00000000 00:00 0 
7f1784075000-7f1784079000 r--p 00000000 fd:02 419678964                  /usr/lib/x86_64-linux-gnu/libresolv-2.31.so
7f1784079000-7f1784089000 r-xp 00004000 fd:02 419678964                  /usr/lib/x86_64-linux-gnu/libresolv-2.31.so
7f1784089000-7f178408c000 r--p 00014000 fd:02 419678964                  /usr/lib/x86_64-linux-gnu/libresolv-2.31.so
7f178408c000-7f178408d000 ---p 00017000 fd:02 419678964                  /usr/lib/x86_64-linux-gnu/libresolv-2.31.so
7f178408d000-7f178408e000 r--p 00017000 fd:02 419678964                  /usr/lib/x86_64-linux-gnu/libresolv-2.31.so
7f178408e000-7f178408f000 rw-p 00018000 fd:02 419678964                  /usr/lib/x86_64-linux-gnu/libresolv-2.31.so
7f178408f000-7f1784291000 rw-p 00000000 00:00 0 
7f1784291000-7f1784292000 ---p 00000000 00:00 0 
7f1784292000-7f1784393000 rw-p 00000000 00:00 0 
7f1784393000-7f1784397000 ---p 00000000 00:00 0 
7f1784397000-7f1784494000 rw-p 00000000 00:00 0 
7f1784494000-7f1784498000 ---p 00000000 00:00 0 
7f1784498000-7f1784595000 rw-p 00000000 00:00 0 
7f1784595000-7f1784599000 ---p 00000000 00:00 0 
7f1784599000-7f1784896000 rw-p 00000000 00:00 0 
7f1784896000-7f1784a96000 rw-p 00000000 00:00 0 
7f1784a96000-7f1784a9a000 ---p 00000000 00:00 0 
7f1784a9a000-7f1784b97000 rw-p 00000000 00:00 0 
7f1784b97000-7f1784b9b000 ---p 00000000 00:00 0 
7f1784b9b000-7f1784c98000 rw-p 00000000 00:00 0 
7f1784c98000-7f1784c9c000 ---p 00000000 00:00 0 
7f1784c9c000-7f1784eba000 rw-p 00000000 00:00 0 
7f1784eba000-7f17850ba000 rw-p 00000000 00:00 0 
7f17850ba000-7f17852ba000 rw-p 00000000 00:00 0 
7f17852ba000-7f17852bb000 ---p 00000000 00:00 0 
7f17852bb000-7f17853bc000 rw-p 00000000 00:00 0 
7f17853bc000-7f17853bd000 ---p 00000000 00:00 0 
7f17853bd000-7f17854be000 rw-p 00000000 00:00 0 
7f17854be000-7f17854bf000 ---p 00000000 00:00 0 
7f17854bf000-7f17855c0000 rw-p 00000000 00:00 0 
7f17855c0000-7f17855c1000 ---p 00000000 00:00 0 
7f17855c1000-7f17856c2000 rw-p 00000000 00:00 0 
7f17856c2000-7f17856c3000 ---p 00000000 00:00 0 
7f17856c3000-7f17857c4000 rw-p 00000000 00:00 0 
7f17857c4000-7f17857c5000 ---p 00000000 00:00 0 
7f17857c5000-7f17858c6000 rw-p 00000000 00:00 0 
7f17858c6000-7f17858c7000 ---p 00000000 00:00 0 
7f17858c7000-7f17859f9000 rw-p 00000000 00:00 0 
7f17859f9000-7f17859fd000 ---p 00000000 00:00 0 
7f17859fd000-7f1785afa000 rw-p 00000000 00:00 0 
7f1785afa000-7f1785afb000 ---p 00000000 00:00 0 
7f1785afb000-7f1785bfc000 rw-p 00000000 00:00 0 
7f1785bfc000-7f1785c00000 ---p 00000000 00:00 0 
7f1785c00000-7f1785cfd000 rw-p 00000000 00:00 0 
7f1785cfd000-7f1785d01000 ---p 00000000 00:00 0 
7f1785d01000-7f1785dfe000 rw-p 00000000 00:00 0 
7f1785dfe000-7f1785e02000 ---p 00000000 00:00 0 
7f1785e02000-7f1785eff000 rw-p 00000000 00:00 0 
7f1785eff000-7f1785f03000 ---p 00000000 00:00 0 
7f1785f03000-7f1788000000 rw-p 00000000 00:00 0 
7f1788000000-7f17884ec000 rw-p 00000000 00:00 0 
7f17884ec000-7f178c000000 ---p 00000000 00:00 0 
7f178c00f000-7f178c011000 r--p 00000000 fd:02 419678931                  /usr/lib/x86_64-linux-gnu/libnss_dns-2.31.so
7f178c011000-7f178c015000 r-xp 00002000 fd:02 419678931                  /usr/lib/x86_64-linux-gnu/libnss_dns-2.31.so
7f178c015000-7f178c016000 r--p 00006000 fd:02 419678931                  /usr/lib/x86_64-linux-gnu/libnss_dns-2.31.so
7f178c016000-7f178c017000 r--p 00006000 fd:02 419678931                  /usr/lib/x86_64-linux-gnu/libnss_dns-2.31.so
7f178c017000-7f178c018000 rw-p 00007000 fd:02 419678931                  /usr/lib/x86_64-linux-gnu/libnss_dns-2.31.so
7f178c020000-7f178c024000 r--p 00000000 fd:02 420905053                  /usr/lib/jvm/java-11-openjdk-amd64/lib/libnet.so
7f178c024000-7f178c033000 r-xp 00004000 fd:02 420905053                  /usr/lib/jvm/java-11-openjdk-amd64/lib/libnet.so
7f178c033000-7f178c037000 r--p 00013000 fd:02 420905053                  /usr/lib/jvm/java-11-openjdk-amd64/lib/libnet.so
7f178c037000-7f178c038000 r--p 00016000 fd:02 420905053                  /usr/lib/jvm/java-11-openjdk-amd64/lib/libnet.so
7f178c038000-7f178c039000 rw-p 00017000 fd:02 420905053                  /usr/lib/jvm/java-11-openjdk-amd64/lib/libnet.so
7f178c039000-7f178c03d000 ---p 00000000 00:00 0 
7f178c03d000-7f178c13a000 rw-p 00000000 00:00 0 
7f178c13a000-7f178c420000 r--p 00000000 fd:02 279646915                  /usr/lib/locale/locale-archive
7f178c420000-7f178c424000 ---p 00000000 00:00 0 
7f178c424000-7f178c521000 rw-p 00000000 00:00 0 
7f178c521000-7f178c525000 ---p 00000000 00:00 0 
7f178c525000-7f178c622000 rw-p 00000000 00:00 0 
7f178c622000-7f178c623000 ---p 00000000 00:00 0 
7f178c623000-7f1792e78000 rw-p 00000000 00:00 0 
7f1792e78000-7f1794ff0000 ---p 00000000 00:00 0 
7f1794ff0000-7f179ae78000 rw-p 00000000 00:00 0 
7f179ae78000-7f179cff0000 ---p 00000000 00:00 0 
7f179cff0000-7f179dbcf000 rw-p 00000000 00:00 0 
7f179dbcf000-7f179dffe000 ---p 00000000 00:00 0 
7f179dffe000-7f179ebcf000 rw-p 00000000 00:00 0 
7f179ebcf000-7f179effe000 ---p 00000000 00:00 0 
7f179effe000-7f179fbcf000 rw-p 00000000 00:00 0 
7f179fbcf000-7f179fffe000 ---p 00000000 00:00 0 
7f179fffe000-7f17a0000000 rw-p 00000000 00:00 0 
7f17a0000000-7f17a2d21000 rw-p 00000000 00:00 0 
7f17a2d21000-7f17a4000000 ---p 00000000 00:00 0 
7f17a4004000-7f17a4006000 r--p 00000000 fd:02 420905051                  /usr/lib/jvm/java-11-openjdk-amd64/lib/libmanagement_ext.so
7f17a4006000-7f17a4009000 r-xp 00002000 fd:02 420905051                  /usr/lib/jvm/java-11-openjdk-amd64/lib/libmanagement_ext.so
7f17a4009000-7f17a400b000 r--p 00005000 fd:02 420905051                  /usr/lib/jvm/java-11-openjdk-amd64/lib/libmanagement_ext.so
7f17a400b000-7f17a400c000 r--p 00006000 fd:02 420905051                  /usr/lib/jvm/java-11-openjdk-amd64/lib/libmanagement_ext.so
7f17a400c000-7f17a400d000 rw-p 00007000 fd:02 420905051                  /usr/lib/jvm/java-11-openjdk-amd64/lib/libmanagement_ext.so
7f17a400d000-7f17a4014000 r--p 00000000 fd:02 420905054                  /usr/lib/jvm/java-11-openjdk-amd64/lib/libnio.so
7f17a4014000-7f17a401c000 r-xp 00007000 fd:02 420905054                  /usr/lib/jvm/java-11-openjdk-amd64/lib/libnio.so
7f17a401c000-7f17a401f000 r--p 0000f000 fd:02 420905054                  /usr/lib/jvm/java-11-openjdk-amd64/lib/libnio.so
7f17a401f000-7f17a4020000 r--p 00011000 fd:02 420905054                  /usr/lib/jvm/java-11-openjdk-amd64/lib/libnio.so
7f17a4020000-7f17a4021000 rw-p 00012000 fd:02 420905054                  /usr/lib/jvm/java-11-openjdk-amd64/lib/libnio.so
7f17a4021000-7f17a4049000 rw-p 00000000 00:00 0 
7f17a4049000-7f17a404a000 ---p 00000000 00:00 0 
7f17a404a000-7f17a414b000 rw-p 00000000 00:00 0 
7f17a414b000-7f17a414c000 ---p 00000000 00:00 0 
7f17a414c000-7f17a4853000 rw-p 00000000 00:00 0 
7f17a4853000-7f17a4ac3000 rwxp 00000000 00:00 0 
7f17a4ac3000-7f17a4de4000 ---p 00000000 00:00 0 
7f17a4de4000-7f17a7e44000 rwxp 00000000 00:00 0 
7f17a7e44000-7f17ac31b000 ---p 00000000 00:00 0 
7f17ac31b000-7f17ae41b000 rwxp 00000000 00:00 0 
7f17ae41b000-7f17b3853000 ---p 00000000 00:00 0 
7f17b3853000-7f17bc000000 r--s 00000000 fd:02 420905063                  /usr/lib/jvm/java-11-openjdk-amd64/lib/modules
7f17bc000000-7f17befa2000 rw-p 00000000 00:00 0 
7f17befa2000-7f17c0000000 ---p 00000000 00:00 0 
7f17c0000000-7f17c0001000 r--p 00000000 fd:02 420905041                  /usr/lib/jvm/java-11-openjdk-amd64/lib/libjaas.so
7f17c0001000-7f17c0002000 r-xp 00001000 fd:02 420905041                  /usr/lib/jvm/java-11-openjdk-amd64/lib/libjaas.so
7f17c0002000-7f17c0003000 r--p 00002000 fd:02 420905041                  /usr/lib/jvm/java-11-openjdk-amd64/lib/libjaas.so
7f17c0003000-7f17c0004000 r--p 00002000 fd:02 420905041                  /usr/lib/jvm/java-11-openjdk-amd64/lib/libjaas.so
7f17c0004000-7f17c0005000 rw-p 00003000 fd:02 420905041                  /usr/lib/jvm/java-11-openjdk-amd64/lib/libjaas.so
7f17c0005000-7f17c0008000 r--p 00000000 fd:02 420905049                  /usr/lib/jvm/java-11-openjdk-amd64/lib/libmanagement.so
7f17c0008000-7f17c0009000 r-xp 00003000 fd:02 420905049                  /usr/lib/jvm/java-11-openjdk-amd64/lib/libmanagement.so
7f17c0009000-7f17c000a000 r--p 00004000 fd:02 420905049                  /usr/lib/jvm/java-11-openjdk-amd64/lib/libmanagement.so
7f17c000a000-7f17c000b000 r--p 00004000 fd:02 420905049                  /usr/lib/jvm/java-11-openjdk-amd64/lib/libmanagement.so
7f17c000b000-7f17c000c000 rw-p 00005000 fd:02 420905049                  /usr/lib/jvm/java-11-openjdk-amd64/lib/libmanagement.so
7f17c000c000-7f17c0250000 rw-p 00000000 00:00 0 
7f17c0250000-7f17c0251000 ---p 00000000 00:00 0 
7f17c0251000-7f17c0352000 rw-p 00000000 00:00 0 
7f17c0352000-7f17c0353000 ---p 00000000 00:00 0 
7f17c0353000-7f17c0da6000 rw-p 00000000 00:00 0 
7f17c0da6000-7f17c0da7000 ---p 00000000 00:00 0 
7f17c0da7000-7f17c0eea000 rw-p 00000000 00:00 0 
7f17c0eea000-7f17c0f93000 ---p 00000000 00:00 0 
7f17c0f93000-7f17c0ff4000 rw-p 00000000 00:00 0 
7f17c0ff4000-7f17c107e000 ---p 00000000 00:00 0 
7f17c107e000-7f17c1083000 rw-p 00000000 00:00 0 
7f17c1083000-7f17c108a000 ---p 00000000 00:00 0 
7f17c108a000-7f17c108c000 r--p 00000000 fd:02 420905062                  /usr/lib/jvm/java-11-openjdk-amd64/lib/libzip.so
7f17c108c000-7f17c1090000 r-xp 00002000 fd:02 420905062                  /usr/lib/jvm/java-11-openjdk-amd64/lib/libzip.so
7f17c1090000-7f17c1092000 r--p 00006000 fd:02 420905062                  /usr/lib/jvm/java-11-openjdk-amd64/lib/libzip.so
7f17c1092000-7f17c1093000 r--p 00007000 fd:02 420905062                  /usr/lib/jvm/java-11-openjdk-amd64/lib/libzip.so
7f17c1093000-7f17c1094000 rw-p 00008000 fd:02 420905062                  /usr/lib/jvm/java-11-openjdk-amd64/lib/libzip.so
7f17c1094000-7f17c1097000 r--p 00000000 fd:02 419678933                  /usr/lib/x86_64-linux-gnu/libnss_files-2.31.so
7f17c1097000-7f17c109e000 r-xp 00003000 fd:02 419678933                  /usr/lib/x86_64-linux-gnu/libnss_files-2.31.so
7f17c109e000-7f17c10a0000 r--p 0000a000 fd:02 419678933                  /usr/lib/x86_64-linux-gnu/libnss_files-2.31.so
7f17c10a0000-7f17c10a1000 r--p 0000b000 fd:02 419678933                  /usr/lib/x86_64-linux-gnu/libnss_files-2.31.so
7f17c10a1000-7f17c10a2000 rw-p 0000c000 fd:02 419678933                  /usr/lib/x86_64-linux-gnu/libnss_files-2.31.so
7f17c10a2000-7f17c10a8000 rw-p 00000000 00:00 0 
7f17c10a8000-7f17c10b0000 rw-s 00000000 fd:02 433840824                  /tmp/hsperfdata_jovyan/56744
7f17c10b0000-7f17c10b2000 r--p 00000000 fd:02 420905045                  /usr/lib/jvm/java-11-openjdk-amd64/lib/libjimage.so
7f17c10b2000-7f17c10b5000 r-xp 00002000 fd:02 420905045                  /usr/lib/jvm/java-11-openjdk-amd64/lib/libjimage.so
7f17c10b5000-7f17c10b6000 r--p 00005000 fd:02 420905045                  /usr/lib/jvm/java-11-openjdk-amd64/lib/libjimage.so
7f17c10b6000-7f17c10b7000 ---p 00006000 fd:02 420905045                  /usr/lib/jvm/java-11-openjdk-amd64/lib/libjimage.so
7f17c10b7000-7f17c10b8000 r--p 00006000 fd:02 420905045                  /usr/lib/jvm/java-11-openjdk-amd64/lib/libjimage.so
7f17c10b8000-7f17c10b9000 rw-p 00007000 fd:02 420905045                  /usr/lib/jvm/java-11-openjdk-amd64/lib/libjimage.so
7f17c10b9000-7f17c10c7000 r--p 00000000 fd:02 420905042                  /usr/lib/jvm/java-11-openjdk-amd64/lib/libjava.so
7f17c10c7000-7f17c10dd000 r-xp 0000e000 fd:02 420905042                  /usr/lib/jvm/java-11-openjdk-amd64/lib/libjava.so
7f17c10dd000-7f17c10e4000 r--p 00024000 fd:02 420905042                  /usr/lib/jvm/java-11-openjdk-amd64/lib/libjava.so
7f17c10e4000-7f17c10e5000 r--p 0002a000 fd:02 420905042                  /usr/lib/jvm/java-11-openjdk-amd64/lib/libjava.so
7f17c10e5000-7f17c10e6000 rw-p 0002b000 fd:02 420905042                  /usr/lib/jvm/java-11-openjdk-amd64/lib/libjava.so
7f17c10e6000-7f17c10e7000 rw-p 00000000 00:00 0 
7f17c10e7000-7f17c10ec000 r--p 00000000 fd:02 420905061                  /usr/lib/jvm/java-11-openjdk-amd64/lib/libverify.so
7f17c10ec000-7f17c10f3000 r-xp 00005000 fd:02 420905061                  /usr/lib/jvm/java-11-openjdk-amd64/lib/libverify.so
7f17c10f3000-7f17c10f5000 r--p 0000c000 fd:02 420905061                  /usr/lib/jvm/java-11-openjdk-amd64/lib/libverify.so
7f17c10f5000-7f17c10f6000 ---p 0000e000 fd:02 420905061                  /usr/lib/jvm/java-11-openjdk-amd64/lib/libverify.so
7f17c10f6000-7f17c10f8000 r--p 0000e000 fd:02 420905061                  /usr/lib/jvm/java-11-openjdk-amd64/lib/libverify.so
7f17c10f8000-7f17c10f9000 rw-p 00010000 fd:02 420905061                  /usr/lib/jvm/java-11-openjdk-amd64/lib/libverify.so
7f17c10f9000-7f17c10fc000 r--p 00000000 fd:02 419678966                  /usr/lib/x86_64-linux-gnu/librt-2.31.so
7f17c10fc000-7f17c1100000 r-xp 00003000 fd:02 419678966                  /usr/lib/x86_64-linux-gnu/librt-2.31.so
7f17c1100000-7f17c1101000 r--p 00007000 fd:02 419678966                  /usr/lib/x86_64-linux-gnu/librt-2.31.so
7f17c1101000-7f17c1102000 ---p 00008000 fd:02 419678966                  /usr/lib/x86_64-linux-gnu/librt-2.31.so
7f17c1102000-7f17c1103000 r--p 00008000 fd:02 419678966                  /usr/lib/x86_64-linux-gnu/librt-2.31.so
7f17c1103000-7f17c1104000 rw-p 00009000 fd:02 419678966                  /usr/lib/x86_64-linux-gnu/librt-2.31.so
7f17c1104000-7f17c1108000 ---p 00000000 00:00 0 
7f17c1108000-7f17c1205000 rw-p 00000000 00:00 0 
7f17c1205000-7f17c1208000 r--p 00000000 fd:02 419678893                  /usr/lib/x86_64-linux-gnu/libgcc_s.so.1
7f17c1208000-7f17c121a000 r-xp 00003000 fd:02 419678893                  /usr/lib/x86_64-linux-gnu/libgcc_s.so.1
7f17c121a000-7f17c121e000 r--p 00015000 fd:02 419678893                  /usr/lib/x86_64-linux-gnu/libgcc_s.so.1
7f17c121e000-7f17c121f000 r--p 00018000 fd:02 419678893                  /usr/lib/x86_64-linux-gnu/libgcc_s.so.1
7f17c121f000-7f17c1220000 rw-p 00019000 fd:02 419678893                  /usr/lib/x86_64-linux-gnu/libgcc_s.so.1
7f17c1220000-7f17c122f000 r--p 00000000 fd:02 419678910                  /usr/lib/x86_64-linux-gnu/libm-2.31.so
7f17c122f000-7f17c12d6000 r-xp 0000f000 fd:02 419678910                  /usr/lib/x86_64-linux-gnu/libm-2.31.so
7f17c12d6000-7f17c136d000 r--p 000b6000 fd:02 419678910                  /usr/lib/x86_64-linux-gnu/libm-2.31.so
7f17c136d000-7f17c136e000 r--p 0014c000 fd:02 419678910                  /usr/lib/x86_64-linux-gnu/libm-2.31.so
7f17c136e000-7f17c136f000 rw-p 0014d000 fd:02 419678910                  /usr/lib/x86_64-linux-gnu/libm-2.31.so
7f17c136f000-7f17c1405000 r--p 00000000 fd:02 419678978                  /usr/lib/x86_64-linux-gnu/libstdc++.so.6.0.28
7f17c1405000-7f17c14f6000 r-xp 00096000 fd:02 419678978                  /usr/lib/x86_64-linux-gnu/libstdc++.so.6.0.28
7f17c14f6000-7f17c153f000 r--p 00187000 fd:02 419678978                  /usr/lib/x86_64-linux-gnu/libstdc++.so.6.0.28
7f17c153f000-7f17c1540000 ---p 001d0000 fd:02 419678978                  /usr/lib/x86_64-linux-gnu/libstdc++.so.6.0.28
7f17c1540000-7f17c154b000 r--p 001d0000 fd:02 419678978                  /usr/lib/x86_64-linux-gnu/libstdc++.so.6.0.28
7f17c154b000-7f17c154e000 rw-p 001db000 fd:02 419678978                  /usr/lib/x86_64-linux-gnu/libstdc++.so.6.0.28
7f17c154e000-7f17c1551000 rw-p 00000000 00:00 0 
7f17c1551000-7f17c17d2000 r--p 00000000 fd:02 420905070                  /usr/lib/jvm/java-11-openjdk-amd64/lib/server/libjvm.so
7f17c17d2000-7f17c2452000 r-xp 00281000 fd:02 420905070                  /usr/lib/jvm/java-11-openjdk-amd64/lib/server/libjvm.so
7f17c2452000-7f17c26ad000 r--p 00f01000 fd:02 420905070                  /usr/lib/jvm/java-11-openjdk-amd64/lib/server/libjvm.so
7f17c26ad000-7f17c2771000 r--p 0115b000 fd:02 420905070                  /usr/lib/jvm/java-11-openjdk-amd64/lib/server/libjvm.so
7f17c2771000-7f17c27ac000 rw-p 0121f000 fd:02 420905070                  /usr/lib/jvm/java-11-openjdk-amd64/lib/server/libjvm.so
7f17c27ac000-7f17c2805000 rw-p 00000000 00:00 0 
7f17c2805000-7f17c280c000 r--p 00000000 fd:02 419678962                  /usr/lib/x86_64-linux-gnu/libpthread-2.31.so
7f17c280c000-7f17c281d000 r-xp 00007000 fd:02 419678962                  /usr/lib/x86_64-linux-gnu/libpthread-2.31.so
7f17c281d000-7f17c2822000 r--p 00018000 fd:02 419678962                  /usr/lib/x86_64-linux-gnu/libpthread-2.31.so
7f17c2822000-7f17c2823000 r--p 0001c000 fd:02 419678962                  /usr/lib/x86_64-linux-gnu/libpthread-2.31.so
7f17c2823000-7f17c2824000 rw-p 0001d000 fd:02 419678962                  /usr/lib/x86_64-linux-gnu/libpthread-2.31.so
7f17c2824000-7f17c2828000 rw-p 00000000 00:00 0 
7f17c2828000-7f17c2829000 r--p 00000000 fd:02 419678879                  /usr/lib/x86_64-linux-gnu/libdl-2.31.so
7f17c2829000-7f17c282b000 r-xp 00001000 fd:02 419678879                  /usr/lib/x86_64-linux-gnu/libdl-2.31.so
7f17c282b000-7f17c282c000 r--p 00003000 fd:02 419678879                  /usr/lib/x86_64-linux-gnu/libdl-2.31.so
7f17c282c000-7f17c282d000 r--p 00003000 fd:02 419678879                  /usr/lib/x86_64-linux-gnu/libdl-2.31.so
7f17c282d000-7f17c282e000 rw-p 00004000 fd:02 419678879                  /usr/lib/x86_64-linux-gnu/libdl-2.31.so
7f17c282e000-7f17c2830000 r--p 00000000 fd:02 419678998                  /usr/lib/x86_64-linux-gnu/libz.so.1.2.11
7f17c2830000-7f17c2841000 r-xp 00002000 fd:02 419678998                  /usr/lib/x86_64-linux-gnu/libz.so.1.2.11
7f17c2841000-7f17c2847000 r--p 00013000 fd:02 419678998                  /usr/lib/x86_64-linux-gnu/libz.so.1.2.11
7f17c2847000-7f17c2848000 ---p 00019000 fd:02 419678998                  /usr/lib/x86_64-linux-gnu/libz.so.1.2.11
7f17c2848000-7f17c2849000 r--p 00019000 fd:02 419678998                  /usr/lib/x86_64-linux-gnu/libz.so.1.2.11
7f17c2849000-7f17c284a000 rw-p 0001a000 fd:02 419678998                  /usr/lib/x86_64-linux-gnu/libz.so.1.2.11
7f17c284a000-7f17c286f000 r--p 00000000 fd:02 419678868                  /usr/lib/x86_64-linux-gnu/libc-2.31.so
7f17c286f000-7f17c29e7000 r-xp 00025000 fd:02 419678868                  /usr/lib/x86_64-linux-gnu/libc-2.31.so
7f17c29e7000-7f17c2a31000 r--p 0019d000 fd:02 419678868                  /usr/lib/x86_64-linux-gnu/libc-2.31.so
7f17c2a31000-7f17c2a32000 ---p 001e7000 fd:02 419678868                  /usr/lib/x86_64-linux-gnu/libc-2.31.so
7f17c2a32000-7f17c2a35000 r--p 001e7000 fd:02 419678868                  /usr/lib/x86_64-linux-gnu/libc-2.31.so
7f17c2a35000-7f17c2a38000 rw-p 001ea000 fd:02 419678868                  /usr/lib/x86_64-linux-gnu/libc-2.31.so
7f17c2a38000-7f17c2a3c000 rw-p 00000000 00:00 0 
7f17c2a3d000-7f17c2a3e000 r--p 00000000 fd:02 420905035                  /usr/lib/jvm/java-11-openjdk-amd64/lib/libextnet.so
7f17c2a3e000-7f17c2a3f000 r-xp 00001000 fd:02 420905035                  /usr/lib/jvm/java-11-openjdk-amd64/lib/libextnet.so
7f17c2a3f000-7f17c2a40000 r--p 00002000 fd:02 420905035                  /usr/lib/jvm/java-11-openjdk-amd64/lib/libextnet.so
7f17c2a40000-7f17c2a41000 r--p 00002000 fd:02 420905035                  /usr/lib/jvm/java-11-openjdk-amd64/lib/libextnet.so
7f17c2a41000-7f17c2a42000 rw-p 00003000 fd:02 420905035                  /usr/lib/jvm/java-11-openjdk-amd64/lib/libextnet.so
7f17c2a42000-7f17c2a43000 ---p 00000000 00:00 0 
7f17c2a43000-7f17c2a44000 r--p 00000000 00:00 0 
7f17c2a44000-7f17c2a47000 r--p 00000000 fd:02 147821074                  /usr/lib/jvm/java-11-openjdk-amd64/lib/jli/libjli.so
7f17c2a47000-7f17c2a51000 r-xp 00003000 fd:02 147821074                  /usr/lib/jvm/java-11-openjdk-amd64/lib/jli/libjli.so
7f17c2a51000-7f17c2a54000 r--p 0000d000 fd:02 147821074                  /usr/lib/jvm/java-11-openjdk-amd64/lib/jli/libjli.so
7f17c2a54000-7f17c2a55000 ---p 00010000 fd:02 147821074                  /usr/lib/jvm/java-11-openjdk-amd64/lib/jli/libjli.so
7f17c2a55000-7f17c2a56000 r--p 00010000 fd:02 147821074                  /usr/lib/jvm/java-11-openjdk-amd64/lib/jli/libjli.so
7f17c2a56000-7f17c2a57000 rw-p 00011000 fd:02 147821074                  /usr/lib/jvm/java-11-openjdk-amd64/lib/jli/libjli.so
7f17c2a57000-7f17c2a59000 rw-p 00000000 00:00 0 
7f17c2a59000-7f17c2a5a000 r--p 00000000 fd:02 419678846                  /usr/lib/x86_64-linux-gnu/ld-2.31.so
7f17c2a5a000-7f17c2a7d000 r-xp 00001000 fd:02 419678846                  /usr/lib/x86_64-linux-gnu/ld-2.31.so
7f17c2a7d000-7f17c2a85000 r--p 00024000 fd:02 419678846                  /usr/lib/x86_64-linux-gnu/ld-2.31.so
7f17c2a85000-7f17c2a86000 r--p 00000000 00:00 0 
7f17c2a86000-7f17c2a87000 r--p 0002c000 fd:02 419678846                  /usr/lib/x86_64-linux-gnu/ld-2.31.so
7f17c2a87000-7f17c2a88000 rw-p 0002d000 fd:02 419678846                  /usr/lib/x86_64-linux-gnu/ld-2.31.so
7f17c2a88000-7f17c2a89000 rw-p 00000000 00:00 0 
7ffdc59e4000-7ffdc5a07000 rw-p 00000000 00:00 0                          [stack]
7ffdc5b4b000-7ffdc5b4d000 r-xp 00000000 00:00 0                          [vdso]
ffffffffff600000-ffffffffff601000 r-xp 00000000 00:00 0                  [vsyscall]


VM Arguments:
jvm_args: -Xmx8g -Dio.netty.tryReflectionSetAccessible=true 
java_command: org.apache.spark.deploy.SparkSubmit --conf spark.executor.memory=8g --conf spark.driver.memory=8g --conf spark.local.dir=/tmp --conf spark.driver.maxResultSize=0 --conf spark.app.name=jupyter --conf spark.shuffle.registration.maxAttempts=1 --conf spark.task.maxFailures=1 pyspark-shell
java_class_path (initial): /usr/local/spark/conf/:/usr/local/spark/jars/HikariCP-2.5.1.jar:/usr/local/spark/jars/JLargeArrays-1.5.jar:/usr/local/spark/jars/JTransforms-3.1.jar:/usr/local/spark/jars/RoaringBitmap-0.9.0.jar:/usr/local/spark/jars/ST4-4.0.4.jar:/usr/local/spark/jars/activation-1.1.1.jar:/usr/local/spark/jars/aircompressor-0.21.jar:/usr/local/spark/jars/algebra_2.12-2.0.1.jar:/usr/local/spark/jars/annotations-17.0.0.jar:/usr/local/spark/jars/antlr-runtime-3.5.2.jar:/usr/local/spark/jars/antlr4-runtime-4.8.jar:/usr/local/spark/jars/aopalliance-repackaged-2.6.1.jar:/usr/local/spark/jars/arpack-2.2.1.jar:/usr/local/spark/jars/arpack_combined_all-0.1.jar:/usr/local/spark/jars/arrow-format-2.0.0.jar:/usr/local/spark/jars/arrow-memory-core-2.0.0.jar:/usr/local/spark/jars/arrow-memory-netty-2.0.0.jar:/usr/local/spark/jars/arrow-vector-2.0.0.jar:/usr/local/spark/jars/audience-annotations-0.5.0.jar:/usr/local/spark/jars/automaton-1.11-8.jar:/usr/local/spark/jars/avro-1.10.2.jar:/usr/local/spark/jars/avro-ipc-1.10.2.jar:/usr/local/spark/jars/avro-mapred-1.10.2.jar:/usr/local/spark/jars/blas-2.2.1.jar:/usr/local/spark/jars/bonecp-0.8.0.RELEASE.jar:/usr/local/spark/jars/breeze-macros_2.12-1.2.jar:/usr/local/spark/jars/breeze_2.12-1.2.jar:/usr/local/spark/jars/cats-kernel_2.12-2.1.1.jar:/usr/local/spark/jars/chill-java-0.10.0.jar:/usr/local/spark/jars/chill_2.12-0.10.0.jar:/usr/local/spark/jars/commons-cli-1.2.jar:/usr/local/spark/jars/commons-codec-1.15.jar:/usr/local/spark/jars/commons-collections-3.2.2.jar:/usr/local/spark/jars/commons-compiler-3.0.16.jar:/usr/local/spark/jars/commons-compress-1.21.jar:/usr/local/spark/jars/commons-crypto-1.1.0.jar:/usr/local/spark/jars/commons-dbcp-1.4.jar:/usr/local/spark/jars/commons-io-2.8.0.jar:/usr/local/spark/jars/commons-lang-2.6.jar:/usr/local/spark/jars/commons-lang3-3.12.0.jar:/usr/local/spark/jars/commons-logging-1.1.3.jar:/usr/local/spark/jars/commons-math3-3.4.1.jar:/usr/local/spark/jars/commons-net-3.1.jar:/usr/lo
Launcher Type: SUN_STANDARD

[Global flags]
     intx CICompilerCount                          = 4                                         {product} {ergonomic}
     uint ConcGCThreads                            = 2                                         {product} {ergonomic}
     uint G1ConcRefinementThreads                  = 8                                         {product} {ergonomic}
   size_t G1HeapRegionSize                         = 2097152                                   {product} {ergonomic}
    uintx GCDrainStackTargetSize                   = 64                                        {product} {ergonomic}
   size_t InitialHeapSize                          = 524288000                                 {product} {ergonomic}
   size_t MarkStackSize                            = 4194304                                   {product} {ergonomic}
   size_t MaxHeapSize                              = 8589934592                                {product} {command line}
   size_t MaxNewSize                               = 5152702464                                {product} {ergonomic}
   size_t MinHeapDeltaBytes                        = 2097152                                   {product} {ergonomic}
    uintx NonNMethodCodeHeapSize                   = 5836300                                {pd product} {ergonomic}
    uintx NonProfiledCodeHeapSize                  = 122910970                              {pd product} {ergonomic}
    uintx ProfiledCodeHeapSize                     = 122910970                              {pd product} {ergonomic}
    uintx ReservedCodeCacheSize                    = 251658240                              {pd product} {ergonomic}
     bool SegmentedCodeCache                       = true                                      {product} {ergonomic}
     bool UseCompressedClassPointers               = true                                 {lp64_product} {ergonomic}
     bool UseCompressedOops                        = true                                 {lp64_product} {ergonomic}
     bool UseG1GC                                  = true                                      {product} {ergonomic}

Logging:
Log output configuration:
 #0: stdout all=warning uptime,level,tags
 #1: stderr all=off uptime,level,tags

Environment Variables:
PATH=/opt/conda/bin:/opt/conda/condabin:/opt/conda/bin:/usr/local/sbin:/usr/local/bin:/usr/sbin:/usr/bin:/sbin:/bin:/usr/local/spark/bin
SHELL=/bin/bash
LANG=en_US.UTF-8
LC_ALL=en_US.UTF-8

Signal Handlers:
SIGSEGV: [libjvm.so+0xe8e8d0], sa_mask[0]=11111111011111111101111111111110, sa_flags=SA_RESTART|SA_SIGINFO
SIGBUS: [libjvm.so+0xe8e8d0], sa_mask[0]=11111111011111111101111111111110, sa_flags=SA_RESTART|SA_SIGINFO
SIGFPE: [libjvm.so+0xe8e8d0], sa_mask[0]=11111111011111111101111111111110, sa_flags=SA_RESTART|SA_SIGINFO
SIGPIPE: [libjvm.so+0xbd6910], sa_mask[0]=11111111011111111101111111111110, sa_flags=SA_RESTART|SA_SIGINFO
SIGXFSZ: [libjvm.so+0xbd6910], sa_mask[0]=11111111011111111101111111111110, sa_flags=SA_RESTART|SA_SIGINFO
SIGILL: [libjvm.so+0xe8e8d0], sa_mask[0]=11111111011111111101111111111110, sa_flags=SA_RESTART|SA_SIGINFO
SIGUSR2: [libjvm.so+0xbd67b0], sa_mask[0]=00000000000000000000000000000000, sa_flags=SA_RESTART|SA_SIGINFO
SIGHUP: SIG_IGN, sa_mask[0]=00000000000000000000000000000000, sa_flags=none
SIGINT: SIG_IGN, sa_mask[0]=00000000000000000000000000000000, sa_flags=none
SIGTERM: [libjvm.so+0xbd6c50], sa_mask[0]=11111111011111111101111111111110, sa_flags=SA_RESTART|SA_SIGINFO
SIGQUIT: [libjvm.so+0xbd6c50], sa_mask[0]=11111111011111111101111111111110, sa_flags=SA_RESTART|SA_SIGINFO


---------------  S Y S T E M  ---------------

OS:DISTRIB_ID=Ubuntu
DISTRIB_RELEASE=20.04
DISTRIB_CODENAME=focal
DISTRIB_DESCRIPTION="Ubuntu 20.04.3 LTS"
uname:Linux 3.10.0-1160.125.1.el7.x86_64 #1 SMP Thu Sep 12 06:45:52 EDT 2024 x86_64
OS uptime: 42 days 23:08 hours
libc:glibc 2.31 NPTL 2.31 
rlimit (soft/hard): STACK 8192k/infinity , CORE infinity/infinity , NPROC infinity/infinity , NOFILE 1048576/1048576 , AS infinity/infinity , CPU infinity/infinity , DATA infinity/infinity , FSIZE infinity/infinity , MEMLOCK 64k/64k
load average:16.34 14.27 11.53

/proc/meminfo:
MemTotal:       32761424 kB
MemFree:          237564 kB
MemAvailable:     124764 kB
Buffers:               0 kB
Cached:          1872092 kB
SwapCached:            0 kB
Active:         30926444 kB
Inactive:         821620 kB
Active(anon):   30860452 kB
Inactive(anon):   740648 kB
Active(file):      65992 kB
Inactive(file):    80972 kB
Unevictable:           0 kB
Mlocked:               0 kB
SwapTotal:             0 kB
SwapFree:              0 kB
Dirty:               492 kB
Writeback:             0 kB
AnonPages:      29876732 kB
Mapped:           119264 kB
Shmem:           1724084 kB
Slab:             231420 kB
SReclaimable:      95036 kB
SUnreclaim:       136384 kB
KernelStack:       16928 kB
PageTables:        81488 kB
NFS_Unstable:          0 kB
Bounce:                0 kB
WritebackTmp:          0 kB
CommitLimit:    16380712 kB
Committed_AS:   67010088 kB
VmallocTotal:   34359738367 kB
VmallocUsed:      236464 kB
VmallocChunk:   34359310332 kB
Percpu:            29696 kB
HardwareCorrupted:     0 kB
AnonHugePages:     30720 kB
CmaTotal:              0 kB
CmaFree:               0 kB
HugePages_Total:       0
HugePages_Free:        0
HugePages_Rsvd:        0
HugePages_Surp:        0
Hugepagesize:       2048 kB
DirectMap4k:      149312 kB
DirectMap2M:     4044800 kB
DirectMap1G:    31457280 kB

/sys/kernel/mm/transparent_hugepage/enabled:
[always] madvise never
/sys/kernel/mm/transparent_hugepage/defrag (defrag/compaction efforts parameter):
[always] madvise never

Process Memory:
Virtual Size: 14224264K (peak: 20065276K)
Resident Set Size: 7406084K (peak: 9928856K) (anon: 7398696K, file: 7388K, shmem: 0K)
Swapped out: 0K
C-Heap outstanding allocations: 159040K (may have wrapped)

/proc/sys/kernel/threads-max (system-wide limit on the number of threads):
255762
/proc/sys/vm/max_map_count (maximum number of memory map areas a process may have):
65530
/proc/sys/kernel/pid_max (system-wide limit on number of process identifiers):
131072

container (cgroup) information:
container_type: cgroupv1
cpu_cpuset_cpus: 0-7
cpu_memory_nodes: 0
active_processor_count: 8
cpu_quota: -1
cpu_period: 100000
cpu_shares: -1
memory_limit_in_bytes: -1
memory_and_swap_limit_in_bytes: -1
memory_soft_limit_in_bytes: -1
memory_usage_in_bytes: 30387236864
memory_max_usage_in_bytes: 31584997376

VMWare virtualization detected
Steal ticks since vm start: 0
Steal ticks percentage since vm start:  0.000

CPU:total 8 (initial active 8) (1 cores per cpu, 1 threads per core) family 23 model 1 stepping 2 microcode 0x800126e, cmov, cx8, fxsr, mmx, sse, sse2, sse3, ssse3, sse4.1, sse4.2, popcnt, avx, avx2, aes, clmul, mmxext, 3dnowpref, lzcnt, sse4a, tsc, tscinvbit, tscinv, bmi1, bmi2, adx, fma
CPU Model and flags from /proc/cpuinfo:
model name	: AMD EPYC 7551 32-Core Processor
flags		: fpu vme de pse tsc msr pae mce cx8 apic sep mtrr pge mca cmov pat pse36 clflush mmx fxsr sse sse2 syscall nx mmxext fxsr_opt pdpe1gb rdtscp lm constant_tsc art rep_good nopl tsc_reliable nonstop_tsc extd_apicid eagerfpu pni pclmulqdq ssse3 fma cx16 sse4_1 sse4_2 x2apic movbe popcnt aes xsave avx f16c rdrand hypervisor lahf_lm extapic cr8_legacy abm sse4a misalignsse 3dnowprefetch osvw ssbd rsb_ctxsw ibpb vmmcall fsgsbase bmi1 avx2 smep bmi2 rdseed adx smap clflushopt xsaveopt xsavec arat overflow_recov succor
Online cpus:
0-7
Offline cpus:
8-127
BIOS frequency limitation:
<Not Available>
Frequency switch latency (ns):
<Not Available>
Available cpu frequencies:
<Not Available>
Current governor:
<Not Available>
Core performance/turbo boost:
<Not Available>

Memory: 4k page, physical 32761424k(237340k free), swap 0k(0k free)

vm_info: OpenJDK 64-Bit Server VM (11.0.13+8-Ubuntu-0ubuntu1.20.04) for linux-amd64 JRE (11.0.13+8-Ubuntu-0ubuntu1.20.04), built on Oct 29 2021 09:11:30 by "unknown" with gcc 9.3.0

END.
