#
# There is insufficient memory for the Java Runtime Environment to continue.
# Native memory allocation (mmap) failed to map 1285554176 bytes for committing reserved memory.
# Possible reasons:
#   The system is out of physical RAM or swap space
#   The process is running with CompressedOops enabled, and the Java Heap may be blocking the growth of the native heap
# Possible solutions:
#   Reduce memory load on the system
#   Increase physical memory or swap space
#   Check if swap backing store is full
#   Decrease Java heap size (-Xmx/-Xms)
#   Decrease number of Java threads
#   Decrease Java thread stack sizes (-Xss)
#   Set larger code cache with -XX:ReservedCodeCacheSize=
#   JVM is running with Zero Based Compressed Oops mode in which the Java heap is
#     placed in the first 32GB address space. The Java Heap base address is the
#     maximum limit for the native heap growth. Please use -XX:HeapBaseMinAddress
#     to set the Java Heap base and to place the Java Heap above 32GB virtual address.
# This output file may be truncated or incomplete.
#
#  Out of Memory Error (os_linux.cpp:3003), pid=44462, tid=44495
#
# JRE version: OpenJDK Runtime Environment (11.0.13+8) (build 11.0.13+8-Ubuntu-0ubuntu1.20.04)
# Java VM: OpenJDK 64-Bit Server VM (11.0.13+8-Ubuntu-0ubuntu1.20.04, mixed mode, sharing, tiered, compressed oops, g1 gc, linux-amd64)
# Core dump will be written. Default location: Core dumps may be processed with "/usr/libexec/abrt-hook-ccpp %s %c %p %u %g %t e %P %I %h" (or dumping to /home/jovyan/work/scray/scray-examples/python/core.44462)
#

---------------  S U M M A R Y ------------

Command Line: -Xmx8g -Dio.netty.tryReflectionSetAccessible=true org.apache.spark.deploy.SparkSubmit --conf spark.executor.memory=8g --conf spark.driver.memory=8g --conf spark.local.dir=/tmp --conf spark.driver.maxResultSize=0 --conf spark.app.name=jupyter --conf spark.shuffle.registration.maxAttempts=1 --conf spark.task.maxFailures=1 pyspark-shell

Host: AMD EPYC 7551 32-Core Processor, 8 cores, 31G, Ubuntu 20.04.3 LTS
Time: Mon Dec  9 10:34:11 2024 UTC elapsed time: 822.837970 seconds (0d 0h 13m 42s)

---------------  T H R E A D  ---------------

Current thread (0x00007f40c8231000):  VMThread "VM Thread" [stack: 0x00007f409337a000,0x00007f409347a000] [id=44495]

Stack: [0x00007f409337a000,0x00007f409347a000],  sp=0x00007f4093477e00,  free space=1015k
Native frames: (J=compiled Java code, A=aot compiled Java code, j=interpreted, Vv=VM code, C=native code)
V  [libjvm.so+0xe8db7a]
V  [libjvm.so+0xe8e871]
V  [libjvm.so+0x674cfa]
V  [libjvm.so+0xbdba90]
V  [libjvm.so+0xbd1fd1]
V  [libjvm.so+0x78d1d2]
V  [libjvm.so+0x78d5c0]
V  [libjvm.so+0x7987f7]
V  [libjvm.so+0x817bd8]
V  [libjvm.so+0x8187f8]
V  [libjvm.so+0x818e2e]
V  [libjvm.so+0x7465d6]
V  [libjvm.so+0x74adbe]
V  [libjvm.so+0xe98ca6]
V  [libjvm.so+0xe90330]
V  [libjvm.so+0xe96427]
V  [libjvm.so+0xe96a60]
V  [libjvm.so+0xe96dc6]
V  [libjvm.so+0xe21850]
V  [libjvm.so+0xbe0406]

VM_Operation (0x00007f3f9a8ba7e0): G1CollectForAllocation, mode: safepoint, requested by thread 0x00007f40000fa800


---------------  P R O C E S S  ---------------

Threads class SMR info:
_java_thread_list=0x000055ed8ba86270, length=89, elements={
0x00007f40c8019000, 0x00007f40c8234000, 0x00007f40c8236000, 0x00007f40c823b800,
0x00007f40c823d800, 0x00007f40c823f800, 0x00007f40c8241800, 0x00007f40c8243800,
0x00007f40c829a800, 0x00007f40ca5c0800, 0x00007f4030006800, 0x00007f403000c000,
0x00007f4034375000, 0x00007f4034379000, 0x00007f403437b000, 0x00007f403437c800,
0x00007f403437e000, 0x00007f4034380000, 0x00007f4034381800, 0x00007f4034383800,
0x00007f4034386000, 0x00007f40343b9000, 0x00007f40343c9800, 0x00007f40343cd000,
0x00007f40343ce000, 0x00007f40343d0000, 0x00007f40343d1800, 0x00007f40343d3800,
0x00007f40343d5800, 0x00007f403443a000, 0x00007f40344a1800, 0x00007f40344a9000,
0x00007f40344c9800, 0x00007f40345c3800, 0x00007f40345c5000, 0x00007f40345c7000,
0x00007f40345c8800, 0x00007f40345ca800, 0x00007f40345cc000, 0x00007f40345ce000,
0x00007f40345cf800, 0x00007f4008005800, 0x00007f4034635000, 0x00007f4034637800,
0x00007f3fa4011800, 0x00007f4034668800, 0x00007f40346bb000, 0x00007f40346d8800,
0x00007f4034718000, 0x00007f4034849800, 0x00007f403484b000, 0x00007f4034852800,
0x00007f4034854800, 0x00007f3fb002f800, 0x00007f4034a83000, 0x00007f4034d89800,
0x00007f40352c0000, 0x00007f4000008000, 0x00007f400016b800, 0x00007f4000005800,
0x00007f40000a7800, 0x00007f40000a3000, 0x00007f40000fa800, 0x00007f40000fe000,
0x00007f4004081800, 0x00007f4004001000, 0x00007f4004080000, 0x00007f400400c000,
0x00007f4014032000, 0x00007f400803a800, 0x00007f3fd8007800, 0x00007f406821a800,
0x00007f406821c000, 0x00007f4070002000, 0x00007f407c004000, 0x00007f40940d4000,
0x00007f3fd800a800, 0x00007f3fb0094000, 0x00007f3fb009a800, 0x00007f3fb8005000,
0x00007f3fb4001800, 0x00007f4035d44800, 0x00007f400c0b7000, 0x00007f406c010000,
0x00007f4018091800, 0x00007f401808b800, 0x00007f4018099000, 0x00007f40400c3800,
0x00007f406cc61000
}

Java Threads: ( => current thread )
  0x00007f40c8019000 JavaThread "main" [_thread_in_native, id=44489, stack(0x00007f40cde84000,0x00007f40cdf85000)]
  0x00007f40c8234000 JavaThread "Reference Handler" daemon [_thread_blocked, id=44496, stack(0x00007f4093277000,0x00007f4093378000)]
  0x00007f40c8236000 JavaThread "Finalizer" daemon [_thread_blocked, id=44497, stack(0x00007f4093176000,0x00007f4093277000)]
  0x00007f40c823b800 JavaThread "Signal Dispatcher" daemon [_thread_blocked, id=44498, stack(0x00007f4092d8f000,0x00007f4092e90000)]
  0x00007f40c823d800 JavaThread "Service Thread" daemon [_thread_blocked, id=44499, stack(0x00007f4092c8e000,0x00007f4092d8f000)]
  0x00007f40c823f800 JavaThread "C2 CompilerThread0" daemon [_thread_blocked, id=44500, stack(0x00007f4092b8d000,0x00007f4092c8e000)]
  0x00007f40c8241800 JavaThread "C1 CompilerThread0" daemon [_thread_blocked, id=44501, stack(0x00007f4092a8c000,0x00007f4092b8d000)]
  0x00007f40c8243800 JavaThread "Sweeper thread" daemon [_thread_blocked, id=44502, stack(0x00007f409298b000,0x00007f4092a8c000)]
  0x00007f40c829a800 JavaThread "Common-Cleaner" daemon [_thread_blocked, id=44504, stack(0x00007f4092788000,0x00007f4092889000)]
  0x00007f40ca5c0800 JavaThread "Thread-2" [_thread_in_native, id=44538, stack(0x00007f4091c47000,0x00007f4091d48000)]
  0x00007f4030006800 JavaThread "Thread-3" [_thread_blocked, id=44540, stack(0x00007f4091724000,0x00007f4091825000)]
  0x00007f403000c000 JavaThread "Thread-4" [_thread_in_native, id=44557, stack(0x00007f4090e20000,0x00007f4090f21000)]
  0x00007f4034375000 JavaThread "rpc-boss-3-1" daemon [_thread_in_native, id=44558, stack(0x00007f4090b1f000,0x00007f4090c20000)]
  0x00007f4034379000 JavaThread "dispatcher-event-loop-0" daemon [_thread_blocked, id=44561, stack(0x00007f4090a1e000,0x00007f4090b1f000)]
  0x00007f403437b000 JavaThread "dispatcher-event-loop-1" daemon [_thread_blocked, id=44562, stack(0x00007f409091d000,0x00007f4090a1e000)]
  0x00007f403437c800 JavaThread "dispatcher-event-loop-2" daemon [_thread_blocked, id=44563, stack(0x00007f409081c000,0x00007f409091d000)]
  0x00007f403437e000 JavaThread "dispatcher-event-loop-3" daemon [_thread_blocked, id=44564, stack(0x00007f409071b000,0x00007f409081c000)]
  0x00007f4034380000 JavaThread "dispatcher-event-loop-4" daemon [_thread_blocked, id=44565, stack(0x00007f409061a000,0x00007f409071b000)]
  0x00007f4034381800 JavaThread "dispatcher-event-loop-5" daemon [_thread_blocked, id=44566, stack(0x00007f4090519000,0x00007f409061a000)]
  0x00007f4034383800 JavaThread "dispatcher-event-loop-6" daemon [_thread_blocked, id=44567, stack(0x00007f4090418000,0x00007f4090519000)]
  0x00007f4034386000 JavaThread "dispatcher-event-loop-7" daemon [_thread_blocked, id=44568, stack(0x00007f4090317000,0x00007f4090418000)]
  0x00007f40343b9000 JavaThread "map-output-dispatcher-0" daemon [_thread_blocked, id=44569, stack(0x00007f4090216000,0x00007f4090317000)]
  0x00007f40343c9800 JavaThread "map-output-dispatcher-1" daemon [_thread_blocked, id=44570, stack(0x00007f4090115000,0x00007f4090216000)]
  0x00007f40343cd000 JavaThread "map-output-dispatcher-2" daemon [_thread_blocked, id=44571, stack(0x00007f4090014000,0x00007f4090115000)]
  0x00007f40343ce000 JavaThread "map-output-dispatcher-3" daemon [_thread_blocked, id=44572, stack(0x00007f3ff7eff000,0x00007f3ff8000000)]
  0x00007f40343d0000 JavaThread "map-output-dispatcher-4" daemon [_thread_blocked, id=44573, stack(0x00007f3ff7dfe000,0x00007f3ff7eff000)]
  0x00007f40343d1800 JavaThread "map-output-dispatcher-5" daemon [_thread_blocked, id=44574, stack(0x00007f3ff7cfd000,0x00007f3ff7dfe000)]
  0x00007f40343d3800 JavaThread "map-output-dispatcher-6" daemon [_thread_blocked, id=44575, stack(0x00007f3ff7bfc000,0x00007f3ff7cfd000)]
  0x00007f40343d5800 JavaThread "map-output-dispatcher-7" daemon [_thread_blocked, id=44576, stack(0x00007f3ff7afb000,0x00007f3ff7bfc000)]
  0x00007f403443a000 JavaThread "dispatcher-BlockManagerMaster" daemon [_thread_blocked, id=44579, stack(0x00007f3ff79fa000,0x00007f3ff7afb000)]
  0x00007f40344a1800 JavaThread "dispatcher-BlockManagerEndpoint1" daemon [_thread_blocked, id=44580, stack(0x00007f3ff76f9000,0x00007f3ff77fa000)]
  0x00007f40344a9000 JavaThread "RemoteBlock-temp-file-clean-thread" daemon [_thread_blocked, id=44581, stack(0x00007f3ff75f8000,0x00007f3ff76f9000)]
  0x00007f40344c9800 JavaThread "refresh progress" daemon [_thread_blocked, id=44582, stack(0x00007f3ff74f7000,0x00007f3ff75f8000)]
  0x00007f40345c3800 JavaThread "SparkUI-41" daemon [_thread_in_native, id=44585, stack(0x00007f3ff71f6000,0x00007f3ff72f7000)]
  0x00007f40345c5000 JavaThread "SparkUI-42" daemon [_thread_in_native, id=44586, stack(0x00007f3ff70f5000,0x00007f3ff71f6000)]
  0x00007f40345c7000 JavaThread "SparkUI-43" daemon [_thread_in_native, id=44587, stack(0x00007f3ff6ff4000,0x00007f3ff70f5000)]
  0x00007f40345c8800 JavaThread "SparkUI-44" daemon [_thread_in_native, id=44588, stack(0x00007f3ff6ef3000,0x00007f3ff6ff4000)]
  0x00007f40345ca800 JavaThread "SparkUI-45" daemon [_thread_blocked, id=44589, stack(0x00007f3ff6df2000,0x00007f3ff6ef3000)]
  0x00007f40345cc000 JavaThread "SparkUI-46-acceptor-0@3459b1b3-Spark@3a9e5948{HTTP/1.1, (http/1.1)}{0.0.0.0:4040}" daemon [_thread_in_native, id=44590, stack(0x00007f3ff6cf1000,0x00007f3ff6df2000)]
  0x00007f40345ce000 JavaThread "SparkUI-47" daemon [_thread_blocked, id=44591, stack(0x00007f3ff6bf0000,0x00007f3ff6cf1000)]
  0x00007f40345cf800 JavaThread "SparkUI-48" daemon [_thread_blocked, id=44592, stack(0x00007f3ff6aef000,0x00007f3ff6bf0000)]
  0x00007f4008005800 JavaThread "heartbeat-receiver-event-loop-thread" daemon [_thread_blocked, id=44595, stack(0x00007f3ff67ee000,0x00007f3ff68ef000)]
  0x00007f4034635000 JavaThread "task-starvation-timer" daemon [_thread_blocked, id=44596, stack(0x00007f3ff66ed000,0x00007f3ff67ee000)]
  0x00007f4034637800 JavaThread "task-abort-timer" daemon [_thread_blocked, id=44597, stack(0x00007f3ff65ec000,0x00007f3ff66ed000)]
  0x00007f3fa4011800 JavaThread "netty-rpc-env-timeout" daemon [_thread_blocked, id=44598, stack(0x00007f3ff64eb000,0x00007f3ff65ec000)]
  0x00007f4034668800 JavaThread "dag-scheduler-event-loop" daemon [_thread_blocked, id=44599, stack(0x00007f3ff63ea000,0x00007f3ff64eb000)]
  0x00007f40346bb000 JavaThread "driver-heartbeater" daemon [_thread_blocked, id=44602, stack(0x00007f3ff60e9000,0x00007f3ff61ea000)]
  0x00007f40346d8800 JavaThread "executor-heartbeater" daemon [_thread_blocked, id=44603, stack(0x00007f3ff5fe8000,0x00007f3ff60e9000)]
  0x00007f4034718000 JavaThread "shuffle-boss-6-1" daemon [_thread_in_native, id=44604, stack(0x00007f3ff5ee7000,0x00007f3ff5fe8000)]
  0x00007f4034849800 JavaThread "Spark Context Cleaner" daemon [_thread_blocked, id=44613, stack(0x00007f4091423000,0x00007f4091524000)]
  0x00007f403484b000 JavaThread "context-cleaner-periodic-gc" daemon [_thread_blocked, id=44614, stack(0x00007f3ff5be6000,0x00007f3ff5ce7000)]
  0x00007f4034852800 JavaThread "spark-listener-group-appStatus" daemon [_thread_blocked, id=44615, stack(0x00007f3ff5ae5000,0x00007f3ff5be6000)]
  0x00007f4034854800 JavaThread "spark-listener-group-executorManagement" daemon [_thread_blocked, id=44616, stack(0x00007f3ff59e4000,0x00007f3ff5ae5000)]
  0x00007f3fb002f800 JavaThread "element-tracking-store-worker" daemon [_thread_blocked, id=44617, stack(0x00007f3ff56e3000,0x00007f3ff57e4000)]
  0x00007f4034a83000 JavaThread "org.apache.hadoop.fs.FileSystem$Statistics$StatisticsDataReferenceCleaner" daemon [_thread_blocked, id=44620, stack(0x00007f3ff53e2000,0x00007f3ff54e3000)]
  0x00007f4034d89800 JavaThread "spark-listener-group-shared" daemon [_thread_blocked, id=44631, stack(0x00007f4092656000,0x00007f4092757000)]
  0x00007f40352c0000 JavaThread "IPC Parameter Sending Thread #0" daemon [_thread_blocked, id=44641, stack(0x00007f3f9bdfe000,0x00007f3f9beff000)]
  0x00007f4000008000 JavaThread "Executor task launch worker for task 26.0 in stage 2.0 (TID 10027)" daemon [_thread_blocked, id=52559, stack(0x00007f3f9b6f6000,0x00007f3f9b7f7000)]
  0x00007f400016b800 JavaThread "Executor task launch worker for task 22.0 in stage 2.0 (TID 10023)" daemon [_thread_blocked, id=52560, stack(0x00007f3f9abc1000,0x00007f3f9acc2000)]
  0x00007f4000005800 JavaThread "Executor task launch worker for task 20.0 in stage 2.0 (TID 10021)" daemon [_thread_blocked, id=52561, stack(0x00007f3f9aac0000,0x00007f3f9abc1000)]
  0x00007f40000a7800 JavaThread "Executor task launch worker for task 21.0 in stage 2.0 (TID 10022)" daemon [_thread_blocked, id=52562, stack(0x00007f3f9a9bf000,0x00007f3f9aac0000)]
  0x00007f40000a3000 JavaThread "Executor task launch worker for task 25.0 in stage 2.0 (TID 10026)" daemon [_thread_blocked, id=52563, stack(0x00007f3f9a8be000,0x00007f3f9a9bf000)]
  0x00007f40000fa800 JavaThread "Executor task launch worker for task 16.0 in stage 2.0 (TID 10017)" daemon [_thread_blocked, id=52564, stack(0x00007f3f9a7bd000,0x00007f3f9a8be000)]
  0x00007f40000fe000 JavaThread "Executor task launch worker for task 15.0 in stage 2.0 (TID 10016)" daemon [_thread_blocked, id=52566, stack(0x00007f3f9a5bb000,0x00007f3f9a6bc000)]
  0x00007f4004081800 JavaThread "task-result-getter-0" daemon [_thread_blocked, id=52577, stack(0x00007f3f9a2ba000,0x00007f3f9a3bb000)]
  0x00007f4004001000 JavaThread "task-result-getter-1" daemon [_thread_blocked, id=52578, stack(0x00007f3f9a1b9000,0x00007f3f9a2ba000)]
  0x00007f4004080000 JavaThread "task-result-getter-2" daemon [_thread_blocked, id=52579, stack(0x00007f3f9a0b8000,0x00007f3f9a1b9000)]
  0x00007f400400c000 JavaThread "task-result-getter-3" daemon [_thread_blocked, id=52580, stack(0x00007f3f99fb7000,0x00007f3f9a0b8000)]
  0x00007f4014032000 JavaThread "IPC Parameter Sending Thread #1" daemon [_thread_blocked, id=52631, stack(0x00007f3f99cb6000,0x00007f3f99db7000)]
  0x00007f400803a800 JavaThread "Executor task launch worker for task 24.0 in stage 2.0 (TID 10025)" daemon [_thread_blocked, id=52968, stack(0x00007f3ff46e1000,0x00007f3ff47e2000)]
  0x00007f3fd8007800 JavaThread "block-manager-storage-async-thread-pool-0" daemon [_thread_blocked, id=56477, stack(0x00007f3f9bcfd000,0x00007f3f9bdfe000)]
  0x00007f406821a800 JavaThread "block-manager-storage-async-thread-pool-1" daemon [_thread_blocked, id=56478, stack(0x00007f3f999b5000,0x00007f3f99ab6000)]
  0x00007f406821c000 JavaThread "block-manager-storage-async-thread-pool-2" daemon [_thread_blocked, id=56479, stack(0x00007f3f998b4000,0x00007f3f999b5000)]
  0x00007f4070002000 JavaThread "block-manager-ask-thread-pool-0" daemon [_thread_blocked, id=56480, stack(0x00007f3f997b3000,0x00007f3f998b4000)]
  0x00007f407c004000 JavaThread "block-manager-ask-thread-pool-1" daemon [_thread_blocked, id=56481, stack(0x00007f3f996b2000,0x00007f3f997b3000)]
  0x00007f40940d4000 JavaThread "org.apache.hadoop.hdfs.PeerCache@64c34f41" daemon [_thread_blocked, id=56513, stack(0x00007f3f991af000,0x00007f3f992b0000)]
  0x00007f3fd800a800 JavaThread "block-manager-storage-async-thread-pool-3" daemon [_thread_blocked, id=56672, stack(0x00007f3f994b0000,0x00007f3f995b1000)]
  0x00007f3fb0094000 JavaThread "block-manager-storage-async-thread-pool-4" daemon [_thread_blocked, id=56677, stack(0x00007f3f995b1000,0x00007f3f996b2000)]
  0x00007f3fb009a800 JavaThread "block-manager-storage-async-thread-pool-5" daemon [_thread_blocked, id=56688, stack(0x00007f3f974ae000,0x00007f3f975af000)]
  0x00007f3fb8005000 JavaThread "block-manager-ask-thread-pool-2" daemon [_thread_blocked, id=56689, stack(0x00007f3f973ad000,0x00007f3f974ae000)]
  0x00007f3fb4001800 JavaThread "block-manager-ask-thread-pool-3" daemon [_thread_blocked, id=56697, stack(0x00007f3f972ac000,0x00007f3f973ad000)]
  0x00007f4035d44800 JavaThread "process reaper" daemon [_thread_in_native, id=56733, stack(0x00007f4091825000,0x00007f4091847000)]
  0x00007f400c0b7000 JavaThread "IPC Client (1863208610) connection to /172.30.17.145:8020 from jovyan" daemon [_thread_blocked, id=56758, stack(0x00007f3f969ab000,0x00007f3f96aac000)]
  0x00007f406c010000 JavaThread "C2 CompilerThread1" daemon [_thread_blocked, id=56765, stack(0x00007f3f9beff000,0x00007f3f9c000000)]
  0x00007f4018091800 JavaThread "Idle Worker Monitor for /opt/conda/bin/python" daemon [_thread_blocked, id=56766, stack(0x00007f3f9a6bc000,0x00007f3f9a7bd000)]
  0x00007f401808b800 JavaThread "stdout reader for /opt/conda/bin/python" daemon [_thread_in_native, id=56783, stack(0x00007f3f96254000,0x00007f3f96355000)]
  0x00007f4018099000 JavaThread "stderr reader for /opt/conda/bin/python" daemon [_thread_in_native, id=56784, stack(0x00007f3f96153000,0x00007f3f96254000)]
  0x00007f40400c3800 JavaThread "process reaper" daemon [_thread_blocked, id=56874, stack(0x00007f3ff40a3000,0x00007f3ff40c5000)]
  0x00007f406cc61000 JavaThread "C2 CompilerThread2" daemon [_thread_blocked, id=56912, stack(0x00007f3f95547000,0x00007f3f95648000)]

Other Threads:
=>0x00007f40c8231000 VMThread "VM Thread" [stack: 0x00007f409337a000,0x00007f409347a000] [id=44495]
  0x00007f40c8294800 WatcherThread [stack: 0x00007f409288b000,0x00007f409298b000] [id=44503]
  0x00007f40c8030800 GCTaskThread "GC Thread#0" [stack: 0x00007f40cdb28000,0x00007f40cdc28000] [id=44490]
  0x00007f4084001000 GCTaskThread "GC Thread#1" [stack: 0x00007f4092556000,0x00007f4092656000] [id=44510]
  0x00007f4084002800 GCTaskThread "GC Thread#2" [stack: 0x00007f4092454000,0x00007f4092554000] [id=44511]
  0x00007f4084004000 GCTaskThread "GC Thread#3" [stack: 0x00007f4092352000,0x00007f4092452000] [id=44512]
  0x00007f4084005800 GCTaskThread "GC Thread#4" [stack: 0x00007f4092250000,0x00007f4092350000] [id=44513]
  0x00007f4084007800 GCTaskThread "GC Thread#5" [stack: 0x00007f409214e000,0x00007f409224e000] [id=44514]
  0x00007f4084009000 GCTaskThread "GC Thread#6" [stack: 0x00007f409204c000,0x00007f409214c000] [id=44515]
  0x00007f408400b000 GCTaskThread "GC Thread#7" [stack: 0x00007f4091f4a000,0x00007f409204a000] [id=44516]
  0x00007f40c806c800 ConcurrentGCThread "G1 Main Marker" [stack: 0x00007f40cc0d4000,0x00007f40cc1d4000] [id=44491]
  0x00007f40c806e800 ConcurrentGCThread "G1 Conc#0" [stack: 0x00007f40b0753000,0x00007f40b0853000] [id=44492]
  0x00007f4094001000 ConcurrentGCThread "G1 Conc#1" [stack: 0x00007f4091123000,0x00007f4091223000] [id=44556]
  0x00007f40c81f1000 ConcurrentGCThread "G1 Refine#0" [stack: 0x00007f4093dff000,0x00007f4093eff000] [id=44493]
  0x00007f4088001000 ConcurrentGCThread "G1 Refine#1" [stack: 0x00007f3f9bbfd000,0x00007f3f9bcfd000] [id=44644]
  0x00007f3fcc002800 ConcurrentGCThread "G1 Refine#2" [stack: 0x00007f3f9bafb000,0x00007f3f9bbfb000] [id=44645]
  0x00007f3fd8001800 ConcurrentGCThread "G1 Refine#3" [stack: 0x00007f3f9b9f9000,0x00007f3f9baf9000] [id=44646]
  0x00007f3fd4004800 ConcurrentGCThread "G1 Refine#4" [stack: 0x00007f3f9b5f6000,0x00007f3f9b6f6000] [id=46141]
  0x00007f403c002800 ConcurrentGCThread "G1 Refine#5" [stack: 0x00007f3f9b4f4000,0x00007f3f9b5f4000] [id=46142]
  0x00007f40c81f3000 ConcurrentGCThread "G1 Young RemSet Sampling" [stack: 0x00007f4093cfd000,0x00007f4093dfd000] [id=44494]

Threads with active compile tasks:
C2 CompilerThread0 822841 16840       4       java.lang.Integer::toString (55 bytes)
C2 CompilerThread1 822841 16831       4       org.apache.parquet.format.DataPageHeader$DataPageHeaderStandardScheme::read (321 bytes)
C2 CompilerThread2 822841 16832       4       org.apache.parquet.format.PageHeader$PageHeaderStandardScheme::read (505 bytes)

VM state:at safepoint (normal execution)

VM Mutex/Monitor currently owned by a thread:  ([mutex/lock_event])
[0x00007f40c8015a50] Threads_lock - owner thread: 0x00007f40c8231000
[0x00007f40c8016230] Heap_lock - owner thread: 0x00007f40000fa800

Heap address: 0x0000000600000000, size: 8192 MB, Compressed Oops mode: Zero based, Oop shift amount: 3
Narrow klass base: 0x0000000800000000, Narrow klass shift: 3
Compressed class space size: 1073741824 Address: 0x0000000840000000

Heap:
 garbage-first heap   total 3366912K, used 1802962K [0x0000000600000000, 0x0000000800000000)
  region size 2048K, 5 young (10240K), 5 survivors (10240K)
 Metaspace       used 131043K, capacity 137680K, committed 138876K, reserved 1167360K
  class space    used 18061K, capacity 21350K, committed 21784K, reserved 1048576K
Heap Regions: E=young(eden), S=young(survivor), O=old, HS=humongous(starts), HC=humongous(continues), CS=collection set, F=free, A=archive, TAMS=top-at-mark-start (previous, next)
|   0|0x0000000600000000, 0x0000000600200000, 0x0000000600200000|100%|HS|  |TAMS 0x0000000600200000, 0x0000000600200000| Complete 
|   1|0x0000000600200000, 0x0000000600400000, 0x0000000600400000|100%|HS|  |TAMS 0x0000000600400000, 0x0000000600400000| Complete 
|   2|0x0000000600400000, 0x0000000600600000, 0x0000000600600000|100%|HC|  |TAMS 0x0000000600600000, 0x0000000600600000| Complete 
|   3|0x0000000600600000, 0x0000000600800000, 0x0000000600800000|100%| O|  |TAMS 0x0000000600800000, 0x0000000600800000| Untracked 
|   4|0x0000000600800000, 0x0000000600a00000, 0x0000000600a00000|100%| O|  |TAMS 0x0000000600a00000, 0x0000000600a00000| Untracked 
|   5|0x0000000600a00000, 0x0000000600c00000, 0x0000000600c00000|100%| O|  |TAMS 0x0000000600c00000, 0x0000000600c00000| Untracked 
|   6|0x0000000600c00000, 0x0000000600e00000, 0x0000000600e00000|100%| O|  |TAMS 0x0000000600e00000, 0x0000000600e00000| Untracked 
|   7|0x0000000600e00000, 0x0000000601000000, 0x0000000601000000|100%| O|  |TAMS 0x0000000601000000, 0x0000000601000000| Untracked 
|   8|0x0000000601000000, 0x0000000601200000, 0x0000000601200000|100%| O|  |TAMS 0x0000000601200000, 0x0000000601200000| Untracked 
|   9|0x0000000601200000, 0x0000000601400000, 0x0000000601400000|100%| O|  |TAMS 0x0000000601400000, 0x0000000601400000| Untracked 
|  10|0x0000000601400000, 0x0000000601600000, 0x0000000601600000|100%| O|  |TAMS 0x0000000601600000, 0x0000000601600000| Untracked 
|  11|0x0000000601600000, 0x0000000601800000, 0x0000000601800000|100%| O|  |TAMS 0x0000000601800000, 0x0000000601800000| Untracked 
|  12|0x0000000601800000, 0x0000000601a00000, 0x0000000601a00000|100%| O|  |TAMS 0x0000000601a00000, 0x0000000601a00000| Untracked 
|  13|0x0000000601a00000, 0x0000000601c00000, 0x0000000601c00000|100%| O|  |TAMS 0x0000000601c00000, 0x0000000601c00000| Untracked 
|  14|0x0000000601c00000, 0x0000000601e00000, 0x0000000601e00000|100%| O|  |TAMS 0x0000000601e00000, 0x0000000601e00000| Untracked 
|  15|0x0000000601e00000, 0x0000000602000000, 0x0000000602000000|100%| O|  |TAMS 0x0000000602000000, 0x0000000602000000| Untracked 
|  16|0x0000000602000000, 0x0000000602200000, 0x0000000602200000|100%| O|  |TAMS 0x0000000602200000, 0x0000000602200000| Untracked 
|  17|0x0000000602200000, 0x0000000602400000, 0x0000000602400000|100%| O|  |TAMS 0x0000000602400000, 0x0000000602400000| Untracked 
|  18|0x0000000602400000, 0x0000000602600000, 0x0000000602600000|100%| O|  |TAMS 0x0000000602600000, 0x0000000602600000| Untracked 
|  19|0x0000000602600000, 0x0000000602800000, 0x0000000602800000|100%| O|  |TAMS 0x0000000602800000, 0x0000000602800000| Untracked 
|  20|0x0000000602800000, 0x0000000602a00000, 0x0000000602a00000|100%| O|  |TAMS 0x0000000602a00000, 0x0000000602a00000| Untracked 
|  21|0x0000000602a00000, 0x0000000602c00000, 0x0000000602c00000|100%| O|  |TAMS 0x0000000602c00000, 0x0000000602c00000| Untracked 
|  22|0x0000000602c00000, 0x0000000602e00000, 0x0000000602e00000|100%| O|  |TAMS 0x0000000602e00000, 0x0000000602e00000| Untracked 
|  23|0x0000000602e00000, 0x0000000603000000, 0x0000000603000000|100%| O|  |TAMS 0x0000000603000000, 0x0000000603000000| Untracked 
|  24|0x0000000603000000, 0x0000000603200000, 0x0000000603200000|100%| O|  |TAMS 0x0000000603200000, 0x0000000603200000| Untracked 
|  25|0x0000000603200000, 0x0000000603400000, 0x0000000603400000|100%| O|  |TAMS 0x0000000603400000, 0x0000000603400000| Untracked 
|  26|0x0000000603400000, 0x0000000603600000, 0x0000000603600000|100%| O|  |TAMS 0x0000000603600000, 0x0000000603600000| Untracked 
|  27|0x0000000603600000, 0x0000000603800000, 0x0000000603800000|100%| O|  |TAMS 0x0000000603800000, 0x0000000603800000| Untracked 
|  28|0x0000000603800000, 0x0000000603a00000, 0x0000000603a00000|100%| O|  |TAMS 0x0000000603a00000, 0x0000000603a00000| Untracked 
|  29|0x0000000603a00000, 0x0000000603c00000, 0x0000000603c00000|100%| O|  |TAMS 0x0000000603c00000, 0x0000000603c00000| Untracked 
|  30|0x0000000603c00000, 0x0000000603e00000, 0x0000000603e00000|100%| O|  |TAMS 0x0000000603e00000, 0x0000000603e00000| Untracked 
|  31|0x0000000603e00000, 0x0000000604000000, 0x0000000604000000|100%| O|  |TAMS 0x0000000604000000, 0x0000000604000000| Untracked 
|  32|0x0000000604000000, 0x0000000604200000, 0x0000000604200000|100%| O|  |TAMS 0x0000000604200000, 0x0000000604200000| Untracked 
|  33|0x0000000604200000, 0x0000000604400000, 0x0000000604400000|100%| O|  |TAMS 0x0000000604400000, 0x0000000604400000| Untracked 
|  34|0x0000000604400000, 0x0000000604600000, 0x0000000604600000|100%| O|  |TAMS 0x0000000604600000, 0x0000000604600000| Untracked 
|  35|0x0000000604600000, 0x0000000604800000, 0x0000000604800000|100%| O|  |TAMS 0x0000000604800000, 0x0000000604800000| Untracked 
|  36|0x0000000604800000, 0x0000000604a00000, 0x0000000604a00000|100%| O|  |TAMS 0x0000000604a00000, 0x0000000604a00000| Untracked 
|  37|0x0000000604a00000, 0x0000000604c00000, 0x0000000604c00000|100%| O|  |TAMS 0x0000000604c00000, 0x0000000604c00000| Untracked 
|  38|0x0000000604c00000, 0x0000000604e00000, 0x0000000604e00000|100%|HS|  |TAMS 0x0000000604e00000, 0x0000000604e00000| Complete 
|  39|0x0000000604e00000, 0x0000000605000000, 0x0000000605000000|100%| O|  |TAMS 0x0000000605000000, 0x0000000605000000| Untracked 
|  40|0x0000000605000000, 0x0000000605200000, 0x0000000605200000|100%|HS|  |TAMS 0x0000000605200000, 0x0000000605200000| Untracked 
|  41|0x0000000605200000, 0x0000000605400000, 0x0000000605400000|100%|HS|  |TAMS 0x0000000605400000, 0x0000000605400000| Untracked 
|  42|0x0000000605400000, 0x0000000605600000, 0x0000000605600000|100%| O|  |TAMS 0x0000000605600000, 0x0000000605600000| Untracked 
|  43|0x0000000605600000, 0x0000000605800000, 0x0000000605800000|100%| O|  |TAMS 0x0000000605800000, 0x0000000605800000| Untracked 
|  44|0x0000000605800000, 0x0000000605a00000, 0x0000000605a00000|100%| O|  |TAMS 0x0000000605a00000, 0x0000000605a00000| Untracked 
|  45|0x0000000605a00000, 0x0000000605c00000, 0x0000000605c00000|100%|HS|  |TAMS 0x0000000605c00000, 0x0000000605c00000| Complete 
|  46|0x0000000605c00000, 0x0000000605e00000, 0x0000000605e00000|100%| O|  |TAMS 0x0000000605e00000, 0x0000000605e00000| Untracked 
|  47|0x0000000605e00000, 0x0000000606000000, 0x0000000606000000|100%| O|  |TAMS 0x0000000606000000, 0x0000000606000000| Untracked 
|  48|0x0000000606000000, 0x0000000606200000, 0x0000000606200000|100%|HS|  |TAMS 0x0000000606200000, 0x0000000606200000| Untracked 
|  49|0x0000000606200000, 0x0000000606400000, 0x0000000606400000|100%|HC|  |TAMS 0x0000000606400000, 0x0000000606400000| Untracked 
|  50|0x0000000606400000, 0x0000000606600000, 0x0000000606600000|100%|HS|  |TAMS 0x0000000606600000, 0x0000000606600000| Complete 
|  51|0x0000000606600000, 0x0000000606800000, 0x0000000606800000|100%| O|  |TAMS 0x0000000606800000, 0x0000000606800000| Untracked 
|  52|0x0000000606800000, 0x0000000606a00000, 0x0000000606a00000|100%| O|  |TAMS 0x0000000606a00000, 0x0000000606a00000| Untracked 
|  53|0x0000000606a00000, 0x0000000606c00000, 0x0000000606c00000|100%| O|  |TAMS 0x0000000606c00000, 0x0000000606c00000| Untracked 
|  54|0x0000000606c00000, 0x0000000606e00000, 0x0000000606e00000|100%| O|  |TAMS 0x0000000606e00000, 0x0000000606e00000| Untracked 
|  55|0x0000000606e00000, 0x0000000607000000, 0x0000000607000000|100%| O|  |TAMS 0x0000000607000000, 0x0000000607000000| Untracked 
|  56|0x0000000607000000, 0x0000000607200000, 0x0000000607200000|100%| O|  |TAMS 0x0000000607200000, 0x0000000607200000| Untracked 
|  57|0x0000000607200000, 0x0000000607400000, 0x0000000607400000|100%| O|  |TAMS 0x0000000607400000, 0x0000000607400000| Untracked 
|  58|0x0000000607400000, 0x0000000607600000, 0x0000000607600000|100%| O|  |TAMS 0x0000000607600000, 0x0000000607600000| Untracked 
|  59|0x0000000607600000, 0x0000000607800000, 0x0000000607800000|100%| O|  |TAMS 0x0000000607800000, 0x0000000607800000| Untracked 
|  60|0x0000000607800000, 0x0000000607a00000, 0x0000000607a00000|100%| O|  |TAMS 0x0000000607a00000, 0x0000000607a00000| Untracked 
|  61|0x0000000607a00000, 0x0000000607c00000, 0x0000000607c00000|100%| O|  |TAMS 0x0000000607c00000, 0x0000000607c00000| Untracked 
|  62|0x0000000607c00000, 0x0000000607e00000, 0x0000000607e00000|100%| O|  |TAMS 0x0000000607e00000, 0x0000000607e00000| Untracked 
|  63|0x0000000607e00000, 0x0000000608000000, 0x0000000608000000|100%| O|  |TAMS 0x0000000608000000, 0x0000000608000000| Untracked 
|  64|0x0000000608000000, 0x0000000608200000, 0x0000000608200000|100%| O|  |TAMS 0x0000000608200000, 0x0000000608200000| Untracked 
|  65|0x0000000608200000, 0x0000000608400000, 0x0000000608400000|100%| O|  |TAMS 0x0000000608400000, 0x0000000608400000| Untracked 
|  66|0x0000000608400000, 0x0000000608600000, 0x0000000608600000|100%| O|  |TAMS 0x0000000608600000, 0x0000000608600000| Untracked 
|  67|0x0000000608600000, 0x0000000608800000, 0x0000000608800000|100%| O|  |TAMS 0x0000000608800000, 0x0000000608800000| Untracked 
|  68|0x0000000608800000, 0x0000000608a00000, 0x0000000608a00000|100%| O|  |TAMS 0x0000000608a00000, 0x0000000608a00000| Untracked 
|  69|0x0000000608a00000, 0x0000000608c00000, 0x0000000608c00000|100%| O|  |TAMS 0x0000000608c00000, 0x0000000608c00000| Untracked 
|  70|0x0000000608c00000, 0x0000000608e00000, 0x0000000608e00000|100%| O|  |TAMS 0x0000000608e00000, 0x0000000608e00000| Untracked 
|  71|0x0000000608e00000, 0x0000000609000000, 0x0000000609000000|100%| O|  |TAMS 0x0000000609000000, 0x0000000609000000| Untracked 
|  72|0x0000000609000000, 0x0000000609200000, 0x0000000609200000|100%| O|  |TAMS 0x0000000609200000, 0x0000000609200000| Untracked 
|  73|0x0000000609200000, 0x0000000609400000, 0x0000000609400000|100%| O|  |TAMS 0x0000000609400000, 0x0000000609400000| Untracked 
|  74|0x0000000609400000, 0x0000000609600000, 0x0000000609600000|100%| O|  |TAMS 0x0000000609600000, 0x0000000609600000| Untracked 
|  75|0x0000000609600000, 0x0000000609800000, 0x0000000609800000|100%| O|  |TAMS 0x0000000609800000, 0x0000000609800000| Untracked 
|  76|0x0000000609800000, 0x0000000609a00000, 0x0000000609a00000|100%|HS|  |TAMS 0x0000000609a00000, 0x0000000609a00000| Complete 
|  77|0x0000000609a00000, 0x0000000609c00000, 0x0000000609c00000|100%| O|  |TAMS 0x0000000609c00000, 0x0000000609c00000| Untracked 
|  78|0x0000000609c00000, 0x0000000609e00000, 0x0000000609e00000|100%| O|  |TAMS 0x0000000609e00000, 0x0000000609e00000| Untracked 
|  79|0x0000000609e00000, 0x000000060a000000, 0x000000060a000000|100%| O|  |TAMS 0x000000060a000000, 0x000000060a000000| Untracked 
|  80|0x000000060a000000, 0x000000060a200000, 0x000000060a200000|100%| O|  |TAMS 0x000000060a200000, 0x000000060a200000| Untracked 
|  81|0x000000060a200000, 0x000000060a400000, 0x000000060a400000|100%|HS|  |TAMS 0x000000060a400000, 0x000000060a400000| Complete 
|  82|0x000000060a400000, 0x000000060a600000, 0x000000060a600000|100%| O|  |TAMS 0x000000060a600000, 0x000000060a600000| Untracked 
|  83|0x000000060a600000, 0x000000060a800000, 0x000000060a800000|100%| O|  |TAMS 0x000000060a800000, 0x000000060a800000| Untracked 
|  84|0x000000060a800000, 0x000000060aa00000, 0x000000060aa00000|100%| O|  |TAMS 0x000000060aa00000, 0x000000060aa00000| Untracked 
|  85|0x000000060aa00000, 0x000000060ac00000, 0x000000060ac00000|100%| O|  |TAMS 0x000000060ac00000, 0x000000060ac00000| Untracked 
|  86|0x000000060ac00000, 0x000000060ae00000, 0x000000060ae00000|100%| O|  |TAMS 0x000000060ae00000, 0x000000060ae00000| Untracked 
|  87|0x000000060ae00000, 0x000000060b000000, 0x000000060b000000|100%| O|  |TAMS 0x000000060b000000, 0x000000060b000000| Untracked 
|  88|0x000000060b000000, 0x000000060b200000, 0x000000060b200000|100%| O|  |TAMS 0x000000060b200000, 0x000000060b200000| Untracked 
|  89|0x000000060b200000, 0x000000060b400000, 0x000000060b400000|100%| O|  |TAMS 0x000000060b400000, 0x000000060b400000| Untracked 
|  90|0x000000060b400000, 0x000000060b600000, 0x000000060b600000|100%| O|  |TAMS 0x000000060b600000, 0x000000060b600000| Untracked 
|  91|0x000000060b600000, 0x000000060b800000, 0x000000060b800000|100%| O|  |TAMS 0x000000060b800000, 0x000000060b800000| Untracked 
|  92|0x000000060b800000, 0x000000060ba00000, 0x000000060ba00000|100%| O|  |TAMS 0x000000060ba00000, 0x000000060ba00000| Untracked 
|  93|0x000000060ba00000, 0x000000060bc00000, 0x000000060bc00000|100%| O|  |TAMS 0x000000060bc00000, 0x000000060bc00000| Untracked 
|  94|0x000000060bc00000, 0x000000060be00000, 0x000000060be00000|100%| O|  |TAMS 0x000000060be00000, 0x000000060be00000| Untracked 
|  95|0x000000060be00000, 0x000000060c000000, 0x000000060c000000|100%| O|  |TAMS 0x000000060c000000, 0x000000060c000000| Untracked 
|  96|0x000000060c000000, 0x000000060c200000, 0x000000060c200000|100%| O|  |TAMS 0x000000060c200000, 0x000000060c200000| Untracked 
|  97|0x000000060c200000, 0x000000060c400000, 0x000000060c400000|100%| O|  |TAMS 0x000000060c400000, 0x000000060c400000| Untracked 
|  98|0x000000060c400000, 0x000000060c600000, 0x000000060c600000|100%| O|  |TAMS 0x000000060c600000, 0x000000060c600000| Untracked 
|  99|0x000000060c600000, 0x000000060c800000, 0x000000060c800000|100%| O|  |TAMS 0x000000060c800000, 0x000000060c800000| Untracked 
| 100|0x000000060c800000, 0x000000060ca00000, 0x000000060ca00000|100%| O|  |TAMS 0x000000060ca00000, 0x000000060ca00000| Untracked 
| 101|0x000000060ca00000, 0x000000060cc00000, 0x000000060cc00000|100%| O|  |TAMS 0x000000060cc00000, 0x000000060cc00000| Untracked 
| 102|0x000000060cc00000, 0x000000060ce00000, 0x000000060ce00000|100%| O|  |TAMS 0x000000060ce00000, 0x000000060ce00000| Untracked 
| 103|0x000000060ce00000, 0x000000060d000000, 0x000000060d000000|100%| O|  |TAMS 0x000000060d000000, 0x000000060d000000| Untracked 
| 104|0x000000060d000000, 0x000000060d200000, 0x000000060d200000|100%| O|  |TAMS 0x000000060d200000, 0x000000060d200000| Untracked 
| 105|0x000000060d200000, 0x000000060d400000, 0x000000060d400000|100%|HS|  |TAMS 0x000000060d400000, 0x000000060d400000| Complete 
| 106|0x000000060d400000, 0x000000060d600000, 0x000000060d600000|100%| O|  |TAMS 0x000000060d600000, 0x000000060d600000| Untracked 
| 107|0x000000060d600000, 0x000000060d800000, 0x000000060d800000|100%| O|  |TAMS 0x000000060d800000, 0x000000060d800000| Untracked 
| 108|0x000000060d800000, 0x000000060da00000, 0x000000060da00000|100%| O|  |TAMS 0x000000060da00000, 0x000000060da00000| Untracked 
| 109|0x000000060da00000, 0x000000060dc00000, 0x000000060dc00000|100%| O|  |TAMS 0x000000060dc00000, 0x000000060dc00000| Untracked 
| 110|0x000000060dc00000, 0x000000060de00000, 0x000000060de00000|100%|HS|  |TAMS 0x000000060de00000, 0x000000060de00000| Complete 
| 111|0x000000060de00000, 0x000000060e000000, 0x000000060e000000|100%|HC|  |TAMS 0x000000060e000000, 0x000000060e000000| Complete 
| 112|0x000000060e000000, 0x000000060e200000, 0x000000060e200000|100%| O|  |TAMS 0x000000060e200000, 0x000000060e200000| Untracked 
| 113|0x000000060e200000, 0x000000060e400000, 0x000000060e400000|100%|HS|  |TAMS 0x000000060e400000, 0x000000060e400000| Complete 
| 114|0x000000060e400000, 0x000000060e600000, 0x000000060e600000|100%| O|  |TAMS 0x000000060e600000, 0x000000060e600000| Untracked 
| 115|0x000000060e600000, 0x000000060e800000, 0x000000060e800000|100%|HS|  |TAMS 0x000000060e800000, 0x000000060e800000| Untracked 
| 116|0x000000060e800000, 0x000000060ea00000, 0x000000060ea00000|100%|HC|  |TAMS 0x000000060ea00000, 0x000000060ea00000| Untracked 
| 117|0x000000060ea00000, 0x000000060ec00000, 0x000000060ec00000|100%|HC|  |TAMS 0x000000060ec00000, 0x000000060ec00000| Untracked 
| 118|0x000000060ec00000, 0x000000060ee00000, 0x000000060ee00000|100%|HC|  |TAMS 0x000000060ee00000, 0x000000060ee00000| Untracked 
| 119|0x000000060ee00000, 0x000000060f000000, 0x000000060f000000|100%|HC|  |TAMS 0x000000060f000000, 0x000000060f000000| Untracked 
| 120|0x000000060f000000, 0x000000060f200000, 0x000000060f200000|100%|HS|  |TAMS 0x000000060f200000, 0x000000060f200000| Untracked 
| 121|0x000000060f200000, 0x000000060f400000, 0x000000060f400000|100%|HC|  |TAMS 0x000000060f400000, 0x000000060f400000| Untracked 
| 122|0x000000060f400000, 0x000000060f600000, 0x000000060f600000|100%|HC|  |TAMS 0x000000060f600000, 0x000000060f600000| Untracked 
| 123|0x000000060f600000, 0x000000060f800000, 0x000000060f800000|100%|HC|  |TAMS 0x000000060f800000, 0x000000060f800000| Untracked 
| 124|0x000000060f800000, 0x000000060fa00000, 0x000000060fa00000|100%|HC|  |TAMS 0x000000060fa00000, 0x000000060fa00000| Untracked 
| 125|0x000000060fa00000, 0x000000060fc00000, 0x000000060fc00000|100%|HS|  |TAMS 0x000000060fc00000, 0x000000060fc00000| Untracked 
| 126|0x000000060fc00000, 0x000000060fe00000, 0x000000060fe00000|100%|HC|  |TAMS 0x000000060fe00000, 0x000000060fe00000| Untracked 
| 127|0x000000060fe00000, 0x0000000610000000, 0x0000000610000000|100%|HC|  |TAMS 0x0000000610000000, 0x0000000610000000| Untracked 
| 128|0x0000000610000000, 0x0000000610200000, 0x0000000610200000|100%|HC|  |TAMS 0x0000000610200000, 0x0000000610200000| Untracked 
| 129|0x0000000610200000, 0x0000000610400000, 0x0000000610400000|100%|HC|  |TAMS 0x0000000610400000, 0x0000000610400000| Untracked 
| 130|0x0000000610400000, 0x0000000610600000, 0x0000000610600000|100%|HS|  |TAMS 0x0000000610600000, 0x0000000610600000| Untracked 
| 131|0x0000000610600000, 0x0000000610800000, 0x0000000610800000|100%|HC|  |TAMS 0x0000000610800000, 0x0000000610800000| Untracked 
| 132|0x0000000610800000, 0x0000000610a00000, 0x0000000610a00000|100%|HC|  |TAMS 0x0000000610a00000, 0x0000000610a00000| Untracked 
| 133|0x0000000610a00000, 0x0000000610c00000, 0x0000000610c00000|100%|HC|  |TAMS 0x0000000610c00000, 0x0000000610c00000| Untracked 
| 134|0x0000000610c00000, 0x0000000610e00000, 0x0000000610e00000|100%|HC|  |TAMS 0x0000000610e00000, 0x0000000610e00000| Untracked 
| 135|0x0000000610e00000, 0x0000000611000000, 0x0000000611000000|100%|HS|  |TAMS 0x0000000611000000, 0x0000000611000000| Untracked 
| 136|0x0000000611000000, 0x0000000611200000, 0x0000000611200000|100%|HC|  |TAMS 0x0000000611200000, 0x0000000611200000| Untracked 
| 137|0x0000000611200000, 0x0000000611400000, 0x0000000611400000|100%|HC|  |TAMS 0x0000000611400000, 0x0000000611400000| Untracked 
| 138|0x0000000611400000, 0x0000000611600000, 0x0000000611600000|100%|HC|  |TAMS 0x0000000611600000, 0x0000000611600000| Untracked 
| 139|0x0000000611600000, 0x0000000611800000, 0x0000000611800000|100%|HC|  |TAMS 0x0000000611800000, 0x0000000611800000| Untracked 
| 140|0x0000000611800000, 0x0000000611a00000, 0x0000000611a00000|100%|HS|  |TAMS 0x0000000611a00000, 0x0000000611a00000| Untracked 
| 141|0x0000000611a00000, 0x0000000611c00000, 0x0000000611c00000|100%|HC|  |TAMS 0x0000000611c00000, 0x0000000611c00000| Untracked 
| 142|0x0000000611c00000, 0x0000000611e00000, 0x0000000611e00000|100%|HC|  |TAMS 0x0000000611e00000, 0x0000000611e00000| Untracked 
| 143|0x0000000611e00000, 0x0000000612000000, 0x0000000612000000|100%|HC|  |TAMS 0x0000000612000000, 0x0000000612000000| Untracked 
| 144|0x0000000612000000, 0x0000000612200000, 0x0000000612200000|100%|HC|  |TAMS 0x0000000612200000, 0x0000000612200000| Untracked 
| 145|0x0000000612200000, 0x0000000612400000, 0x0000000612400000|100%|HS|  |TAMS 0x0000000612400000, 0x0000000612400000| Untracked 
| 146|0x0000000612400000, 0x0000000612600000, 0x0000000612600000|100%|HC|  |TAMS 0x0000000612600000, 0x0000000612600000| Untracked 
| 147|0x0000000612600000, 0x0000000612800000, 0x0000000612800000|100%|HC|  |TAMS 0x0000000612800000, 0x0000000612800000| Untracked 
| 148|0x0000000612800000, 0x0000000612a00000, 0x0000000612a00000|100%|HC|  |TAMS 0x0000000612a00000, 0x0000000612a00000| Untracked 
| 149|0x0000000612a00000, 0x0000000612c00000, 0x0000000612c00000|100%|HC|  |TAMS 0x0000000612c00000, 0x0000000612c00000| Untracked 
| 150|0x0000000612c00000, 0x0000000612e00000, 0x0000000612e00000|100%|HS|  |TAMS 0x0000000612e00000, 0x0000000612e00000| Complete 
| 151|0x0000000612e00000, 0x0000000613000000, 0x0000000613000000|100%|HC|  |TAMS 0x0000000613000000, 0x0000000613000000| Complete 
| 152|0x0000000613000000, 0x0000000613200000, 0x0000000613200000|100%| O|  |TAMS 0x0000000613200000, 0x0000000613200000| Untracked 
| 153|0x0000000613200000, 0x0000000613400000, 0x0000000613400000|100%| O|  |TAMS 0x0000000613400000, 0x0000000613400000| Untracked 
| 154|0x0000000613400000, 0x0000000613600000, 0x0000000613600000|100%| O|  |TAMS 0x0000000613600000, 0x0000000613600000| Untracked 
| 155|0x0000000613600000, 0x0000000613800000, 0x0000000613800000|100%| O|  |TAMS 0x0000000613800000, 0x0000000613800000| Untracked 
| 156|0x0000000613800000, 0x0000000613a00000, 0x0000000613a00000|100%| O|  |TAMS 0x0000000613a00000, 0x0000000613a00000| Untracked 
| 157|0x0000000613a00000, 0x0000000613c00000, 0x0000000613c00000|100%| O|  |TAMS 0x0000000613c00000, 0x0000000613c00000| Untracked 
| 158|0x0000000613c00000, 0x0000000613e00000, 0x0000000613e00000|100%| O|  |TAMS 0x0000000613e00000, 0x0000000613e00000| Untracked 
| 159|0x0000000613e00000, 0x0000000614000000, 0x0000000614000000|100%| O|  |TAMS 0x0000000614000000, 0x0000000614000000| Untracked 
| 160|0x0000000614000000, 0x0000000614200000, 0x0000000614200000|100%| O|  |TAMS 0x0000000614200000, 0x0000000614200000| Untracked 
| 161|0x0000000614200000, 0x0000000614400000, 0x0000000614400000|100%| O|  |TAMS 0x0000000614400000, 0x0000000614400000| Untracked 
| 162|0x0000000614400000, 0x0000000614600000, 0x0000000614600000|100%| O|  |TAMS 0x0000000614600000, 0x0000000614600000| Untracked 
| 163|0x0000000614600000, 0x0000000614800000, 0x0000000614800000|100%| O|  |TAMS 0x0000000614800000, 0x0000000614800000| Untracked 
| 164|0x0000000614800000, 0x0000000614a00000, 0x0000000614a00000|100%| O|  |TAMS 0x0000000614a00000, 0x0000000614a00000| Untracked 
| 165|0x0000000614a00000, 0x0000000614c00000, 0x0000000614c00000|100%| O|  |TAMS 0x0000000614c00000, 0x0000000614c00000| Untracked 
| 166|0x0000000614c00000, 0x0000000614e00000, 0x0000000614e00000|100%| O|  |TAMS 0x0000000614e00000, 0x0000000614e00000| Untracked 
| 167|0x0000000614e00000, 0x0000000615000000, 0x0000000615000000|100%| O|  |TAMS 0x0000000615000000, 0x0000000615000000| Untracked 
| 168|0x0000000615000000, 0x0000000615200000, 0x0000000615200000|100%| O|  |TAMS 0x0000000615200000, 0x0000000615200000| Untracked 
| 169|0x0000000615200000, 0x0000000615400000, 0x0000000615400000|100%| O|  |TAMS 0x0000000615400000, 0x0000000615400000| Untracked 
| 170|0x0000000615400000, 0x0000000615600000, 0x0000000615600000|100%| O|  |TAMS 0x0000000615600000, 0x0000000615600000| Untracked 
| 171|0x0000000615600000, 0x0000000615800000, 0x0000000615800000|100%| O|  |TAMS 0x0000000615800000, 0x0000000615800000| Untracked 
| 172|0x0000000615800000, 0x0000000615a00000, 0x0000000615a00000|100%| O|  |TAMS 0x0000000615a00000, 0x0000000615a00000| Untracked 
| 173|0x0000000615a00000, 0x0000000615c00000, 0x0000000615c00000|100%| O|  |TAMS 0x0000000615c00000, 0x0000000615c00000| Untracked 
| 174|0x0000000615c00000, 0x0000000615e00000, 0x0000000615e00000|100%|HS|  |TAMS 0x0000000615e00000, 0x0000000615e00000| Untracked 
| 175|0x0000000615e00000, 0x0000000616000000, 0x0000000616000000|100%|HC|  |TAMS 0x0000000616000000, 0x0000000616000000| Untracked 
| 176|0x0000000616000000, 0x0000000616200000, 0x0000000616200000|100%|HC|  |TAMS 0x0000000616200000, 0x0000000616200000| Untracked 
| 177|0x0000000616200000, 0x0000000616400000, 0x0000000616400000|100%|HC|  |TAMS 0x0000000616400000, 0x0000000616400000| Untracked 
| 178|0x0000000616400000, 0x0000000616600000, 0x0000000616600000|100%| O|  |TAMS 0x0000000616600000, 0x0000000616600000| Untracked 
| 179|0x0000000616600000, 0x0000000616800000, 0x0000000616800000|100%| O|  |TAMS 0x0000000616800000, 0x0000000616800000| Untracked 
| 180|0x0000000616800000, 0x0000000616a00000, 0x0000000616a00000|100%| O|  |TAMS 0x0000000616a00000, 0x0000000616a00000| Untracked 
| 181|0x0000000616a00000, 0x0000000616c00000, 0x0000000616c00000|100%| O|  |TAMS 0x0000000616c00000, 0x0000000616c00000| Untracked 
| 182|0x0000000616c00000, 0x0000000616e00000, 0x0000000616e00000|100%| O|  |TAMS 0x0000000616e00000, 0x0000000616e00000| Untracked 
| 183|0x0000000616e00000, 0x0000000617000000, 0x0000000617000000|100%| O|  |TAMS 0x0000000617000000, 0x0000000617000000| Untracked 
| 184|0x0000000617000000, 0x0000000617200000, 0x0000000617200000|100%| O|  |TAMS 0x0000000617200000, 0x0000000617200000| Untracked 
| 185|0x0000000617200000, 0x0000000617400000, 0x0000000617400000|100%| O|  |TAMS 0x0000000617400000, 0x0000000617400000| Untracked 
| 186|0x0000000617400000, 0x0000000617600000, 0x0000000617600000|100%| O|  |TAMS 0x0000000617600000, 0x0000000617600000| Untracked 
| 187|0x0000000617600000, 0x0000000617800000, 0x0000000617800000|100%| O|  |TAMS 0x0000000617800000, 0x0000000617800000| Untracked 
| 188|0x0000000617800000, 0x0000000617a00000, 0x0000000617a00000|100%| O|  |TAMS 0x0000000617a00000, 0x0000000617a00000| Untracked 
| 189|0x0000000617a00000, 0x0000000617c00000, 0x0000000617c00000|100%| O|  |TAMS 0x0000000617c00000, 0x0000000617c00000| Untracked 
| 190|0x0000000617c00000, 0x0000000617e00000, 0x0000000617e00000|100%| O|  |TAMS 0x0000000617e00000, 0x0000000617e00000| Untracked 
| 191|0x0000000617e00000, 0x0000000618000000, 0x0000000618000000|100%| O|  |TAMS 0x0000000618000000, 0x0000000618000000| Untracked 
| 192|0x0000000618000000, 0x0000000618200000, 0x0000000618200000|100%| O|  |TAMS 0x0000000618200000, 0x0000000618200000| Untracked 
| 193|0x0000000618200000, 0x0000000618400000, 0x0000000618400000|100%| O|  |TAMS 0x0000000618400000, 0x0000000618400000| Untracked 
| 194|0x0000000618400000, 0x0000000618600000, 0x0000000618600000|100%| O|  |TAMS 0x0000000618600000, 0x0000000618600000| Untracked 
| 195|0x0000000618600000, 0x0000000618800000, 0x0000000618800000|100%| O|  |TAMS 0x0000000618800000, 0x0000000618800000| Untracked 
| 196|0x0000000618800000, 0x0000000618a00000, 0x0000000618a00000|100%| O|  |TAMS 0x0000000618a00000, 0x0000000618a00000| Untracked 
| 197|0x0000000618a00000, 0x0000000618c00000, 0x0000000618c00000|100%| O|  |TAMS 0x0000000618c00000, 0x0000000618c00000| Untracked 
| 198|0x0000000618c00000, 0x0000000618e00000, 0x0000000618e00000|100%| O|  |TAMS 0x0000000618e00000, 0x0000000618e00000| Untracked 
| 199|0x0000000618e00000, 0x0000000619000000, 0x0000000619000000|100%| O|  |TAMS 0x0000000619000000, 0x0000000619000000| Untracked 
| 200|0x0000000619000000, 0x0000000619200000, 0x0000000619200000|100%| O|  |TAMS 0x0000000619200000, 0x0000000619200000| Untracked 
| 201|0x0000000619200000, 0x0000000619400000, 0x0000000619400000|100%| O|  |TAMS 0x0000000619400000, 0x0000000619400000| Untracked 
| 202|0x0000000619400000, 0x0000000619600000, 0x0000000619600000|100%| O|  |TAMS 0x0000000619600000, 0x0000000619600000| Untracked 
| 203|0x0000000619600000, 0x0000000619800000, 0x0000000619800000|100%| O|  |TAMS 0x0000000619800000, 0x0000000619800000| Untracked 
| 204|0x0000000619800000, 0x0000000619a00000, 0x0000000619a00000|100%|HS|  |TAMS 0x0000000619a00000, 0x0000000619a00000| Complete 
| 205|0x0000000619a00000, 0x0000000619c00000, 0x0000000619c00000|100%|HS|  |TAMS 0x0000000619c00000, 0x0000000619c00000| Complete 
| 206|0x0000000619c00000, 0x0000000619e00000, 0x0000000619e00000|100%| O|  |TAMS 0x0000000619e00000, 0x0000000619e00000| Untracked 
| 207|0x0000000619e00000, 0x000000061a000000, 0x000000061a000000|100%| O|  |TAMS 0x000000061a000000, 0x000000061a000000| Untracked 
| 208|0x000000061a000000, 0x000000061a200000, 0x000000061a200000|100%| O|  |TAMS 0x000000061a200000, 0x000000061a200000| Untracked 
| 209|0x000000061a200000, 0x000000061a400000, 0x000000061a400000|100%| O|  |TAMS 0x000000061a400000, 0x000000061a400000| Untracked 
| 210|0x000000061a400000, 0x000000061a600000, 0x000000061a600000|100%| O|  |TAMS 0x000000061a600000, 0x000000061a600000| Untracked 
| 211|0x000000061a600000, 0x000000061a800000, 0x000000061a800000|100%| O|  |TAMS 0x000000061a800000, 0x000000061a800000| Untracked 
| 212|0x000000061a800000, 0x000000061aa00000, 0x000000061aa00000|100%| O|  |TAMS 0x000000061aa00000, 0x000000061aa00000| Untracked 
| 213|0x000000061aa00000, 0x000000061ac00000, 0x000000061ac00000|100%| O|  |TAMS 0x000000061ac00000, 0x000000061ac00000| Untracked 
| 214|0x000000061ac00000, 0x000000061ae00000, 0x000000061ae00000|100%|HS|  |TAMS 0x000000061ae00000, 0x000000061ae00000| Complete 
| 215|0x000000061ae00000, 0x000000061b000000, 0x000000061b000000|100%| O|  |TAMS 0x000000061b000000, 0x000000061b000000| Untracked 
| 216|0x000000061b000000, 0x000000061b200000, 0x000000061b200000|100%| O|  |TAMS 0x000000061b200000, 0x000000061b200000| Untracked 
| 217|0x000000061b200000, 0x000000061b400000, 0x000000061b400000|100%| O|  |TAMS 0x000000061b400000, 0x000000061b400000| Untracked 
| 218|0x000000061b400000, 0x000000061b600000, 0x000000061b600000|100%| O|  |TAMS 0x000000061b600000, 0x000000061b600000| Untracked 
| 219|0x000000061b600000, 0x000000061b800000, 0x000000061b800000|100%|HS|  |TAMS 0x000000061b800000, 0x000000061b800000| Complete 
| 220|0x000000061b800000, 0x000000061ba00000, 0x000000061ba00000|100%|HS|  |TAMS 0x000000061ba00000, 0x000000061ba00000| Complete 
| 221|0x000000061ba00000, 0x000000061bc00000, 0x000000061bc00000|100%| O|  |TAMS 0x000000061bc00000, 0x000000061bc00000| Untracked 
| 222|0x000000061bc00000, 0x000000061be00000, 0x000000061be00000|100%| O|  |TAMS 0x000000061be00000, 0x000000061be00000| Untracked 
| 223|0x000000061be00000, 0x000000061c000000, 0x000000061c000000|100%| O|  |TAMS 0x000000061c000000, 0x000000061c000000| Untracked 
| 224|0x000000061c000000, 0x000000061c200000, 0x000000061c200000|100%| O|  |TAMS 0x000000061c200000, 0x000000061c200000| Untracked 
| 225|0x000000061c200000, 0x000000061c400000, 0x000000061c400000|100%| O|  |TAMS 0x000000061c400000, 0x000000061c400000| Untracked 
| 226|0x000000061c400000, 0x000000061c600000, 0x000000061c600000|100%| O|  |TAMS 0x000000061c600000, 0x000000061c600000| Untracked 
| 227|0x000000061c600000, 0x000000061c800000, 0x000000061c800000|100%| O|  |TAMS 0x000000061c800000, 0x000000061c800000| Untracked 
| 228|0x000000061c800000, 0x000000061ca00000, 0x000000061ca00000|100%| O|  |TAMS 0x000000061ca00000, 0x000000061ca00000| Untracked 
| 229|0x000000061ca00000, 0x000000061cc00000, 0x000000061cc00000|100%| O|  |TAMS 0x000000061cc00000, 0x000000061cc00000| Untracked 
| 230|0x000000061cc00000, 0x000000061ce00000, 0x000000061ce00000|100%| O|  |TAMS 0x000000061ce00000, 0x000000061ce00000| Untracked 
| 231|0x000000061ce00000, 0x000000061d000000, 0x000000061d000000|100%| O|  |TAMS 0x000000061d000000, 0x000000061d000000| Untracked 
| 232|0x000000061d000000, 0x000000061d200000, 0x000000061d200000|100%| O|  |TAMS 0x000000061d200000, 0x000000061d200000| Untracked 
| 233|0x000000061d200000, 0x000000061d400000, 0x000000061d400000|100%| O|  |TAMS 0x000000061d400000, 0x000000061d400000| Untracked 
| 234|0x000000061d400000, 0x000000061d600000, 0x000000061d600000|100%| O|  |TAMS 0x000000061d600000, 0x000000061d600000| Untracked 
| 235|0x000000061d600000, 0x000000061d800000, 0x000000061d800000|100%| O|  |TAMS 0x000000061d800000, 0x000000061d800000| Untracked 
| 236|0x000000061d800000, 0x000000061da00000, 0x000000061da00000|100%| O|  |TAMS 0x000000061da00000, 0x000000061da00000| Untracked 
| 237|0x000000061da00000, 0x000000061dc00000, 0x000000061dc00000|100%| O|  |TAMS 0x000000061dc00000, 0x000000061dc00000| Untracked 
| 238|0x000000061dc00000, 0x000000061de00000, 0x000000061de00000|100%| O|  |TAMS 0x000000061de00000, 0x000000061de00000| Untracked 
| 239|0x000000061de00000, 0x000000061e000000, 0x000000061e000000|100%| O|  |TAMS 0x000000061e000000, 0x000000061e000000| Untracked 
| 240|0x000000061e000000, 0x000000061e200000, 0x000000061e200000|100%| O|  |TAMS 0x000000061e200000, 0x000000061e200000| Untracked 
| 241|0x000000061e200000, 0x000000061e400000, 0x000000061e400000|100%| O|  |TAMS 0x000000061e400000, 0x000000061e400000| Untracked 
| 242|0x000000061e400000, 0x000000061e600000, 0x000000061e600000|100%| O|  |TAMS 0x000000061e600000, 0x000000061e600000| Untracked 
| 243|0x000000061e600000, 0x000000061e800000, 0x000000061e800000|100%| O|  |TAMS 0x000000061e800000, 0x000000061e800000| Untracked 
| 244|0x000000061e800000, 0x000000061ea00000, 0x000000061ea00000|100%| O|  |TAMS 0x000000061ea00000, 0x000000061ea00000| Untracked 
| 245|0x000000061ea00000, 0x000000061ec00000, 0x000000061ec00000|100%|HS|  |TAMS 0x000000061ec00000, 0x000000061ec00000| Untracked 
| 246|0x000000061ec00000, 0x000000061ee00000, 0x000000061ee00000|100%|HC|  |TAMS 0x000000061ee00000, 0x000000061ee00000| Untracked 
| 247|0x000000061ee00000, 0x000000061f000000, 0x000000061f000000|100%|HC|  |TAMS 0x000000061f000000, 0x000000061f000000| Untracked 
| 248|0x000000061f000000, 0x000000061f200000, 0x000000061f200000|100%|HC|  |TAMS 0x000000061f200000, 0x000000061f200000| Untracked 
| 249|0x000000061f200000, 0x000000061f400000, 0x000000061f400000|100%|HC|  |TAMS 0x000000061f400000, 0x000000061f400000| Untracked 
| 250|0x000000061f400000, 0x000000061f600000, 0x000000061f600000|100%|HS|  |TAMS 0x000000061f600000, 0x000000061f600000| Untracked 
| 251|0x000000061f600000, 0x000000061f800000, 0x000000061f800000|100%|HC|  |TAMS 0x000000061f800000, 0x000000061f800000| Untracked 
| 252|0x000000061f800000, 0x000000061fa00000, 0x000000061fa00000|100%|HC|  |TAMS 0x000000061fa00000, 0x000000061fa00000| Untracked 
| 253|0x000000061fa00000, 0x000000061fc00000, 0x000000061fc00000|100%|HC|  |TAMS 0x000000061fc00000, 0x000000061fc00000| Untracked 
| 254|0x000000061fc00000, 0x000000061fe00000, 0x000000061fe00000|100%|HC|  |TAMS 0x000000061fe00000, 0x000000061fe00000| Untracked 
| 255|0x000000061fe00000, 0x0000000620000000, 0x0000000620000000|100%|HS|  |TAMS 0x0000000620000000, 0x0000000620000000| Untracked 
| 256|0x0000000620000000, 0x0000000620200000, 0x0000000620200000|100%|HC|  |TAMS 0x0000000620200000, 0x0000000620200000| Untracked 
| 257|0x0000000620200000, 0x0000000620400000, 0x0000000620400000|100%|HC|  |TAMS 0x0000000620400000, 0x0000000620400000| Untracked 
| 258|0x0000000620400000, 0x0000000620600000, 0x0000000620600000|100%|HC|  |TAMS 0x0000000620600000, 0x0000000620600000| Untracked 
| 259|0x0000000620600000, 0x0000000620800000, 0x0000000620800000|100%|HC|  |TAMS 0x0000000620800000, 0x0000000620800000| Untracked 
| 260|0x0000000620800000, 0x0000000620a00000, 0x0000000620a00000|100%|HS|  |TAMS 0x0000000620a00000, 0x0000000620a00000| Untracked 
| 261|0x0000000620a00000, 0x0000000620c00000, 0x0000000620c00000|100%|HC|  |TAMS 0x0000000620c00000, 0x0000000620c00000| Untracked 
| 262|0x0000000620c00000, 0x0000000620e00000, 0x0000000620e00000|100%|HC|  |TAMS 0x0000000620e00000, 0x0000000620e00000| Untracked 
| 263|0x0000000620e00000, 0x0000000621000000, 0x0000000621000000|100%|HC|  |TAMS 0x0000000621000000, 0x0000000621000000| Untracked 
| 264|0x0000000621000000, 0x0000000621200000, 0x0000000621200000|100%|HC|  |TAMS 0x0000000621200000, 0x0000000621200000| Untracked 
| 265|0x0000000621200000, 0x0000000621400000, 0x0000000621400000|100%|HS|  |TAMS 0x0000000621400000, 0x0000000621400000| Untracked 
| 266|0x0000000621400000, 0x0000000621600000, 0x0000000621600000|100%|HC|  |TAMS 0x0000000621600000, 0x0000000621600000| Untracked 
| 267|0x0000000621600000, 0x0000000621800000, 0x0000000621800000|100%|HC|  |TAMS 0x0000000621800000, 0x0000000621800000| Untracked 
| 268|0x0000000621800000, 0x0000000621a00000, 0x0000000621a00000|100%|HC|  |TAMS 0x0000000621a00000, 0x0000000621a00000| Untracked 
| 269|0x0000000621a00000, 0x0000000621c00000, 0x0000000621c00000|100%|HC|  |TAMS 0x0000000621c00000, 0x0000000621c00000| Untracked 
| 270|0x0000000621c00000, 0x0000000621e00000, 0x0000000621e00000|100%|HS|  |TAMS 0x0000000621e00000, 0x0000000621e00000| Untracked 
| 271|0x0000000621e00000, 0x0000000622000000, 0x0000000622000000|100%|HC|  |TAMS 0x0000000622000000, 0x0000000622000000| Untracked 
| 272|0x0000000622000000, 0x0000000622200000, 0x0000000622200000|100%|HC|  |TAMS 0x0000000622200000, 0x0000000622200000| Untracked 
| 273|0x0000000622200000, 0x0000000622400000, 0x0000000622400000|100%|HC|  |TAMS 0x0000000622400000, 0x0000000622400000| Untracked 
| 274|0x0000000622400000, 0x0000000622600000, 0x0000000622600000|100%|HC|  |TAMS 0x0000000622600000, 0x0000000622600000| Untracked 
| 275|0x0000000622600000, 0x0000000622800000, 0x0000000622800000|100%|HS|  |TAMS 0x0000000622800000, 0x0000000622800000| Untracked 
| 276|0x0000000622800000, 0x0000000622a00000, 0x0000000622a00000|100%|HC|  |TAMS 0x0000000622a00000, 0x0000000622a00000| Untracked 
| 277|0x0000000622a00000, 0x0000000622c00000, 0x0000000622c00000|100%|HC|  |TAMS 0x0000000622c00000, 0x0000000622c00000| Untracked 
| 278|0x0000000622c00000, 0x0000000622e00000, 0x0000000622e00000|100%|HC|  |TAMS 0x0000000622e00000, 0x0000000622e00000| Untracked 
| 279|0x0000000622e00000, 0x0000000623000000, 0x0000000623000000|100%|HC|  |TAMS 0x0000000623000000, 0x0000000623000000| Untracked 
| 280|0x0000000623000000, 0x0000000623200000, 0x0000000623200000|100%|HS|  |TAMS 0x0000000623200000, 0x0000000623200000| Untracked 
| 281|0x0000000623200000, 0x0000000623400000, 0x0000000623400000|100%|HC|  |TAMS 0x0000000623400000, 0x0000000623400000| Untracked 
| 282|0x0000000623400000, 0x0000000623600000, 0x0000000623600000|100%|HC|  |TAMS 0x0000000623600000, 0x0000000623600000| Untracked 
| 283|0x0000000623600000, 0x0000000623800000, 0x0000000623800000|100%|HC|  |TAMS 0x0000000623800000, 0x0000000623800000| Untracked 
| 284|0x0000000623800000, 0x0000000623a00000, 0x0000000623a00000|100%|HC|  |TAMS 0x0000000623a00000, 0x0000000623a00000| Untracked 
| 285|0x0000000623a00000, 0x0000000623c00000, 0x0000000623c00000|100%|HS|  |TAMS 0x0000000623c00000, 0x0000000623c00000| Untracked 
| 286|0x0000000623c00000, 0x0000000623e00000, 0x0000000623e00000|100%|HC|  |TAMS 0x0000000623e00000, 0x0000000623e00000| Untracked 
| 287|0x0000000623e00000, 0x0000000624000000, 0x0000000624000000|100%|HC|  |TAMS 0x0000000624000000, 0x0000000624000000| Untracked 
| 288|0x0000000624000000, 0x0000000624200000, 0x0000000624200000|100%|HC|  |TAMS 0x0000000624200000, 0x0000000624200000| Untracked 
| 289|0x0000000624200000, 0x0000000624400000, 0x0000000624400000|100%|HC|  |TAMS 0x0000000624400000, 0x0000000624400000| Untracked 
| 290|0x0000000624400000, 0x0000000624600000, 0x0000000624600000|100%|HS|  |TAMS 0x0000000624600000, 0x0000000624600000| Untracked 
| 291|0x0000000624600000, 0x0000000624800000, 0x0000000624800000|100%|HC|  |TAMS 0x0000000624800000, 0x0000000624800000| Untracked 
| 292|0x0000000624800000, 0x0000000624a00000, 0x0000000624a00000|100%|HC|  |TAMS 0x0000000624a00000, 0x0000000624a00000| Untracked 
| 293|0x0000000624a00000, 0x0000000624c00000, 0x0000000624c00000|100%|HC|  |TAMS 0x0000000624c00000, 0x0000000624c00000| Untracked 
| 294|0x0000000624c00000, 0x0000000624e00000, 0x0000000624e00000|100%|HC|  |TAMS 0x0000000624e00000, 0x0000000624e00000| Untracked 
| 295|0x0000000624e00000, 0x0000000625000000, 0x0000000625000000|100%|HS|  |TAMS 0x0000000625000000, 0x0000000625000000| Untracked 
| 296|0x0000000625000000, 0x0000000625200000, 0x0000000625200000|100%|HC|  |TAMS 0x0000000625200000, 0x0000000625200000| Untracked 
| 297|0x0000000625200000, 0x0000000625400000, 0x0000000625400000|100%|HC|  |TAMS 0x0000000625400000, 0x0000000625400000| Untracked 
| 298|0x0000000625400000, 0x0000000625600000, 0x0000000625600000|100%|HC|  |TAMS 0x0000000625600000, 0x0000000625600000| Untracked 
| 299|0x0000000625600000, 0x0000000625800000, 0x0000000625800000|100%|HC|  |TAMS 0x0000000625800000, 0x0000000625800000| Untracked 
| 300|0x0000000625800000, 0x0000000625a00000, 0x0000000625a00000|100%|HS|  |TAMS 0x0000000625a00000, 0x0000000625a00000| Untracked 
| 301|0x0000000625a00000, 0x0000000625c00000, 0x0000000625c00000|100%|HC|  |TAMS 0x0000000625c00000, 0x0000000625c00000| Untracked 
| 302|0x0000000625c00000, 0x0000000625e00000, 0x0000000625e00000|100%|HC|  |TAMS 0x0000000625e00000, 0x0000000625e00000| Untracked 
| 303|0x0000000625e00000, 0x0000000626000000, 0x0000000626000000|100%|HC|  |TAMS 0x0000000626000000, 0x0000000626000000| Untracked 
| 304|0x0000000626000000, 0x0000000626200000, 0x0000000626200000|100%|HC|  |TAMS 0x0000000626200000, 0x0000000626200000| Untracked 
| 305|0x0000000626200000, 0x0000000626400000, 0x0000000626400000|100%|HS|  |TAMS 0x0000000626400000, 0x0000000626400000| Untracked 
| 306|0x0000000626400000, 0x0000000626600000, 0x0000000626600000|100%|HC|  |TAMS 0x0000000626600000, 0x0000000626600000| Untracked 
| 307|0x0000000626600000, 0x0000000626800000, 0x0000000626800000|100%|HC|  |TAMS 0x0000000626800000, 0x0000000626800000| Untracked 
| 308|0x0000000626800000, 0x0000000626a00000, 0x0000000626a00000|100%|HC|  |TAMS 0x0000000626a00000, 0x0000000626a00000| Untracked 
| 309|0x0000000626a00000, 0x0000000626c00000, 0x0000000626c00000|100%|HC|  |TAMS 0x0000000626c00000, 0x0000000626c00000| Untracked 
| 310|0x0000000626c00000, 0x0000000626e00000, 0x0000000626e00000|100%|HS|  |TAMS 0x0000000626e00000, 0x0000000626e00000| Untracked 
| 311|0x0000000626e00000, 0x0000000627000000, 0x0000000627000000|100%|HC|  |TAMS 0x0000000627000000, 0x0000000627000000| Untracked 
| 312|0x0000000627000000, 0x0000000627200000, 0x0000000627200000|100%|HC|  |TAMS 0x0000000627200000, 0x0000000627200000| Untracked 
| 313|0x0000000627200000, 0x0000000627400000, 0x0000000627400000|100%|HC|  |TAMS 0x0000000627400000, 0x0000000627400000| Untracked 
| 314|0x0000000627400000, 0x0000000627600000, 0x0000000627600000|100%|HC|  |TAMS 0x0000000627600000, 0x0000000627600000| Untracked 
| 315|0x0000000627600000, 0x0000000627800000, 0x0000000627800000|100%|HS|  |TAMS 0x0000000627800000, 0x0000000627800000| Untracked 
| 316|0x0000000627800000, 0x0000000627a00000, 0x0000000627a00000|100%|HC|  |TAMS 0x0000000627a00000, 0x0000000627a00000| Untracked 
| 317|0x0000000627a00000, 0x0000000627c00000, 0x0000000627c00000|100%|HC|  |TAMS 0x0000000627c00000, 0x0000000627c00000| Untracked 
| 318|0x0000000627c00000, 0x0000000627e00000, 0x0000000627e00000|100%|HC|  |TAMS 0x0000000627e00000, 0x0000000627e00000| Untracked 
| 319|0x0000000627e00000, 0x0000000628000000, 0x0000000628000000|100%|HC|  |TAMS 0x0000000628000000, 0x0000000628000000| Untracked 
| 320|0x0000000628000000, 0x0000000628200000, 0x0000000628200000|100%|HS|  |TAMS 0x0000000628200000, 0x0000000628200000| Complete 
| 321|0x0000000628200000, 0x0000000628400000, 0x0000000628400000|100%|HC|  |TAMS 0x0000000628400000, 0x0000000628400000| Complete 
| 322|0x0000000628400000, 0x0000000628600000, 0x0000000628600000|100%|HC|  |TAMS 0x0000000628600000, 0x0000000628600000| Complete 
| 323|0x0000000628600000, 0x0000000628800000, 0x0000000628800000|100%|HC|  |TAMS 0x0000000628800000, 0x0000000628800000| Complete 
| 324|0x0000000628800000, 0x0000000628a00000, 0x0000000628a00000|100%|HC|  |TAMS 0x0000000628a00000, 0x0000000628a00000| Complete 
| 325|0x0000000628a00000, 0x0000000628c00000, 0x0000000628c00000|100%|HS|  |TAMS 0x0000000628c00000, 0x0000000628c00000| Untracked 
| 326|0x0000000628c00000, 0x0000000628e00000, 0x0000000628e00000|100%|HC|  |TAMS 0x0000000628e00000, 0x0000000628e00000| Untracked 
| 327|0x0000000628e00000, 0x0000000629000000, 0x0000000629000000|100%|HC|  |TAMS 0x0000000629000000, 0x0000000629000000| Untracked 
| 328|0x0000000629000000, 0x0000000629200000, 0x0000000629200000|100%|HC|  |TAMS 0x0000000629200000, 0x0000000629200000| Untracked 
| 329|0x0000000629200000, 0x0000000629400000, 0x0000000629400000|100%|HC|  |TAMS 0x0000000629400000, 0x0000000629400000| Untracked 
| 330|0x0000000629400000, 0x0000000629600000, 0x0000000629600000|100%|HS|  |TAMS 0x0000000629600000, 0x0000000629600000| Complete 
| 331|0x0000000629600000, 0x0000000629800000, 0x0000000629800000|100%|HC|  |TAMS 0x0000000629800000, 0x0000000629800000| Complete 
| 332|0x0000000629800000, 0x0000000629a00000, 0x0000000629a00000|100%|HC|  |TAMS 0x0000000629a00000, 0x0000000629a00000| Complete 
| 333|0x0000000629a00000, 0x0000000629c00000, 0x0000000629c00000|100%|HC|  |TAMS 0x0000000629c00000, 0x0000000629c00000| Complete 
| 334|0x0000000629c00000, 0x0000000629e00000, 0x0000000629e00000|100%|HC|  |TAMS 0x0000000629e00000, 0x0000000629e00000| Complete 
| 335|0x0000000629e00000, 0x000000062a000000, 0x000000062a000000|100%|HS|  |TAMS 0x000000062a000000, 0x000000062a000000| Untracked 
| 336|0x000000062a000000, 0x000000062a200000, 0x000000062a200000|100%|HC|  |TAMS 0x000000062a200000, 0x000000062a200000| Untracked 
| 337|0x000000062a200000, 0x000000062a400000, 0x000000062a400000|100%|HC|  |TAMS 0x000000062a400000, 0x000000062a400000| Untracked 
| 338|0x000000062a400000, 0x000000062a600000, 0x000000062a600000|100%|HC|  |TAMS 0x000000062a600000, 0x000000062a600000| Untracked 
| 339|0x000000062a600000, 0x000000062a800000, 0x000000062a800000|100%|HC|  |TAMS 0x000000062a800000, 0x000000062a800000| Untracked 
| 340|0x000000062a800000, 0x000000062aa00000, 0x000000062aa00000|100%|HS|  |TAMS 0x000000062aa00000, 0x000000062aa00000| Complete 
| 341|0x000000062aa00000, 0x000000062ac00000, 0x000000062ac00000|100%|HC|  |TAMS 0x000000062ac00000, 0x000000062ac00000| Complete 
| 342|0x000000062ac00000, 0x000000062ae00000, 0x000000062ae00000|100%|HC|  |TAMS 0x000000062ae00000, 0x000000062ae00000| Complete 
| 343|0x000000062ae00000, 0x000000062b000000, 0x000000062b000000|100%|HC|  |TAMS 0x000000062b000000, 0x000000062b000000| Complete 
| 344|0x000000062b000000, 0x000000062b200000, 0x000000062b200000|100%|HC|  |TAMS 0x000000062b200000, 0x000000062b200000| Complete 
| 345|0x000000062b200000, 0x000000062b400000, 0x000000062b400000|100%|HS|  |TAMS 0x000000062b400000, 0x000000062b400000| Complete 
| 346|0x000000062b400000, 0x000000062b600000, 0x000000062b600000|100%|HC|  |TAMS 0x000000062b600000, 0x000000062b600000| Complete 
| 347|0x000000062b600000, 0x000000062b800000, 0x000000062b800000|100%|HC|  |TAMS 0x000000062b800000, 0x000000062b800000| Complete 
| 348|0x000000062b800000, 0x000000062ba00000, 0x000000062ba00000|100%|HC|  |TAMS 0x000000062ba00000, 0x000000062ba00000| Complete 
| 349|0x000000062ba00000, 0x000000062bc00000, 0x000000062bc00000|100%|HC|  |TAMS 0x000000062bc00000, 0x000000062bc00000| Complete 
| 350|0x000000062bc00000, 0x000000062be00000, 0x000000062be00000|100%|HS|  |TAMS 0x000000062be00000, 0x000000062be00000| Complete 
| 351|0x000000062be00000, 0x000000062c000000, 0x000000062c000000|100%|HC|  |TAMS 0x000000062c000000, 0x000000062c000000| Complete 
| 352|0x000000062c000000, 0x000000062c200000, 0x000000062c200000|100%|HC|  |TAMS 0x000000062c200000, 0x000000062c200000| Complete 
| 353|0x000000062c200000, 0x000000062c400000, 0x000000062c400000|100%|HC|  |TAMS 0x000000062c400000, 0x000000062c400000| Complete 
| 354|0x000000062c400000, 0x000000062c600000, 0x000000062c600000|100%|HC|  |TAMS 0x000000062c600000, 0x000000062c600000| Complete 
| 355|0x000000062c600000, 0x000000062c800000, 0x000000062c800000|100%|HS|  |TAMS 0x000000062c800000, 0x000000062c800000| Complete 
| 356|0x000000062c800000, 0x000000062ca00000, 0x000000062ca00000|100%|HC|  |TAMS 0x000000062ca00000, 0x000000062ca00000| Complete 
| 357|0x000000062ca00000, 0x000000062cc00000, 0x000000062cc00000|100%|HC|  |TAMS 0x000000062cc00000, 0x000000062cc00000| Complete 
| 358|0x000000062cc00000, 0x000000062ce00000, 0x000000062ce00000|100%|HC|  |TAMS 0x000000062ce00000, 0x000000062ce00000| Complete 
| 359|0x000000062ce00000, 0x000000062d000000, 0x000000062d000000|100%|HC|  |TAMS 0x000000062d000000, 0x000000062d000000| Complete 
| 360|0x000000062d000000, 0x000000062d200000, 0x000000062d200000|100%|HS|  |TAMS 0x000000062d200000, 0x000000062d200000| Complete 
| 361|0x000000062d200000, 0x000000062d400000, 0x000000062d400000|100%|HC|  |TAMS 0x000000062d400000, 0x000000062d400000| Complete 
| 362|0x000000062d400000, 0x000000062d600000, 0x000000062d600000|100%|HC|  |TAMS 0x000000062d600000, 0x000000062d600000| Complete 
| 363|0x000000062d600000, 0x000000062d800000, 0x000000062d800000|100%|HC|  |TAMS 0x000000062d800000, 0x000000062d800000| Complete 
| 364|0x000000062d800000, 0x000000062da00000, 0x000000062da00000|100%|HC|  |TAMS 0x000000062da00000, 0x000000062da00000| Complete 
| 365|0x000000062da00000, 0x000000062dc00000, 0x000000062dc00000|100%|HS|  |TAMS 0x000000062dc00000, 0x000000062dc00000| Complete 
| 366|0x000000062dc00000, 0x000000062de00000, 0x000000062de00000|100%|HC|  |TAMS 0x000000062de00000, 0x000000062de00000| Complete 
| 367|0x000000062de00000, 0x000000062e000000, 0x000000062e000000|100%|HC|  |TAMS 0x000000062e000000, 0x000000062e000000| Complete 
| 368|0x000000062e000000, 0x000000062e200000, 0x000000062e200000|100%|HC|  |TAMS 0x000000062e200000, 0x000000062e200000| Complete 
| 369|0x000000062e200000, 0x000000062e400000, 0x000000062e400000|100%|HC|  |TAMS 0x000000062e400000, 0x000000062e400000| Complete 
| 370|0x000000062e400000, 0x000000062e600000, 0x000000062e600000|100%|HS|  |TAMS 0x000000062e600000, 0x000000062e600000| Complete 
| 371|0x000000062e600000, 0x000000062e800000, 0x000000062e800000|100%|HC|  |TAMS 0x000000062e800000, 0x000000062e800000| Complete 
| 372|0x000000062e800000, 0x000000062ea00000, 0x000000062ea00000|100%|HC|  |TAMS 0x000000062ea00000, 0x000000062ea00000| Complete 
| 373|0x000000062ea00000, 0x000000062ec00000, 0x000000062ec00000|100%|HC|  |TAMS 0x000000062ec00000, 0x000000062ec00000| Complete 
| 374|0x000000062ec00000, 0x000000062ee00000, 0x000000062ee00000|100%|HS|  |TAMS 0x000000062ee00000, 0x000000062ee00000| Complete 
| 375|0x000000062ee00000, 0x000000062f000000, 0x000000062f000000|100%|HC|  |TAMS 0x000000062f000000, 0x000000062f000000| Complete 
| 376|0x000000062f000000, 0x000000062f200000, 0x000000062f200000|100%|HC|  |TAMS 0x000000062f200000, 0x000000062f200000| Complete 
| 377|0x000000062f200000, 0x000000062f400000, 0x000000062f400000|100%|HC|  |TAMS 0x000000062f400000, 0x000000062f400000| Complete 
| 378|0x000000062f400000, 0x000000062f600000, 0x000000062f600000|100%|HC|  |TAMS 0x000000062f600000, 0x000000062f600000| Complete 
| 379|0x000000062f600000, 0x000000062f800000, 0x000000062f800000|100%|HS|  |TAMS 0x000000062f800000, 0x000000062f800000| Complete 
| 380|0x000000062f800000, 0x000000062fa00000, 0x000000062fa00000|100%|HC|  |TAMS 0x000000062fa00000, 0x000000062fa00000| Complete 
| 381|0x000000062fa00000, 0x000000062fc00000, 0x000000062fc00000|100%|HC|  |TAMS 0x000000062fc00000, 0x000000062fc00000| Complete 
| 382|0x000000062fc00000, 0x000000062fe00000, 0x000000062fe00000|100%|HC|  |TAMS 0x000000062fe00000, 0x000000062fe00000| Complete 
| 383|0x000000062fe00000, 0x0000000630000000, 0x0000000630000000|100%|HC|  |TAMS 0x0000000630000000, 0x0000000630000000| Complete 
| 384|0x0000000630000000, 0x0000000630200000, 0x0000000630200000|100%|HS|  |TAMS 0x0000000630200000, 0x0000000630200000| Complete 
| 385|0x0000000630200000, 0x0000000630400000, 0x0000000630400000|100%|HC|  |TAMS 0x0000000630400000, 0x0000000630400000| Complete 
| 386|0x0000000630400000, 0x0000000630600000, 0x0000000630600000|100%|HC|  |TAMS 0x0000000630600000, 0x0000000630600000| Complete 
| 387|0x0000000630600000, 0x0000000630800000, 0x0000000630800000|100%|HC|  |TAMS 0x0000000630800000, 0x0000000630800000| Complete 
| 388|0x0000000630800000, 0x0000000630a00000, 0x0000000630a00000|100%|HC|  |TAMS 0x0000000630a00000, 0x0000000630a00000| Complete 
| 389|0x0000000630a00000, 0x0000000630c00000, 0x0000000630c00000|100%|HS|  |TAMS 0x0000000630c00000, 0x0000000630c00000| Complete 
| 390|0x0000000630c00000, 0x0000000630e00000, 0x0000000630e00000|100%|HC|  |TAMS 0x0000000630e00000, 0x0000000630e00000| Complete 
| 391|0x0000000630e00000, 0x0000000631000000, 0x0000000631000000|100%|HC|  |TAMS 0x0000000631000000, 0x0000000631000000| Complete 
| 392|0x0000000631000000, 0x0000000631200000, 0x0000000631200000|100%|HC|  |TAMS 0x0000000631200000, 0x0000000631200000| Complete 
| 393|0x0000000631200000, 0x0000000631400000, 0x0000000631400000|100%|HC|  |TAMS 0x0000000631400000, 0x0000000631400000| Complete 
| 394|0x0000000631400000, 0x0000000631600000, 0x0000000631600000|100%|HS|  |TAMS 0x0000000631600000, 0x0000000631600000| Complete 
| 395|0x0000000631600000, 0x0000000631800000, 0x0000000631800000|100%|HC|  |TAMS 0x0000000631800000, 0x0000000631800000| Complete 
| 396|0x0000000631800000, 0x0000000631a00000, 0x0000000631a00000|100%|HC|  |TAMS 0x0000000631a00000, 0x0000000631a00000| Complete 
| 397|0x0000000631a00000, 0x0000000631c00000, 0x0000000631c00000|100%|HC|  |TAMS 0x0000000631c00000, 0x0000000631c00000| Complete 
| 398|0x0000000631c00000, 0x0000000631e00000, 0x0000000631e00000|100%|HC|  |TAMS 0x0000000631e00000, 0x0000000631e00000| Complete 
| 399|0x0000000631e00000, 0x0000000632000000, 0x0000000632000000|100%|HS|  |TAMS 0x0000000632000000, 0x0000000632000000| Complete 
| 400|0x0000000632000000, 0x0000000632200000, 0x0000000632200000|100%|HC|  |TAMS 0x0000000632200000, 0x0000000632200000| Complete 
| 401|0x0000000632200000, 0x0000000632400000, 0x0000000632400000|100%|HC|  |TAMS 0x0000000632400000, 0x0000000632400000| Complete 
| 402|0x0000000632400000, 0x0000000632600000, 0x0000000632600000|100%|HC|  |TAMS 0x0000000632600000, 0x0000000632600000| Complete 
| 403|0x0000000632600000, 0x0000000632800000, 0x0000000632800000|100%|HC|  |TAMS 0x0000000632800000, 0x0000000632800000| Complete 
| 404|0x0000000632800000, 0x0000000632a00000, 0x0000000632a00000|100%|HS|  |TAMS 0x0000000632a00000, 0x0000000632a00000| Complete 
| 405|0x0000000632a00000, 0x0000000632c00000, 0x0000000632c00000|100%|HC|  |TAMS 0x0000000632c00000, 0x0000000632c00000| Complete 
| 406|0x0000000632c00000, 0x0000000632e00000, 0x0000000632e00000|100%|HC|  |TAMS 0x0000000632e00000, 0x0000000632e00000| Complete 
| 407|0x0000000632e00000, 0x0000000633000000, 0x0000000633000000|100%|HC|  |TAMS 0x0000000633000000, 0x0000000633000000| Complete 
| 408|0x0000000633000000, 0x0000000633200000, 0x0000000633200000|100%|HC|  |TAMS 0x0000000633200000, 0x0000000633200000| Complete 
| 409|0x0000000633200000, 0x0000000633400000, 0x0000000633400000|100%|HS|  |TAMS 0x0000000633400000, 0x0000000633400000| Complete 
| 410|0x0000000633400000, 0x0000000633600000, 0x0000000633600000|100%|HC|  |TAMS 0x0000000633600000, 0x0000000633600000| Complete 
| 411|0x0000000633600000, 0x0000000633800000, 0x0000000633800000|100%|HC|  |TAMS 0x0000000633800000, 0x0000000633800000| Complete 
| 412|0x0000000633800000, 0x0000000633a00000, 0x0000000633a00000|100%|HC|  |TAMS 0x0000000633a00000, 0x0000000633a00000| Complete 
| 413|0x0000000633a00000, 0x0000000633c00000, 0x0000000633c00000|100%|HC|  |TAMS 0x0000000633c00000, 0x0000000633c00000| Complete 
| 414|0x0000000633c00000, 0x0000000633e00000, 0x0000000633e00000|100%|HS|  |TAMS 0x0000000633e00000, 0x0000000633e00000| Complete 
| 415|0x0000000633e00000, 0x0000000634000000, 0x0000000634000000|100%|HC|  |TAMS 0x0000000634000000, 0x0000000634000000| Complete 
| 416|0x0000000634000000, 0x0000000634200000, 0x0000000634200000|100%|HC|  |TAMS 0x0000000634200000, 0x0000000634200000| Complete 
| 417|0x0000000634200000, 0x0000000634400000, 0x0000000634400000|100%|HC|  |TAMS 0x0000000634400000, 0x0000000634400000| Complete 
| 418|0x0000000634400000, 0x0000000634600000, 0x0000000634600000|100%|HC|  |TAMS 0x0000000634600000, 0x0000000634600000| Complete 
| 419|0x0000000634600000, 0x0000000634800000, 0x0000000634800000|100%|HS|  |TAMS 0x0000000634800000, 0x0000000634800000| Untracked 
| 420|0x0000000634800000, 0x0000000634a00000, 0x0000000634a00000|100%|HC|  |TAMS 0x0000000634a00000, 0x0000000634a00000| Untracked 
| 421|0x0000000634a00000, 0x0000000634c00000, 0x0000000634c00000|100%|HC|  |TAMS 0x0000000634c00000, 0x0000000634c00000| Untracked 
| 422|0x0000000634c00000, 0x0000000634e00000, 0x0000000634e00000|100%|HC|  |TAMS 0x0000000634e00000, 0x0000000634e00000| Untracked 
| 423|0x0000000634e00000, 0x0000000635000000, 0x0000000635000000|100%|HC|  |TAMS 0x0000000635000000, 0x0000000635000000| Untracked 
| 424|0x0000000635000000, 0x0000000635200000, 0x0000000635200000|100%|HS|  |TAMS 0x0000000635200000, 0x0000000635200000| Untracked 
| 425|0x0000000635200000, 0x0000000635400000, 0x0000000635400000|100%|HC|  |TAMS 0x0000000635400000, 0x0000000635400000| Untracked 
| 426|0x0000000635400000, 0x0000000635600000, 0x0000000635600000|100%|HC|  |TAMS 0x0000000635600000, 0x0000000635600000| Untracked 
| 427|0x0000000635600000, 0x0000000635800000, 0x0000000635800000|100%|HC|  |TAMS 0x0000000635800000, 0x0000000635800000| Untracked 
| 428|0x0000000635800000, 0x0000000635a00000, 0x0000000635a00000|100%|HC|  |TAMS 0x0000000635a00000, 0x0000000635a00000| Untracked 
| 429|0x0000000635a00000, 0x0000000635c00000, 0x0000000635c00000|100%|HS|  |TAMS 0x0000000635c00000, 0x0000000635c00000| Complete 
| 430|0x0000000635c00000, 0x0000000635e00000, 0x0000000635e00000|100%|HC|  |TAMS 0x0000000635e00000, 0x0000000635e00000| Complete 
| 431|0x0000000635e00000, 0x0000000636000000, 0x0000000636000000|100%|HC|  |TAMS 0x0000000636000000, 0x0000000636000000| Complete 
| 432|0x0000000636000000, 0x0000000636200000, 0x0000000636200000|100%|HC|  |TAMS 0x0000000636200000, 0x0000000636200000| Complete 
| 433|0x0000000636200000, 0x0000000636400000, 0x0000000636400000|100%|HC|  |TAMS 0x0000000636400000, 0x0000000636400000| Complete 
| 434|0x0000000636400000, 0x0000000636600000, 0x0000000636600000|100%|HS|  |TAMS 0x0000000636600000, 0x0000000636600000| Complete 
| 435|0x0000000636600000, 0x0000000636800000, 0x0000000636800000|100%|HC|  |TAMS 0x0000000636800000, 0x0000000636800000| Complete 
| 436|0x0000000636800000, 0x0000000636a00000, 0x0000000636a00000|100%|HC|  |TAMS 0x0000000636a00000, 0x0000000636a00000| Complete 
| 437|0x0000000636a00000, 0x0000000636c00000, 0x0000000636c00000|100%|HC|  |TAMS 0x0000000636c00000, 0x0000000636c00000| Complete 
| 438|0x0000000636c00000, 0x0000000636e00000, 0x0000000636e00000|100%|HC|  |TAMS 0x0000000636e00000, 0x0000000636e00000| Complete 
| 439|0x0000000636e00000, 0x0000000637000000, 0x0000000637000000|100%|HS|  |TAMS 0x0000000637000000, 0x0000000637000000| Complete 
| 440|0x0000000637000000, 0x0000000637200000, 0x0000000637200000|100%|HC|  |TAMS 0x0000000637200000, 0x0000000637200000| Complete 
| 441|0x0000000637200000, 0x0000000637400000, 0x0000000637400000|100%|HC|  |TAMS 0x0000000637400000, 0x0000000637400000| Complete 
| 442|0x0000000637400000, 0x0000000637600000, 0x0000000637600000|100%|HC|  |TAMS 0x0000000637600000, 0x0000000637600000| Complete 
| 443|0x0000000637600000, 0x0000000637800000, 0x0000000637800000|100%|HC|  |TAMS 0x0000000637800000, 0x0000000637800000| Complete 
| 444|0x0000000637800000, 0x0000000637a00000, 0x0000000637a00000|100%|HS|  |TAMS 0x0000000637a00000, 0x0000000637a00000| Complete 
| 445|0x0000000637a00000, 0x0000000637c00000, 0x0000000637c00000|100%|HC|  |TAMS 0x0000000637c00000, 0x0000000637c00000| Complete 
| 446|0x0000000637c00000, 0x0000000637e00000, 0x0000000637e00000|100%|HC|  |TAMS 0x0000000637e00000, 0x0000000637e00000| Complete 
| 447|0x0000000637e00000, 0x0000000638000000, 0x0000000638000000|100%|HC|  |TAMS 0x0000000638000000, 0x0000000638000000| Complete 
| 448|0x0000000638000000, 0x0000000638200000, 0x0000000638200000|100%|HC|  |TAMS 0x0000000638200000, 0x0000000638200000| Complete 
| 449|0x0000000638200000, 0x0000000638400000, 0x0000000638400000|100%|HS|  |TAMS 0x0000000638400000, 0x0000000638400000| Complete 
| 450|0x0000000638400000, 0x0000000638600000, 0x0000000638600000|100%|HC|  |TAMS 0x0000000638600000, 0x0000000638600000| Complete 
| 451|0x0000000638600000, 0x0000000638800000, 0x0000000638800000|100%|HC|  |TAMS 0x0000000638800000, 0x0000000638800000| Complete 
| 452|0x0000000638800000, 0x0000000638a00000, 0x0000000638a00000|100%|HC|  |TAMS 0x0000000638a00000, 0x0000000638a00000| Complete 
| 453|0x0000000638a00000, 0x0000000638c00000, 0x0000000638c00000|100%|HC|  |TAMS 0x0000000638c00000, 0x0000000638c00000| Complete 
| 454|0x0000000638c00000, 0x0000000638e00000, 0x0000000638e00000|100%|HS|  |TAMS 0x0000000638e00000, 0x0000000638e00000| Complete 
| 455|0x0000000638e00000, 0x0000000639000000, 0x0000000639000000|100%|HC|  |TAMS 0x0000000639000000, 0x0000000639000000| Complete 
| 456|0x0000000639000000, 0x0000000639200000, 0x0000000639200000|100%|HC|  |TAMS 0x0000000639200000, 0x0000000639200000| Complete 
| 457|0x0000000639200000, 0x0000000639400000, 0x0000000639400000|100%|HC|  |TAMS 0x0000000639400000, 0x0000000639400000| Complete 
| 458|0x0000000639400000, 0x0000000639600000, 0x0000000639600000|100%|HC|  |TAMS 0x0000000639600000, 0x0000000639600000| Complete 
| 459|0x0000000639600000, 0x0000000639800000, 0x0000000639800000|100%|HS|  |TAMS 0x0000000639800000, 0x0000000639800000| Complete 
| 460|0x0000000639800000, 0x0000000639a00000, 0x0000000639a00000|100%|HC|  |TAMS 0x0000000639a00000, 0x0000000639a00000| Complete 
| 461|0x0000000639a00000, 0x0000000639c00000, 0x0000000639c00000|100%|HC|  |TAMS 0x0000000639c00000, 0x0000000639c00000| Complete 
| 462|0x0000000639c00000, 0x0000000639e00000, 0x0000000639e00000|100%|HC|  |TAMS 0x0000000639e00000, 0x0000000639e00000| Complete 
| 463|0x0000000639e00000, 0x000000063a000000, 0x000000063a000000|100%|HC|  |TAMS 0x000000063a000000, 0x000000063a000000| Complete 
| 464|0x000000063a000000, 0x000000063a200000, 0x000000063a200000|100%|HS|  |TAMS 0x000000063a200000, 0x000000063a200000| Complete 
| 465|0x000000063a200000, 0x000000063a400000, 0x000000063a400000|100%|HC|  |TAMS 0x000000063a400000, 0x000000063a400000| Complete 
| 466|0x000000063a400000, 0x000000063a600000, 0x000000063a600000|100%|HC|  |TAMS 0x000000063a600000, 0x000000063a600000| Complete 
| 467|0x000000063a600000, 0x000000063a800000, 0x000000063a800000|100%|HC|  |TAMS 0x000000063a800000, 0x000000063a800000| Complete 
| 468|0x000000063a800000, 0x000000063aa00000, 0x000000063aa00000|100%|HC|  |TAMS 0x000000063aa00000, 0x000000063aa00000| Complete 
| 469|0x000000063aa00000, 0x000000063ac00000, 0x000000063ac00000|100%|HS|  |TAMS 0x000000063ac00000, 0x000000063ac00000| Complete 
| 470|0x000000063ac00000, 0x000000063ae00000, 0x000000063ae00000|100%|HC|  |TAMS 0x000000063ae00000, 0x000000063ae00000| Complete 
| 471|0x000000063ae00000, 0x000000063b000000, 0x000000063b000000|100%|HC|  |TAMS 0x000000063b000000, 0x000000063b000000| Complete 
| 472|0x000000063b000000, 0x000000063b200000, 0x000000063b200000|100%|HC|  |TAMS 0x000000063b200000, 0x000000063b200000| Complete 
| 473|0x000000063b200000, 0x000000063b400000, 0x000000063b400000|100%|HC|  |TAMS 0x000000063b400000, 0x000000063b400000| Complete 
| 474|0x000000063b400000, 0x000000063b600000, 0x000000063b600000|100%|HS|  |TAMS 0x000000063b600000, 0x000000063b600000| Complete 
| 475|0x000000063b600000, 0x000000063b800000, 0x000000063b800000|100%|HC|  |TAMS 0x000000063b800000, 0x000000063b800000| Complete 
| 476|0x000000063b800000, 0x000000063ba00000, 0x000000063ba00000|100%|HC|  |TAMS 0x000000063ba00000, 0x000000063ba00000| Complete 
| 477|0x000000063ba00000, 0x000000063bc00000, 0x000000063bc00000|100%|HC|  |TAMS 0x000000063bc00000, 0x000000063bc00000| Complete 
| 478|0x000000063bc00000, 0x000000063be00000, 0x000000063be00000|100%|HC|  |TAMS 0x000000063be00000, 0x000000063be00000| Complete 
| 479|0x000000063be00000, 0x000000063c000000, 0x000000063c000000|100%|HS|  |TAMS 0x000000063c000000, 0x000000063c000000| Complete 
| 480|0x000000063c000000, 0x000000063c200000, 0x000000063c200000|100%|HC|  |TAMS 0x000000063c200000, 0x000000063c200000| Complete 
| 481|0x000000063c200000, 0x000000063c400000, 0x000000063c400000|100%|HC|  |TAMS 0x000000063c400000, 0x000000063c400000| Complete 
| 482|0x000000063c400000, 0x000000063c600000, 0x000000063c600000|100%|HC|  |TAMS 0x000000063c600000, 0x000000063c600000| Complete 
| 483|0x000000063c600000, 0x000000063c800000, 0x000000063c800000|100%|HC|  |TAMS 0x000000063c800000, 0x000000063c800000| Complete 
| 484|0x000000063c800000, 0x000000063ca00000, 0x000000063ca00000|100%|HS|  |TAMS 0x000000063ca00000, 0x000000063ca00000| Complete 
| 485|0x000000063ca00000, 0x000000063cc00000, 0x000000063cc00000|100%|HC|  |TAMS 0x000000063cc00000, 0x000000063cc00000| Complete 
| 486|0x000000063cc00000, 0x000000063ce00000, 0x000000063ce00000|100%|HC|  |TAMS 0x000000063ce00000, 0x000000063ce00000| Complete 
| 487|0x000000063ce00000, 0x000000063d000000, 0x000000063d000000|100%|HC|  |TAMS 0x000000063d000000, 0x000000063d000000| Complete 
| 488|0x000000063d000000, 0x000000063d200000, 0x000000063d200000|100%|HC|  |TAMS 0x000000063d200000, 0x000000063d200000| Complete 
| 489|0x000000063d200000, 0x000000063d400000, 0x000000063d400000|100%|HS|  |TAMS 0x000000063d400000, 0x000000063d400000| Untracked 
| 490|0x000000063d400000, 0x000000063d600000, 0x000000063d600000|100%|HC|  |TAMS 0x000000063d600000, 0x000000063d600000| Untracked 
| 491|0x000000063d600000, 0x000000063d800000, 0x000000063d800000|100%|HC|  |TAMS 0x000000063d800000, 0x000000063d800000| Untracked 
| 492|0x000000063d800000, 0x000000063da00000, 0x000000063da00000|100%|HC|  |TAMS 0x000000063da00000, 0x000000063da00000| Untracked 
| 493|0x000000063da00000, 0x000000063dc00000, 0x000000063dc00000|100%|HC|  |TAMS 0x000000063dc00000, 0x000000063dc00000| Untracked 
| 494|0x000000063dc00000, 0x000000063de00000, 0x000000063de00000|100%|HS|  |TAMS 0x000000063de00000, 0x000000063de00000| Untracked 
| 495|0x000000063de00000, 0x000000063e000000, 0x000000063e000000|100%|HC|  |TAMS 0x000000063e000000, 0x000000063e000000| Untracked 
| 496|0x000000063e000000, 0x000000063e200000, 0x000000063e200000|100%|HC|  |TAMS 0x000000063e200000, 0x000000063e200000| Untracked 
| 497|0x000000063e200000, 0x000000063e400000, 0x000000063e400000|100%|HC|  |TAMS 0x000000063e400000, 0x000000063e400000| Untracked 
| 498|0x000000063e400000, 0x000000063e600000, 0x000000063e600000|100%|HC|  |TAMS 0x000000063e600000, 0x000000063e600000| Untracked 
| 499|0x000000063e600000, 0x000000063e800000, 0x000000063e800000|100%|HS|  |TAMS 0x000000063e800000, 0x000000063e800000| Untracked 
| 500|0x000000063e800000, 0x000000063ea00000, 0x000000063ea00000|100%|HC|  |TAMS 0x000000063ea00000, 0x000000063ea00000| Untracked 
| 501|0x000000063ea00000, 0x000000063ec00000, 0x000000063ec00000|100%|HC|  |TAMS 0x000000063ec00000, 0x000000063ec00000| Untracked 
| 502|0x000000063ec00000, 0x000000063ee00000, 0x000000063ee00000|100%|HC|  |TAMS 0x000000063ee00000, 0x000000063ee00000| Untracked 
| 503|0x000000063ee00000, 0x000000063f000000, 0x000000063f000000|100%|HC|  |TAMS 0x000000063f000000, 0x000000063f000000| Untracked 
| 504|0x000000063f000000, 0x000000063f200000, 0x000000063f200000|100%|HS|  |TAMS 0x000000063f200000, 0x000000063f200000| Untracked 
| 505|0x000000063f200000, 0x000000063f400000, 0x000000063f400000|100%|HC|  |TAMS 0x000000063f400000, 0x000000063f400000| Untracked 
| 506|0x000000063f400000, 0x000000063f600000, 0x000000063f600000|100%|HC|  |TAMS 0x000000063f600000, 0x000000063f600000| Untracked 
| 507|0x000000063f600000, 0x000000063f800000, 0x000000063f800000|100%|HC|  |TAMS 0x000000063f800000, 0x000000063f800000| Untracked 
| 508|0x000000063f800000, 0x000000063fa00000, 0x000000063fa00000|100%|HC|  |TAMS 0x000000063fa00000, 0x000000063fa00000| Untracked 
| 509|0x000000063fa00000, 0x000000063fc00000, 0x000000063fc00000|100%|HS|  |TAMS 0x000000063fc00000, 0x000000063fc00000| Untracked 
| 510|0x000000063fc00000, 0x000000063fe00000, 0x000000063fe00000|100%|HC|  |TAMS 0x000000063fe00000, 0x000000063fe00000| Untracked 
| 511|0x000000063fe00000, 0x0000000640000000, 0x0000000640000000|100%|HC|  |TAMS 0x0000000640000000, 0x0000000640000000| Untracked 
| 512|0x0000000640000000, 0x0000000640200000, 0x0000000640200000|100%|HC|  |TAMS 0x0000000640200000, 0x0000000640200000| Untracked 
| 513|0x0000000640200000, 0x0000000640400000, 0x0000000640400000|100%|HC|  |TAMS 0x0000000640400000, 0x0000000640400000| Untracked 
| 514|0x0000000640400000, 0x0000000640600000, 0x0000000640600000|100%|HS|  |TAMS 0x0000000640600000, 0x0000000640600000| Untracked 
| 515|0x0000000640600000, 0x0000000640800000, 0x0000000640800000|100%|HC|  |TAMS 0x0000000640800000, 0x0000000640800000| Untracked 
| 516|0x0000000640800000, 0x0000000640a00000, 0x0000000640a00000|100%|HC|  |TAMS 0x0000000640a00000, 0x0000000640a00000| Untracked 
| 517|0x0000000640a00000, 0x0000000640c00000, 0x0000000640c00000|100%|HC|  |TAMS 0x0000000640c00000, 0x0000000640c00000| Untracked 
| 518|0x0000000640c00000, 0x0000000640e00000, 0x0000000640e00000|100%|HC|  |TAMS 0x0000000640e00000, 0x0000000640e00000| Untracked 
| 519|0x0000000640e00000, 0x0000000641000000, 0x0000000641000000|100%|HS|  |TAMS 0x0000000641000000, 0x0000000641000000| Complete 
| 520|0x0000000641000000, 0x0000000641200000, 0x0000000641200000|100%|HC|  |TAMS 0x0000000641200000, 0x0000000641200000| Complete 
| 521|0x0000000641200000, 0x0000000641400000, 0x0000000641400000|100%|HC|  |TAMS 0x0000000641400000, 0x0000000641400000| Complete 
| 522|0x0000000641400000, 0x0000000641600000, 0x0000000641600000|100%|HC|  |TAMS 0x0000000641600000, 0x0000000641600000| Complete 
| 523|0x0000000641600000, 0x0000000641800000, 0x0000000641800000|100%|HC|  |TAMS 0x0000000641800000, 0x0000000641800000| Complete 
| 524|0x0000000641800000, 0x0000000641a00000, 0x0000000641a00000|100%|HS|  |TAMS 0x0000000641a00000, 0x0000000641a00000| Complete 
| 525|0x0000000641a00000, 0x0000000641c00000, 0x0000000641c00000|100%|HC|  |TAMS 0x0000000641c00000, 0x0000000641c00000| Complete 
| 526|0x0000000641c00000, 0x0000000641e00000, 0x0000000641e00000|100%|HC|  |TAMS 0x0000000641e00000, 0x0000000641e00000| Complete 
| 527|0x0000000641e00000, 0x0000000642000000, 0x0000000642000000|100%|HC|  |TAMS 0x0000000642000000, 0x0000000642000000| Complete 
| 528|0x0000000642000000, 0x0000000642200000, 0x0000000642200000|100%|HC|  |TAMS 0x0000000642200000, 0x0000000642200000| Complete 
| 529|0x0000000642200000, 0x0000000642400000, 0x0000000642400000|100%|HS|  |TAMS 0x0000000642400000, 0x0000000642400000| Complete 
| 530|0x0000000642400000, 0x0000000642600000, 0x0000000642600000|100%|HC|  |TAMS 0x0000000642600000, 0x0000000642600000| Complete 
| 531|0x0000000642600000, 0x0000000642800000, 0x0000000642800000|100%|HC|  |TAMS 0x0000000642800000, 0x0000000642800000| Complete 
| 532|0x0000000642800000, 0x0000000642a00000, 0x0000000642a00000|100%|HC|  |TAMS 0x0000000642a00000, 0x0000000642a00000| Complete 
| 533|0x0000000642a00000, 0x0000000642c00000, 0x0000000642c00000|100%|HC|  |TAMS 0x0000000642c00000, 0x0000000642c00000| Complete 
| 534|0x0000000642c00000, 0x0000000642e00000, 0x0000000642e00000|100%|HS|  |TAMS 0x0000000642e00000, 0x0000000642e00000| Complete 
| 535|0x0000000642e00000, 0x0000000643000000, 0x0000000643000000|100%|HC|  |TAMS 0x0000000643000000, 0x0000000643000000| Complete 
| 536|0x0000000643000000, 0x0000000643200000, 0x0000000643200000|100%|HC|  |TAMS 0x0000000643200000, 0x0000000643200000| Complete 
| 537|0x0000000643200000, 0x0000000643400000, 0x0000000643400000|100%|HC|  |TAMS 0x0000000643400000, 0x0000000643400000| Complete 
| 538|0x0000000643400000, 0x0000000643600000, 0x0000000643600000|100%|HC|  |TAMS 0x0000000643600000, 0x0000000643600000| Complete 
| 539|0x0000000643600000, 0x0000000643800000, 0x0000000643800000|100%|HS|  |TAMS 0x0000000643600000, 0x0000000643800000| Complete 
| 540|0x0000000643800000, 0x0000000643a00000, 0x0000000643a00000|100%|HS|  |TAMS 0x0000000643800000, 0x0000000643a00000| Complete 
| 541|0x0000000643a00000, 0x0000000643c00000, 0x0000000643c00000|100%|HC|  |TAMS 0x0000000643a00000, 0x0000000643c00000| Complete 
| 542|0x0000000643c00000, 0x0000000643e00000, 0x0000000643e00000|100%|HC|  |TAMS 0x0000000643c00000, 0x0000000643e00000| Complete 
| 543|0x0000000643e00000, 0x0000000644000000, 0x0000000644000000|100%|HC|  |TAMS 0x0000000643e00000, 0x0000000644000000| Complete 
| 544|0x0000000644000000, 0x0000000644200000, 0x0000000644200000|100%|HC|  |TAMS 0x0000000644000000, 0x0000000644200000| Complete 
| 545|0x0000000644200000, 0x0000000644400000, 0x0000000644400000|100%|HS|  |TAMS 0x0000000644200000, 0x0000000644400000| Complete 
| 546|0x0000000644400000, 0x0000000644600000, 0x0000000644600000|100%|HC|  |TAMS 0x0000000644400000, 0x0000000644600000| Complete 
| 547|0x0000000644600000, 0x0000000644800000, 0x0000000644800000|100%|HC|  |TAMS 0x0000000644600000, 0x0000000644800000| Complete 
| 548|0x0000000644800000, 0x0000000644a00000, 0x0000000644a00000|100%|HC|  |TAMS 0x0000000644800000, 0x0000000644a00000| Complete 
| 549|0x0000000644a00000, 0x0000000644c00000, 0x0000000644c00000|100%|HC|  |TAMS 0x0000000644a00000, 0x0000000644c00000| Complete 
| 550|0x0000000644c00000, 0x0000000644e00000, 0x0000000644e00000|100%|HS|  |TAMS 0x0000000644c00000, 0x0000000644e00000| Complete 
| 551|0x0000000644e00000, 0x0000000645000000, 0x0000000645000000|100%|HC|  |TAMS 0x0000000644e00000, 0x0000000645000000| Complete 
| 552|0x0000000645000000, 0x0000000645200000, 0x0000000645200000|100%|HS|  |TAMS 0x0000000645000000, 0x0000000645200000| Complete 
| 553|0x0000000645200000, 0x0000000645400000, 0x0000000645400000|100%|HS|  |TAMS 0x0000000645400000, 0x0000000645400000| Untracked 
| 554|0x0000000645400000, 0x0000000645600000, 0x0000000645600000|100%|HC|  |TAMS 0x0000000645600000, 0x0000000645600000| Untracked 
| 555|0x0000000645600000, 0x0000000645800000, 0x0000000645800000|100%|HC|  |TAMS 0x0000000645800000, 0x0000000645800000| Untracked 
| 556|0x0000000645800000, 0x0000000645a00000, 0x0000000645a00000|100%|HC|  |TAMS 0x0000000645a00000, 0x0000000645a00000| Untracked 
| 557|0x0000000645a00000, 0x0000000645c00000, 0x0000000645c00000|100%|HC|  |TAMS 0x0000000645c00000, 0x0000000645c00000| Untracked 
| 558|0x0000000645c00000, 0x0000000645e00000, 0x0000000645e00000|100%|HS|  |TAMS 0x0000000645e00000, 0x0000000645e00000| Untracked 
| 559|0x0000000645e00000, 0x0000000646000000, 0x0000000646000000|100%|HC|  |TAMS 0x0000000646000000, 0x0000000646000000| Untracked 
| 560|0x0000000646000000, 0x0000000646200000, 0x0000000646200000|100%|HC|  |TAMS 0x0000000646200000, 0x0000000646200000| Untracked 
| 561|0x0000000646200000, 0x0000000646400000, 0x0000000646400000|100%|HC|  |TAMS 0x0000000646400000, 0x0000000646400000| Untracked 
| 562|0x0000000646400000, 0x0000000646600000, 0x0000000646600000|100%|HC|  |TAMS 0x0000000646600000, 0x0000000646600000| Untracked 
| 563|0x0000000646600000, 0x0000000646800000, 0x0000000646800000|100%|HS|  |TAMS 0x0000000646800000, 0x0000000646800000| Untracked 
| 564|0x0000000646800000, 0x0000000646a00000, 0x0000000646a00000|100%|HC|  |TAMS 0x0000000646a00000, 0x0000000646a00000| Untracked 
| 565|0x0000000646a00000, 0x0000000646c00000, 0x0000000646c00000|100%|HC|  |TAMS 0x0000000646c00000, 0x0000000646c00000| Untracked 
| 566|0x0000000646c00000, 0x0000000646e00000, 0x0000000646e00000|100%|HC|  |TAMS 0x0000000646e00000, 0x0000000646e00000| Untracked 
| 567|0x0000000646e00000, 0x0000000647000000, 0x0000000647000000|100%|HC|  |TAMS 0x0000000647000000, 0x0000000647000000| Untracked 
| 568|0x0000000647000000, 0x0000000647200000, 0x0000000647200000|100%|HS|  |TAMS 0x0000000647200000, 0x0000000647200000| Untracked 
| 569|0x0000000647200000, 0x0000000647400000, 0x0000000647400000|100%|HC|  |TAMS 0x0000000647400000, 0x0000000647400000| Untracked 
| 570|0x0000000647400000, 0x0000000647600000, 0x0000000647600000|100%|HC|  |TAMS 0x0000000647600000, 0x0000000647600000| Untracked 
| 571|0x0000000647600000, 0x0000000647800000, 0x0000000647800000|100%|HC|  |TAMS 0x0000000647800000, 0x0000000647800000| Untracked 
| 572|0x0000000647800000, 0x0000000647a00000, 0x0000000647a00000|100%|HC|  |TAMS 0x0000000647a00000, 0x0000000647a00000| Untracked 
| 573|0x0000000647a00000, 0x0000000647c00000, 0x0000000647c00000|100%|HS|  |TAMS 0x0000000647c00000, 0x0000000647c00000| Untracked 
| 574|0x0000000647c00000, 0x0000000647e00000, 0x0000000647e00000|100%|HC|  |TAMS 0x0000000647e00000, 0x0000000647e00000| Untracked 
| 575|0x0000000647e00000, 0x0000000648000000, 0x0000000648000000|100%|HC|  |TAMS 0x0000000648000000, 0x0000000648000000| Untracked 
| 576|0x0000000648000000, 0x0000000648200000, 0x0000000648200000|100%|HC|  |TAMS 0x0000000648200000, 0x0000000648200000| Untracked 
| 577|0x0000000648200000, 0x0000000648400000, 0x0000000648400000|100%|HC|  |TAMS 0x0000000648400000, 0x0000000648400000| Untracked 
| 578|0x0000000648400000, 0x0000000648600000, 0x0000000648600000|100%|HS|  |TAMS 0x0000000648600000, 0x0000000648600000| Untracked 
| 579|0x0000000648600000, 0x0000000648800000, 0x0000000648800000|100%|HC|  |TAMS 0x0000000648800000, 0x0000000648800000| Untracked 
| 580|0x0000000648800000, 0x0000000648a00000, 0x0000000648a00000|100%|HC|  |TAMS 0x0000000648a00000, 0x0000000648a00000| Untracked 
| 581|0x0000000648a00000, 0x0000000648c00000, 0x0000000648c00000|100%|HC|  |TAMS 0x0000000648c00000, 0x0000000648c00000| Untracked 
| 582|0x0000000648c00000, 0x0000000648e00000, 0x0000000648e00000|100%|HC|  |TAMS 0x0000000648e00000, 0x0000000648e00000| Untracked 
| 583|0x0000000648e00000, 0x0000000649000000, 0x0000000649000000|100%|HS|  |TAMS 0x0000000649000000, 0x0000000649000000| Untracked 
| 584|0x0000000649000000, 0x0000000649200000, 0x0000000649200000|100%|HC|  |TAMS 0x0000000649200000, 0x0000000649200000| Untracked 
| 585|0x0000000649200000, 0x0000000649400000, 0x0000000649400000|100%|HC|  |TAMS 0x0000000649400000, 0x0000000649400000| Untracked 
| 586|0x0000000649400000, 0x0000000649600000, 0x0000000649600000|100%|HC|  |TAMS 0x0000000649600000, 0x0000000649600000| Untracked 
| 587|0x0000000649600000, 0x0000000649800000, 0x0000000649800000|100%|HC|  |TAMS 0x0000000649800000, 0x0000000649800000| Untracked 
| 588|0x0000000649800000, 0x0000000649a00000, 0x0000000649a00000|100%|HS|  |TAMS 0x0000000649a00000, 0x0000000649a00000| Complete 
| 589|0x0000000649a00000, 0x0000000649c00000, 0x0000000649c00000|100%|HC|  |TAMS 0x0000000649c00000, 0x0000000649c00000| Complete 
| 590|0x0000000649c00000, 0x0000000649e00000, 0x0000000649e00000|100%|HC|  |TAMS 0x0000000649e00000, 0x0000000649e00000| Complete 
| 591|0x0000000649e00000, 0x000000064a000000, 0x000000064a000000|100%|HC|  |TAMS 0x000000064a000000, 0x000000064a000000| Complete 
| 592|0x000000064a000000, 0x000000064a200000, 0x000000064a200000|100%|HC|  |TAMS 0x000000064a200000, 0x000000064a200000| Complete 
| 593|0x000000064a200000, 0x000000064a400000, 0x000000064a400000|100%|HS|  |TAMS 0x000000064a400000, 0x000000064a400000| Complete 
| 594|0x000000064a400000, 0x000000064a600000, 0x000000064a600000|100%|HC|  |TAMS 0x000000064a600000, 0x000000064a600000| Complete 
| 595|0x000000064a600000, 0x000000064a800000, 0x000000064a800000|100%|HC|  |TAMS 0x000000064a800000, 0x000000064a800000| Complete 
| 596|0x000000064a800000, 0x000000064aa00000, 0x000000064aa00000|100%|HC|  |TAMS 0x000000064aa00000, 0x000000064aa00000| Complete 
| 597|0x000000064aa00000, 0x000000064ac00000, 0x000000064ac00000|100%|HC|  |TAMS 0x000000064ac00000, 0x000000064ac00000| Complete 
| 598|0x000000064ac00000, 0x000000064ae00000, 0x000000064ae00000|100%|HS|  |TAMS 0x000000064ae00000, 0x000000064ae00000| Complete 
| 599|0x000000064ae00000, 0x000000064b000000, 0x000000064b000000|100%|HC|  |TAMS 0x000000064b000000, 0x000000064b000000| Complete 
| 600|0x000000064b000000, 0x000000064b200000, 0x000000064b200000|100%|HC|  |TAMS 0x000000064b200000, 0x000000064b200000| Complete 
| 601|0x000000064b200000, 0x000000064b400000, 0x000000064b400000|100%|HC|  |TAMS 0x000000064b400000, 0x000000064b400000| Complete 
| 602|0x000000064b400000, 0x000000064b600000, 0x000000064b600000|100%|HC|  |TAMS 0x000000064b600000, 0x000000064b600000| Complete 
| 603|0x000000064b600000, 0x000000064b800000, 0x000000064b800000|100%|HS|  |TAMS 0x000000064b800000, 0x000000064b800000| Complete 
| 604|0x000000064b800000, 0x000000064ba00000, 0x000000064ba00000|100%|HC|  |TAMS 0x000000064ba00000, 0x000000064ba00000| Complete 
| 605|0x000000064ba00000, 0x000000064bc00000, 0x000000064bc00000|100%|HC|  |TAMS 0x000000064bc00000, 0x000000064bc00000| Complete 
| 606|0x000000064bc00000, 0x000000064be00000, 0x000000064be00000|100%|HC|  |TAMS 0x000000064be00000, 0x000000064be00000| Complete 
| 607|0x000000064be00000, 0x000000064c000000, 0x000000064c000000|100%|HC|  |TAMS 0x000000064c000000, 0x000000064c000000| Complete 
| 608|0x000000064c000000, 0x000000064c200000, 0x000000064c200000|100%|HS|  |TAMS 0x000000064c200000, 0x000000064c200000| Complete 
| 609|0x000000064c200000, 0x000000064c400000, 0x000000064c400000|100%|HC|  |TAMS 0x000000064c400000, 0x000000064c400000| Complete 
| 610|0x000000064c400000, 0x000000064c600000, 0x000000064c600000|100%|HC|  |TAMS 0x000000064c600000, 0x000000064c600000| Complete 
| 611|0x000000064c600000, 0x000000064c800000, 0x000000064c800000|100%|HC|  |TAMS 0x000000064c800000, 0x000000064c800000| Complete 
| 612|0x000000064c800000, 0x000000064ca00000, 0x000000064ca00000|100%|HC|  |TAMS 0x000000064ca00000, 0x000000064ca00000| Complete 
| 613|0x000000064ca00000, 0x000000064cc00000, 0x000000064cc00000|100%|HS|  |TAMS 0x000000064cc00000, 0x000000064cc00000| Complete 
| 614|0x000000064cc00000, 0x000000064ce00000, 0x000000064ce00000|100%|HC|  |TAMS 0x000000064ce00000, 0x000000064ce00000| Complete 
| 615|0x000000064ce00000, 0x000000064d000000, 0x000000064d000000|100%|HC|  |TAMS 0x000000064d000000, 0x000000064d000000| Complete 
| 616|0x000000064d000000, 0x000000064d200000, 0x000000064d200000|100%|HC|  |TAMS 0x000000064d200000, 0x000000064d200000| Complete 
| 617|0x000000064d200000, 0x000000064d400000, 0x000000064d400000|100%|HC|  |TAMS 0x000000064d400000, 0x000000064d400000| Complete 
| 618|0x000000064d400000, 0x000000064d600000, 0x000000064d600000|100%|HS|  |TAMS 0x000000064d600000, 0x000000064d600000| Complete 
| 619|0x000000064d600000, 0x000000064d800000, 0x000000064d800000|100%|HC|  |TAMS 0x000000064d800000, 0x000000064d800000| Complete 
| 620|0x000000064d800000, 0x000000064da00000, 0x000000064da00000|100%|HC|  |TAMS 0x000000064da00000, 0x000000064da00000| Complete 
| 621|0x000000064da00000, 0x000000064dc00000, 0x000000064dc00000|100%|HC|  |TAMS 0x000000064dc00000, 0x000000064dc00000| Complete 
| 622|0x000000064dc00000, 0x000000064de00000, 0x000000064de00000|100%|HC|  |TAMS 0x000000064de00000, 0x000000064de00000| Complete 
| 623|0x000000064de00000, 0x000000064e000000, 0x000000064e000000|100%|HS|  |TAMS 0x000000064e000000, 0x000000064e000000| Complete 
| 624|0x000000064e000000, 0x000000064e200000, 0x000000064e200000|100%|HC|  |TAMS 0x000000064e200000, 0x000000064e200000| Complete 
| 625|0x000000064e200000, 0x000000064e400000, 0x000000064e400000|100%|HC|  |TAMS 0x000000064e400000, 0x000000064e400000| Complete 
| 626|0x000000064e400000, 0x000000064e600000, 0x000000064e600000|100%|HC|  |TAMS 0x000000064e600000, 0x000000064e600000| Complete 
| 627|0x000000064e600000, 0x000000064e800000, 0x000000064e800000|100%|HC|  |TAMS 0x000000064e800000, 0x000000064e800000| Complete 
| 628|0x000000064e800000, 0x000000064ea00000, 0x000000064ea00000|100%|HS|  |TAMS 0x000000064ea00000, 0x000000064ea00000| Complete 
| 629|0x000000064ea00000, 0x000000064ec00000, 0x000000064ec00000|100%|HC|  |TAMS 0x000000064ec00000, 0x000000064ec00000| Complete 
| 630|0x000000064ec00000, 0x000000064ee00000, 0x000000064ee00000|100%|HC|  |TAMS 0x000000064ee00000, 0x000000064ee00000| Complete 
| 631|0x000000064ee00000, 0x000000064f000000, 0x000000064f000000|100%|HC|  |TAMS 0x000000064f000000, 0x000000064f000000| Complete 
| 632|0x000000064f000000, 0x000000064f200000, 0x000000064f200000|100%|HS|  |TAMS 0x000000064f200000, 0x000000064f200000| Untracked 
| 633|0x000000064f200000, 0x000000064f400000, 0x000000064f400000|100%|HC|  |TAMS 0x000000064f400000, 0x000000064f400000| Untracked 
| 634|0x000000064f400000, 0x000000064f600000, 0x000000064f600000|100%|HC|  |TAMS 0x000000064f600000, 0x000000064f600000| Untracked 
| 635|0x000000064f600000, 0x000000064f800000, 0x000000064f800000|100%|HC|  |TAMS 0x000000064f800000, 0x000000064f800000| Untracked 
| 636|0x000000064f800000, 0x000000064fa00000, 0x000000064fa00000|100%|HC|  |TAMS 0x000000064fa00000, 0x000000064fa00000| Untracked 
| 637|0x000000064fa00000, 0x000000064fc00000, 0x000000064fc00000|100%|HS|  |TAMS 0x000000064fc00000, 0x000000064fc00000| Untracked 
| 638|0x000000064fc00000, 0x000000064fe00000, 0x000000064fe00000|100%|HC|  |TAMS 0x000000064fe00000, 0x000000064fe00000| Untracked 
| 639|0x000000064fe00000, 0x0000000650000000, 0x0000000650000000|100%|HC|  |TAMS 0x0000000650000000, 0x0000000650000000| Untracked 
| 640|0x0000000650000000, 0x0000000650200000, 0x0000000650200000|100%|HC|  |TAMS 0x0000000650200000, 0x0000000650200000| Untracked 
| 641|0x0000000650200000, 0x0000000650400000, 0x0000000650400000|100%|HS|  |TAMS 0x0000000650400000, 0x0000000650400000| Untracked 
| 642|0x0000000650400000, 0x0000000650600000, 0x0000000650600000|100%|HC|  |TAMS 0x0000000650600000, 0x0000000650600000| Untracked 
| 643|0x0000000650600000, 0x0000000650800000, 0x0000000650800000|100%|HC|  |TAMS 0x0000000650800000, 0x0000000650800000| Untracked 
| 644|0x0000000650800000, 0x0000000650a00000, 0x0000000650a00000|100%|HC|  |TAMS 0x0000000650a00000, 0x0000000650a00000| Untracked 
| 645|0x0000000650a00000, 0x0000000650c00000, 0x0000000650c00000|100%|HC|  |TAMS 0x0000000650c00000, 0x0000000650c00000| Untracked 
| 646|0x0000000650c00000, 0x0000000650e00000, 0x0000000650e00000|100%|HS|  |TAMS 0x0000000650e00000, 0x0000000650e00000| Untracked 
| 647|0x0000000650e00000, 0x0000000651000000, 0x0000000651000000|100%|HC|  |TAMS 0x0000000651000000, 0x0000000651000000| Untracked 
| 648|0x0000000651000000, 0x0000000651200000, 0x0000000651200000|100%|HC|  |TAMS 0x0000000651200000, 0x0000000651200000| Untracked 
| 649|0x0000000651200000, 0x0000000651400000, 0x0000000651400000|100%|HC|  |TAMS 0x0000000651400000, 0x0000000651400000| Untracked 
| 650|0x0000000651400000, 0x0000000651600000, 0x0000000651600000|100%|HC|  |TAMS 0x0000000651600000, 0x0000000651600000| Untracked 
| 651|0x0000000651600000, 0x0000000651800000, 0x0000000651800000|100%|HS|  |TAMS 0x0000000651800000, 0x0000000651800000| Untracked 
| 652|0x0000000651800000, 0x0000000651a00000, 0x0000000651a00000|100%|HC|  |TAMS 0x0000000651a00000, 0x0000000651a00000| Untracked 
| 653|0x0000000651a00000, 0x0000000651c00000, 0x0000000651c00000|100%|HC|  |TAMS 0x0000000651c00000, 0x0000000651c00000| Untracked 
| 654|0x0000000651c00000, 0x0000000651e00000, 0x0000000651e00000|100%|HC|  |TAMS 0x0000000651e00000, 0x0000000651e00000| Untracked 
| 655|0x0000000651e00000, 0x0000000652000000, 0x0000000652000000|100%|HC|  |TAMS 0x0000000652000000, 0x0000000652000000| Untracked 
| 656|0x0000000652000000, 0x0000000652200000, 0x0000000652200000|100%|HS|  |TAMS 0x0000000652200000, 0x0000000652200000| Untracked 
| 657|0x0000000652200000, 0x0000000652400000, 0x0000000652400000|100%|HC|  |TAMS 0x0000000652400000, 0x0000000652400000| Untracked 
| 658|0x0000000652400000, 0x0000000652600000, 0x0000000652600000|100%|HC|  |TAMS 0x0000000652600000, 0x0000000652600000| Untracked 
| 659|0x0000000652600000, 0x0000000652800000, 0x0000000652800000|100%|HC|  |TAMS 0x0000000652800000, 0x0000000652800000| Untracked 
| 660|0x0000000652800000, 0x0000000652a00000, 0x0000000652a00000|100%|HC|  |TAMS 0x0000000652a00000, 0x0000000652a00000| Untracked 
| 661|0x0000000652a00000, 0x0000000652c00000, 0x0000000652c00000|100%|HS|  |TAMS 0x0000000652c00000, 0x0000000652c00000| Untracked 
| 662|0x0000000652c00000, 0x0000000652e00000, 0x0000000652e00000|100%|HC|  |TAMS 0x0000000652e00000, 0x0000000652e00000| Untracked 
| 663|0x0000000652e00000, 0x0000000653000000, 0x0000000653000000|100%|HC|  |TAMS 0x0000000653000000, 0x0000000653000000| Untracked 
| 664|0x0000000653000000, 0x0000000653200000, 0x0000000653200000|100%|HC|  |TAMS 0x0000000653200000, 0x0000000653200000| Untracked 
| 665|0x0000000653200000, 0x0000000653400000, 0x0000000653400000|100%|HC|  |TAMS 0x0000000653400000, 0x0000000653400000| Untracked 
| 666|0x0000000653400000, 0x0000000653600000, 0x0000000653600000|100%|HS|  |TAMS 0x0000000653600000, 0x0000000653600000| Untracked 
| 667|0x0000000653600000, 0x0000000653800000, 0x0000000653800000|100%|HC|  |TAMS 0x0000000653800000, 0x0000000653800000| Untracked 
| 668|0x0000000653800000, 0x0000000653a00000, 0x0000000653a00000|100%|HC|  |TAMS 0x0000000653a00000, 0x0000000653a00000| Untracked 
| 669|0x0000000653a00000, 0x0000000653c00000, 0x0000000653c00000|100%|HC|  |TAMS 0x0000000653c00000, 0x0000000653c00000| Untracked 
| 670|0x0000000653c00000, 0x0000000653e00000, 0x0000000653e00000|100%|HC|  |TAMS 0x0000000653e00000, 0x0000000653e00000| Untracked 
| 671|0x0000000653e00000, 0x0000000654000000, 0x0000000654000000|100%|HS|  |TAMS 0x0000000654000000, 0x0000000654000000| Untracked 
| 672|0x0000000654000000, 0x0000000654200000, 0x0000000654200000|100%|HC|  |TAMS 0x0000000654200000, 0x0000000654200000| Untracked 
| 673|0x0000000654200000, 0x0000000654400000, 0x0000000654400000|100%|HC|  |TAMS 0x0000000654400000, 0x0000000654400000| Untracked 
| 674|0x0000000654400000, 0x0000000654600000, 0x0000000654600000|100%|HC|  |TAMS 0x0000000654600000, 0x0000000654600000| Untracked 
| 675|0x0000000654600000, 0x0000000654800000, 0x0000000654800000|100%|HC|  |TAMS 0x0000000654800000, 0x0000000654800000| Untracked 
| 676|0x0000000654800000, 0x0000000654a00000, 0x0000000654a00000|100%|HS|  |TAMS 0x0000000654a00000, 0x0000000654a00000| Untracked 
| 677|0x0000000654a00000, 0x0000000654c00000, 0x0000000654c00000|100%|HC|  |TAMS 0x0000000654c00000, 0x0000000654c00000| Untracked 
| 678|0x0000000654c00000, 0x0000000654e00000, 0x0000000654e00000|100%|HC|  |TAMS 0x0000000654e00000, 0x0000000654e00000| Untracked 
| 679|0x0000000654e00000, 0x0000000655000000, 0x0000000655000000|100%|HC|  |TAMS 0x0000000655000000, 0x0000000655000000| Untracked 
| 680|0x0000000655000000, 0x0000000655200000, 0x0000000655200000|100%|HC|  |TAMS 0x0000000655200000, 0x0000000655200000| Untracked 
| 681|0x0000000655200000, 0x0000000655400000, 0x0000000655400000|100%|HS|  |TAMS 0x0000000655400000, 0x0000000655400000| Untracked 
| 682|0x0000000655400000, 0x0000000655600000, 0x0000000655600000|100%|HC|  |TAMS 0x0000000655600000, 0x0000000655600000| Untracked 
| 683|0x0000000655600000, 0x0000000655800000, 0x0000000655800000|100%|HC|  |TAMS 0x0000000655800000, 0x0000000655800000| Untracked 
| 684|0x0000000655800000, 0x0000000655a00000, 0x0000000655a00000|100%|HC|  |TAMS 0x0000000655a00000, 0x0000000655a00000| Untracked 
| 685|0x0000000655a00000, 0x0000000655c00000, 0x0000000655c00000|100%|HC|  |TAMS 0x0000000655c00000, 0x0000000655c00000| Untracked 
| 686|0x0000000655c00000, 0x0000000655e00000, 0x0000000655e00000|100%|HS|  |TAMS 0x0000000655e00000, 0x0000000655e00000| Untracked 
| 687|0x0000000655e00000, 0x0000000656000000, 0x0000000656000000|100%|HC|  |TAMS 0x0000000656000000, 0x0000000656000000| Untracked 
| 688|0x0000000656000000, 0x0000000656200000, 0x0000000656200000|100%|HC|  |TAMS 0x0000000656200000, 0x0000000656200000| Untracked 
| 689|0x0000000656200000, 0x0000000656400000, 0x0000000656400000|100%|HC|  |TAMS 0x0000000656400000, 0x0000000656400000| Untracked 
| 690|0x0000000656400000, 0x0000000656600000, 0x0000000656600000|100%|HC|  |TAMS 0x0000000656600000, 0x0000000656600000| Untracked 
| 691|0x0000000656600000, 0x0000000656800000, 0x0000000656800000|100%|HS|  |TAMS 0x0000000656800000, 0x0000000656800000| Untracked 
| 692|0x0000000656800000, 0x0000000656a00000, 0x0000000656a00000|100%|HC|  |TAMS 0x0000000656a00000, 0x0000000656a00000| Untracked 
| 693|0x0000000656a00000, 0x0000000656c00000, 0x0000000656c00000|100%|HC|  |TAMS 0x0000000656c00000, 0x0000000656c00000| Untracked 
| 694|0x0000000656c00000, 0x0000000656e00000, 0x0000000656e00000|100%|HC|  |TAMS 0x0000000656e00000, 0x0000000656e00000| Untracked 
| 695|0x0000000656e00000, 0x0000000657000000, 0x0000000657000000|100%|HS|  |TAMS 0x0000000657000000, 0x0000000657000000| Untracked 
| 696|0x0000000657000000, 0x0000000657200000, 0x0000000657200000|100%|HC|  |TAMS 0x0000000657200000, 0x0000000657200000| Untracked 
| 697|0x0000000657200000, 0x0000000657400000, 0x0000000657400000|100%|HC|  |TAMS 0x0000000657400000, 0x0000000657400000| Untracked 
| 698|0x0000000657400000, 0x0000000657600000, 0x0000000657600000|100%|HC|  |TAMS 0x0000000657600000, 0x0000000657600000| Untracked 
| 699|0x0000000657600000, 0x0000000657800000, 0x0000000657800000|100%|HC|  |TAMS 0x0000000657800000, 0x0000000657800000| Untracked 
| 700|0x0000000657800000, 0x0000000657a00000, 0x0000000657a00000|100%|HS|  |TAMS 0x0000000657a00000, 0x0000000657a00000| Untracked 
| 701|0x0000000657a00000, 0x0000000657c00000, 0x0000000657c00000|100%|HC|  |TAMS 0x0000000657c00000, 0x0000000657c00000| Untracked 
| 702|0x0000000657c00000, 0x0000000657e00000, 0x0000000657e00000|100%|HC|  |TAMS 0x0000000657e00000, 0x0000000657e00000| Untracked 
| 703|0x0000000657e00000, 0x0000000658000000, 0x0000000658000000|100%|HC|  |TAMS 0x0000000658000000, 0x0000000658000000| Untracked 
| 704|0x0000000658000000, 0x0000000658200000, 0x0000000658200000|100%|HC|  |TAMS 0x0000000658200000, 0x0000000658200000| Untracked 
| 705|0x0000000658200000, 0x0000000658400000, 0x0000000658400000|100%|HS|  |TAMS 0x0000000658400000, 0x0000000658400000| Untracked 
| 706|0x0000000658400000, 0x0000000658600000, 0x0000000658600000|100%|HC|  |TAMS 0x0000000658600000, 0x0000000658600000| Untracked 
| 707|0x0000000658600000, 0x0000000658800000, 0x0000000658800000|100%|HC|  |TAMS 0x0000000658800000, 0x0000000658800000| Untracked 
| 708|0x0000000658800000, 0x0000000658a00000, 0x0000000658a00000|100%|HC|  |TAMS 0x0000000658a00000, 0x0000000658a00000| Untracked 
| 709|0x0000000658a00000, 0x0000000658c00000, 0x0000000658c00000|100%|HC|  |TAMS 0x0000000658c00000, 0x0000000658c00000| Untracked 
| 710|0x0000000658c00000, 0x0000000658e00000, 0x0000000658e00000|100%|HS|  |TAMS 0x0000000658e00000, 0x0000000658e00000| Complete 
| 711|0x0000000658e00000, 0x0000000659000000, 0x0000000659000000|100%|HC|  |TAMS 0x0000000659000000, 0x0000000659000000| Complete 
| 712|0x0000000659000000, 0x0000000659200000, 0x0000000659200000|100%|HC|  |TAMS 0x0000000659200000, 0x0000000659200000| Complete 
| 713|0x0000000659200000, 0x0000000659400000, 0x0000000659400000|100%|HC|  |TAMS 0x0000000659400000, 0x0000000659400000| Complete 
| 714|0x0000000659400000, 0x0000000659600000, 0x0000000659600000|100%|HC|  |TAMS 0x0000000659600000, 0x0000000659600000| Complete 
| 715|0x0000000659600000, 0x0000000659800000, 0x0000000659800000|100%|HS|  |TAMS 0x0000000659800000, 0x0000000659800000| Complete 
| 716|0x0000000659800000, 0x0000000659a00000, 0x0000000659a00000|100%|HC|  |TAMS 0x0000000659a00000, 0x0000000659a00000| Complete 
| 717|0x0000000659a00000, 0x0000000659c00000, 0x0000000659c00000|100%|HC|  |TAMS 0x0000000659c00000, 0x0000000659c00000| Complete 
| 718|0x0000000659c00000, 0x0000000659e00000, 0x0000000659e00000|100%|HC|  |TAMS 0x0000000659e00000, 0x0000000659e00000| Complete 
| 719|0x0000000659e00000, 0x000000065a000000, 0x000000065a000000|100%|HC|  |TAMS 0x000000065a000000, 0x000000065a000000| Complete 
| 720|0x000000065a000000, 0x000000065a200000, 0x000000065a200000|100%|HS|  |TAMS 0x000000065a200000, 0x000000065a200000| Complete 
| 721|0x000000065a200000, 0x000000065a400000, 0x000000065a400000|100%|HC|  |TAMS 0x000000065a400000, 0x000000065a400000| Complete 
| 722|0x000000065a400000, 0x000000065a600000, 0x000000065a600000|100%|HC|  |TAMS 0x000000065a600000, 0x000000065a600000| Complete 
| 723|0x000000065a600000, 0x000000065a800000, 0x000000065a800000|100%|HC|  |TAMS 0x000000065a800000, 0x000000065a800000| Complete 
| 724|0x000000065a800000, 0x000000065aa00000, 0x000000065aa00000|100%|HC|  |TAMS 0x000000065aa00000, 0x000000065aa00000| Complete 
| 725|0x000000065aa00000, 0x000000065ac00000, 0x000000065ac00000|100%|HS|  |TAMS 0x000000065ac00000, 0x000000065ac00000| Complete 
| 726|0x000000065ac00000, 0x000000065ae00000, 0x000000065ae00000|100%|HC|  |TAMS 0x000000065ae00000, 0x000000065ae00000| Complete 
| 727|0x000000065ae00000, 0x000000065b000000, 0x000000065b000000|100%|HC|  |TAMS 0x000000065b000000, 0x000000065b000000| Complete 
| 728|0x000000065b000000, 0x000000065b200000, 0x000000065b200000|100%|HC|  |TAMS 0x000000065b200000, 0x000000065b200000| Complete 
| 729|0x000000065b200000, 0x000000065b400000, 0x000000065b400000|100%|HC|  |TAMS 0x000000065b400000, 0x000000065b400000| Complete 
| 730|0x000000065b400000, 0x000000065b600000, 0x000000065b600000|100%|HS|  |TAMS 0x000000065b600000, 0x000000065b600000| Untracked 
| 731|0x000000065b600000, 0x000000065b800000, 0x000000065b800000|100%|HC|  |TAMS 0x000000065b800000, 0x000000065b800000| Untracked 
| 732|0x000000065b800000, 0x000000065ba00000, 0x000000065ba00000|100%|HC|  |TAMS 0x000000065ba00000, 0x000000065ba00000| Untracked 
| 733|0x000000065ba00000, 0x000000065bc00000, 0x000000065bc00000|100%|HC|  |TAMS 0x000000065bc00000, 0x000000065bc00000| Untracked 
| 734|0x000000065bc00000, 0x000000065be00000, 0x000000065be00000|100%|HC|  |TAMS 0x000000065be00000, 0x000000065be00000| Untracked 
| 735|0x000000065be00000, 0x000000065c000000, 0x000000065c000000|100%|HS|  |TAMS 0x000000065c000000, 0x000000065c000000| Complete 
| 736|0x000000065c000000, 0x000000065c200000, 0x000000065c200000|100%|HC|  |TAMS 0x000000065c200000, 0x000000065c200000| Complete 
| 737|0x000000065c200000, 0x000000065c400000, 0x000000065c400000|100%|HC|  |TAMS 0x000000065c400000, 0x000000065c400000| Complete 
| 738|0x000000065c400000, 0x000000065c600000, 0x000000065c600000|100%|HC|  |TAMS 0x000000065c600000, 0x000000065c600000| Complete 
| 739|0x000000065c600000, 0x000000065c800000, 0x000000065c800000|100%|HC|  |TAMS 0x000000065c800000, 0x000000065c800000| Complete 
| 740|0x000000065c800000, 0x000000065ca00000, 0x000000065ca00000|100%|HS|  |TAMS 0x000000065ca00000, 0x000000065ca00000| Complete 
| 741|0x000000065ca00000, 0x000000065cc00000, 0x000000065cc00000|100%|HC|  |TAMS 0x000000065cc00000, 0x000000065cc00000| Complete 
| 742|0x000000065cc00000, 0x000000065ce00000, 0x000000065ce00000|100%|HC|  |TAMS 0x000000065ce00000, 0x000000065ce00000| Complete 
| 743|0x000000065ce00000, 0x000000065d000000, 0x000000065d000000|100%|HC|  |TAMS 0x000000065d000000, 0x000000065d000000| Complete 
| 744|0x000000065d000000, 0x000000065d200000, 0x000000065d200000|100%|HC|  |TAMS 0x000000065d200000, 0x000000065d200000| Complete 
| 745|0x000000065d200000, 0x000000065d400000, 0x000000065d400000|100%|HS|  |TAMS 0x000000065d400000, 0x000000065d400000| Complete 
| 746|0x000000065d400000, 0x000000065d600000, 0x000000065d600000|100%|HC|  |TAMS 0x000000065d600000, 0x000000065d600000| Complete 
| 747|0x000000065d600000, 0x000000065d800000, 0x000000065d800000|100%|HC|  |TAMS 0x000000065d800000, 0x000000065d800000| Complete 
| 748|0x000000065d800000, 0x000000065da00000, 0x000000065da00000|100%|HC|  |TAMS 0x000000065da00000, 0x000000065da00000| Complete 
| 749|0x000000065da00000, 0x000000065dc00000, 0x000000065dc00000|100%|HC|  |TAMS 0x000000065dc00000, 0x000000065dc00000| Complete 
| 750|0x000000065dc00000, 0x000000065de00000, 0x000000065de00000|100%|HS|  |TAMS 0x000000065de00000, 0x000000065de00000| Untracked 
| 751|0x000000065de00000, 0x000000065e000000, 0x000000065e000000|100%|HC|  |TAMS 0x000000065e000000, 0x000000065e000000| Untracked 
| 752|0x000000065e000000, 0x000000065e200000, 0x000000065e200000|100%|HC|  |TAMS 0x000000065e200000, 0x000000065e200000| Untracked 
| 753|0x000000065e200000, 0x000000065e400000, 0x000000065e400000|100%|HC|  |TAMS 0x000000065e400000, 0x000000065e400000| Untracked 
| 754|0x000000065e400000, 0x000000065e600000, 0x000000065e600000|100%|HC|  |TAMS 0x000000065e600000, 0x000000065e600000| Untracked 
| 755|0x000000065e600000, 0x000000065e800000, 0x000000065e800000|100%|HS|  |TAMS 0x000000065e800000, 0x000000065e800000| Untracked 
| 756|0x000000065e800000, 0x000000065ea00000, 0x000000065ea00000|100%|HC|  |TAMS 0x000000065ea00000, 0x000000065ea00000| Untracked 
| 757|0x000000065ea00000, 0x000000065ec00000, 0x000000065ec00000|100%|HC|  |TAMS 0x000000065ec00000, 0x000000065ec00000| Untracked 
| 758|0x000000065ec00000, 0x000000065ee00000, 0x000000065ee00000|100%|HC|  |TAMS 0x000000065ee00000, 0x000000065ee00000| Untracked 
| 759|0x000000065ee00000, 0x000000065f000000, 0x000000065f000000|100%|HC|  |TAMS 0x000000065f000000, 0x000000065f000000| Untracked 
| 760|0x000000065f000000, 0x000000065f200000, 0x000000065f200000|100%|HS|  |TAMS 0x000000065f200000, 0x000000065f200000| Untracked 
| 761|0x000000065f200000, 0x000000065f400000, 0x000000065f400000|100%|HC|  |TAMS 0x000000065f400000, 0x000000065f400000| Untracked 
| 762|0x000000065f400000, 0x000000065f600000, 0x000000065f600000|100%|HC|  |TAMS 0x000000065f600000, 0x000000065f600000| Untracked 
| 763|0x000000065f600000, 0x000000065f800000, 0x000000065f800000|100%|HC|  |TAMS 0x000000065f800000, 0x000000065f800000| Untracked 
| 764|0x000000065f800000, 0x000000065fa00000, 0x000000065fa00000|100%|HC|  |TAMS 0x000000065fa00000, 0x000000065fa00000| Untracked 
| 765|0x000000065fa00000, 0x000000065fc00000, 0x000000065fc00000|100%|HS|  |TAMS 0x000000065fc00000, 0x000000065fc00000| Complete 
| 766|0x000000065fc00000, 0x000000065fe00000, 0x000000065fe00000|100%|HC|  |TAMS 0x000000065fe00000, 0x000000065fe00000| Complete 
| 767|0x000000065fe00000, 0x0000000660000000, 0x0000000660000000|100%|HC|  |TAMS 0x0000000660000000, 0x0000000660000000| Complete 
| 768|0x0000000660000000, 0x0000000660200000, 0x0000000660200000|100%|HC|  |TAMS 0x0000000660200000, 0x0000000660200000| Complete 
| 769|0x0000000660200000, 0x0000000660400000, 0x0000000660400000|100%|HC|  |TAMS 0x0000000660400000, 0x0000000660400000| Complete 
| 770|0x0000000660400000, 0x0000000660600000, 0x0000000660600000|100%|HS|  |TAMS 0x0000000660600000, 0x0000000660600000| Complete 
| 771|0x0000000660600000, 0x0000000660800000, 0x0000000660800000|100%|HC|  |TAMS 0x0000000660800000, 0x0000000660800000| Complete 
| 772|0x0000000660800000, 0x0000000660a00000, 0x0000000660a00000|100%|HC|  |TAMS 0x0000000660a00000, 0x0000000660a00000| Complete 
| 773|0x0000000660a00000, 0x0000000660c00000, 0x0000000660c00000|100%|HC|  |TAMS 0x0000000660c00000, 0x0000000660c00000| Complete 
| 774|0x0000000660c00000, 0x0000000660e00000, 0x0000000660e00000|100%|HS|  |TAMS 0x0000000660c00000, 0x0000000660e00000| Complete 
| 775|0x0000000660e00000, 0x0000000661000000, 0x0000000661000000|100%|HS|  |TAMS 0x0000000660e00000, 0x0000000661000000| Complete 
| 776|0x0000000661000000, 0x0000000661200000, 0x0000000661200000|100%|HS|  |TAMS 0x0000000661000000, 0x0000000661200000| Complete 
| 777|0x0000000661200000, 0x0000000661400000, 0x0000000661400000|100%| O|  |TAMS 0x0000000661400000, 0x0000000661400000| Untracked 
| 778|0x0000000661400000, 0x0000000661600000, 0x0000000661600000|100%|HS|  |TAMS 0x0000000661400000, 0x0000000661600000| Complete 
| 779|0x0000000661600000, 0x0000000661800000, 0x0000000661800000|100%|HC|  |TAMS 0x0000000661600000, 0x0000000661800000| Complete 
| 780|0x0000000661800000, 0x0000000661a00000, 0x0000000661a00000|100%|HC|  |TAMS 0x0000000661800000, 0x0000000661a00000| Complete 
| 781|0x0000000661a00000, 0x0000000661c00000, 0x0000000661c00000|100%|HC|  |TAMS 0x0000000661a00000, 0x0000000661c00000| Complete 
| 782|0x0000000661c00000, 0x0000000661e00000, 0x0000000661e00000|100%|HC|  |TAMS 0x0000000661c00000, 0x0000000661e00000| Complete 
| 783|0x0000000661e00000, 0x0000000662000000, 0x0000000662000000|100%|HS|  |TAMS 0x0000000661e00000, 0x0000000662000000| Complete 
| 784|0x0000000662000000, 0x0000000662200000, 0x0000000662200000|100%|HC|  |TAMS 0x0000000662000000, 0x0000000662200000| Complete 
| 785|0x0000000662200000, 0x0000000662400000, 0x0000000662400000|100%|HC|  |TAMS 0x0000000662200000, 0x0000000662400000| Complete 
| 786|0x0000000662400000, 0x0000000662600000, 0x0000000662600000|100%|HC|  |TAMS 0x0000000662400000, 0x0000000662600000| Complete 
| 787|0x0000000662600000, 0x0000000662800000, 0x0000000662800000|100%|HC|  |TAMS 0x0000000662600000, 0x0000000662800000| Complete 
| 788|0x0000000662800000, 0x0000000662a00000, 0x0000000662a00000|100%|HS|  |TAMS 0x0000000662800000, 0x0000000662a00000| Complete 
| 789|0x0000000662a00000, 0x0000000662c00000, 0x0000000662c00000|100%|HS|  |TAMS 0x0000000662a00000, 0x0000000662c00000| Complete 
| 790|0x0000000662c00000, 0x0000000662e00000, 0x0000000662e00000|100%|HS|  |TAMS 0x0000000662c00000, 0x0000000662e00000| Complete 
| 791|0x0000000662e00000, 0x0000000663000000, 0x0000000663000000|100%|HS|  |TAMS 0x0000000662e00000, 0x0000000663000000| Complete 
| 792|0x0000000663000000, 0x0000000663200000, 0x0000000663200000|100%| O|  |TAMS 0x0000000663200000, 0x0000000663200000| Untracked 
| 793|0x0000000663200000, 0x0000000663400000, 0x0000000663400000|100%|HS|  |TAMS 0x0000000663200000, 0x0000000663400000| Complete 
| 794|0x0000000663400000, 0x0000000663600000, 0x0000000663600000|100%| O|  |TAMS 0x0000000663600000, 0x0000000663600000| Untracked 
| 795|0x0000000663600000, 0x0000000663800000, 0x0000000663800000|100%|HS|  |TAMS 0x0000000663600000, 0x0000000663800000| Complete 
| 796|0x0000000663800000, 0x0000000663a00000, 0x0000000663a00000|100%|HS|  |TAMS 0x0000000663800000, 0x0000000663a00000| Complete 
| 797|0x0000000663a00000, 0x0000000663c00000, 0x0000000663c00000|100%|HS|  |TAMS 0x0000000663a00000, 0x0000000663c00000| Complete 
| 798|0x0000000663c00000, 0x0000000663e00000, 0x0000000663e00000|100%|HS|  |TAMS 0x0000000663c00000, 0x0000000663e00000| Complete 
| 799|0x0000000663e00000, 0x0000000664000000, 0x0000000664000000|100%| O|  |TAMS 0x0000000664000000, 0x0000000664000000| Untracked 
| 800|0x0000000664000000, 0x0000000664200000, 0x0000000664200000|100%|HS|  |TAMS 0x0000000664000000, 0x0000000664200000| Complete 
| 801|0x0000000664200000, 0x0000000664400000, 0x0000000664400000|100%|HC|  |TAMS 0x0000000664200000, 0x0000000664400000| Complete 
| 802|0x0000000664400000, 0x0000000664600000, 0x0000000664600000|100%|HC|  |TAMS 0x0000000664400000, 0x0000000664600000| Complete 
| 803|0x0000000664600000, 0x0000000664800000, 0x0000000664800000|100%|HC|  |TAMS 0x0000000664600000, 0x0000000664800000| Complete 
| 804|0x0000000664800000, 0x0000000664a00000, 0x0000000664a00000|100%|HC|  |TAMS 0x0000000664800000, 0x0000000664a00000| Complete 
| 805|0x0000000664a00000, 0x0000000664c00000, 0x0000000664c00000|100%|HS|  |TAMS 0x0000000664c00000, 0x0000000664c00000| Complete 
| 806|0x0000000664c00000, 0x0000000664e00000, 0x0000000664e00000|100%|HC|  |TAMS 0x0000000664e00000, 0x0000000664e00000| Complete 
| 807|0x0000000664e00000, 0x0000000665000000, 0x0000000665000000|100%|HC|  |TAMS 0x0000000665000000, 0x0000000665000000| Complete 
| 808|0x0000000665000000, 0x0000000665200000, 0x0000000665200000|100%|HC|  |TAMS 0x0000000665200000, 0x0000000665200000| Complete 
| 809|0x0000000665200000, 0x0000000665400000, 0x0000000665400000|100%|HC|  |TAMS 0x0000000665400000, 0x0000000665400000| Complete 
| 810|0x0000000665400000, 0x0000000665600000, 0x0000000665600000|100%|HS|  |TAMS 0x0000000665600000, 0x0000000665600000| Complete 
| 811|0x0000000665600000, 0x0000000665800000, 0x0000000665800000|100%|HC|  |TAMS 0x0000000665800000, 0x0000000665800000| Complete 
| 812|0x0000000665800000, 0x0000000665a00000, 0x0000000665a00000|100%|HC|  |TAMS 0x0000000665a00000, 0x0000000665a00000| Complete 
| 813|0x0000000665a00000, 0x0000000665c00000, 0x0000000665c00000|100%|HC|  |TAMS 0x0000000665c00000, 0x0000000665c00000| Complete 
| 814|0x0000000665c00000, 0x0000000665e00000, 0x0000000665e00000|100%|HC|  |TAMS 0x0000000665e00000, 0x0000000665e00000| Complete 
| 815|0x0000000665e00000, 0x0000000666000000, 0x0000000666000000|100%| O|  |TAMS 0x0000000666000000, 0x0000000666000000| Untracked 
| 816|0x0000000666000000, 0x0000000666200000, 0x0000000666200000|100%|HS|  |TAMS 0x0000000666000000, 0x0000000666200000| Complete 
| 817|0x0000000666200000, 0x0000000666400000, 0x0000000666400000|100%| O|  |TAMS 0x0000000666400000, 0x0000000666400000| Untracked 
| 818|0x0000000666400000, 0x0000000666600000, 0x0000000666600000|100%| O|  |TAMS 0x0000000666600000, 0x0000000666600000| Untracked 
| 819|0x0000000666600000, 0x0000000666800000, 0x0000000666800000|100%| O|  |TAMS 0x0000000666800000, 0x0000000666800000| Untracked 
| 820|0x0000000666800000, 0x0000000666a00000, 0x0000000666a00000|100%| O|  |TAMS 0x0000000666a00000, 0x0000000666a00000| Untracked 
| 821|0x0000000666a00000, 0x0000000666c00000, 0x0000000666c00000|100%| O|  |TAMS 0x0000000666c00000, 0x0000000666c00000| Untracked 
| 822|0x0000000666c00000, 0x0000000666e00000, 0x0000000666e00000|100%| O|  |TAMS 0x0000000666e00000, 0x0000000666e00000| Untracked 
| 823|0x0000000666e00000, 0x0000000667000000, 0x0000000667000000|100%| O|  |TAMS 0x0000000667000000, 0x0000000667000000| Untracked 
| 824|0x0000000667000000, 0x0000000667200000, 0x0000000667200000|100%| O|  |TAMS 0x0000000667200000, 0x0000000667200000| Untracked 
| 825|0x0000000667200000, 0x0000000667400000, 0x0000000667400000|100%| O|  |TAMS 0x0000000667400000, 0x0000000667400000| Untracked 
| 826|0x0000000667400000, 0x0000000667600000, 0x0000000667600000|100%| O|  |TAMS 0x0000000667600000, 0x0000000667600000| Untracked 
| 827|0x0000000667600000, 0x0000000667800000, 0x0000000667800000|100%| O|  |TAMS 0x0000000667800000, 0x0000000667800000| Untracked 
| 828|0x0000000667800000, 0x0000000667a00000, 0x0000000667a00000|100%|HS|  |TAMS 0x0000000667800000, 0x0000000667a00000| Complete 
| 829|0x0000000667a00000, 0x0000000667c00000, 0x0000000667c00000|100%| O|  |TAMS 0x0000000667c00000, 0x0000000667c00000| Untracked 
| 830|0x0000000667c00000, 0x0000000667e00000, 0x0000000667e00000|100%| O|  |TAMS 0x0000000667e00000, 0x0000000667e00000| Untracked 
| 831|0x0000000667e00000, 0x0000000668000000, 0x0000000668000000|100%| O|  |TAMS 0x0000000668000000, 0x0000000668000000| Untracked 
| 832|0x0000000668000000, 0x0000000668200000, 0x0000000668200000|100%| O|  |TAMS 0x0000000668200000, 0x0000000668200000| Untracked 
| 833|0x0000000668200000, 0x0000000668400000, 0x0000000668400000|100%| O|  |TAMS 0x0000000668400000, 0x0000000668400000| Untracked 
| 834|0x0000000668400000, 0x0000000668600000, 0x0000000668600000|100%| O|  |TAMS 0x0000000668600000, 0x0000000668600000| Untracked 
| 835|0x0000000668600000, 0x0000000668800000, 0x0000000668800000|100%| O|  |TAMS 0x0000000668800000, 0x0000000668800000| Untracked 
| 836|0x0000000668800000, 0x0000000668a00000, 0x0000000668a00000|100%| O|  |TAMS 0x0000000668a00000, 0x0000000668a00000| Untracked 
| 837|0x0000000668a00000, 0x0000000668c00000, 0x0000000668c00000|100%| O|  |TAMS 0x0000000668c00000, 0x0000000668c00000| Untracked 
| 838|0x0000000668c00000, 0x0000000668e00000, 0x0000000668e00000|100%|HS|  |TAMS 0x0000000668c00000, 0x0000000668e00000| Complete 
| 839|0x0000000668e00000, 0x0000000669000000, 0x0000000669000000|100%| O|  |TAMS 0x0000000669000000, 0x0000000669000000| Untracked 
| 840|0x0000000669000000, 0x0000000669200000, 0x0000000669200000|100%| O|  |TAMS 0x0000000669200000, 0x0000000669200000| Untracked 
| 841|0x0000000669200000, 0x0000000669400000, 0x0000000669400000|100%| O|  |TAMS 0x00000006692aa600, 0x0000000669400000| Untracked 
| 842|0x0000000669400000, 0x0000000669600000, 0x0000000669600000|100%|HS|  |TAMS 0x0000000669400000, 0x0000000669600000| Complete 
| 843|0x0000000669600000, 0x0000000669800000, 0x0000000669800000|100%|HC|  |TAMS 0x0000000669600000, 0x0000000669800000| Complete 
| 844|0x0000000669800000, 0x0000000669a00000, 0x0000000669a00000|100%|HC|  |TAMS 0x0000000669800000, 0x0000000669a00000| Complete 
| 845|0x0000000669a00000, 0x0000000669c00000, 0x0000000669c00000|100%|HC|  |TAMS 0x0000000669a00000, 0x0000000669c00000| Complete 
| 846|0x0000000669c00000, 0x0000000669e00000, 0x0000000669e00000|100%|HC|  |TAMS 0x0000000669c00000, 0x0000000669e00000| Complete 
| 847|0x0000000669e00000, 0x000000066a000000, 0x000000066a000000|100%|HS|  |TAMS 0x0000000669e00000, 0x000000066a000000| Complete 
| 848|0x000000066a000000, 0x000000066a200000, 0x000000066a200000|100%|HS|  |TAMS 0x000000066a000000, 0x000000066a200000| Complete 
| 849|0x000000066a200000, 0x000000066a400000, 0x000000066a400000|100%| O|  |TAMS 0x000000066a200000, 0x000000066a400000| Untracked 
| 850|0x000000066a400000, 0x000000066a600000, 0x000000066a600000|100%|HS|  |TAMS 0x000000066a400000, 0x000000066a600000| Complete 
| 851|0x000000066a600000, 0x000000066a800000, 0x000000066a800000|100%|HS|  |TAMS 0x000000066a600000, 0x000000066a800000| Complete 
| 852|0x000000066a800000, 0x000000066aa00000, 0x000000066aa00000|100%|HS|  |TAMS 0x000000066a800000, 0x000000066aa00000| Complete 
| 853|0x000000066aa00000, 0x000000066ac00000, 0x000000066ac00000|100%|HS|  |TAMS 0x000000066aa00000, 0x000000066ac00000| Complete 
| 854|0x000000066ac00000, 0x000000066ae00000, 0x000000066ae00000|100%|HS|  |TAMS 0x000000066ac00000, 0x000000066ae00000| Complete 
| 855|0x000000066ae00000, 0x000000066b000000, 0x000000066b000000|100%|HS|  |TAMS 0x000000066ae00000, 0x000000066b000000| Complete 
| 856|0x000000066b000000, 0x000000066b200000, 0x000000066b200000|100%| O|  |TAMS 0x000000066b000000, 0x000000066b200000| Untracked 
| 857|0x000000066b200000, 0x000000066b400000, 0x000000066b400000|100%| O|  |TAMS 0x000000066b200000, 0x000000066b400000| Untracked 
| 858|0x000000066b400000, 0x000000066b600000, 0x000000066b600000|100%| O|  |TAMS 0x000000066b400000, 0x000000066b600000| Untracked 
| 859|0x000000066b600000, 0x000000066b600000, 0x000000066b800000|  0%| F|  |TAMS 0x000000066b600000, 0x000000066b600000| Untracked 
| 860|0x000000066b800000, 0x000000066ba00000, 0x000000066ba00000|100%|HS|  |TAMS 0x000000066b800000, 0x000000066ba00000| Complete 
| 861|0x000000066ba00000, 0x000000066bc00000, 0x000000066bc00000|100%|HS|  |TAMS 0x000000066ba00000, 0x000000066bc00000| Complete 
| 862|0x000000066bc00000, 0x000000066be00000, 0x000000066be00000|100%| O|  |TAMS 0x000000066bc00000, 0x000000066be00000| Untracked 
| 863|0x000000066be00000, 0x000000066c000000, 0x000000066c000000|100%| O|  |TAMS 0x000000066be00000, 0x000000066c000000| Untracked 
| 864|0x000000066c000000, 0x000000066c200000, 0x000000066c200000|100%| O|  |TAMS 0x000000066c000000, 0x000000066c033400| Untracked 
| 865|0x000000066c200000, 0x000000066c400000, 0x000000066c400000|100%|HS|  |TAMS 0x000000066c200000, 0x000000066c200000| Complete 
| 866|0x000000066c400000, 0x000000066c600000, 0x000000066c600000|100%|HS|  |TAMS 0x000000066c400000, 0x000000066c400000| Complete 
| 867|0x000000066c600000, 0x000000066c800000, 0x000000066c800000|100%|HS|  |TAMS 0x000000066c600000, 0x000000066c600000| Complete 
| 868|0x000000066c800000, 0x000000066ca00000, 0x000000066ca00000|100%|HS|  |TAMS 0x000000066c800000, 0x000000066c800000| Complete 
| 869|0x000000066ca00000, 0x000000066cc00000, 0x000000066cc00000|100%|HS|  |TAMS 0x000000066ca00000, 0x000000066ca00000| Complete 
| 870|0x000000066cc00000, 0x000000066ce00000, 0x000000066ce00000|100%|HS|  |TAMS 0x000000066cc00000, 0x000000066cc00000| Complete 
| 871|0x000000066ce00000, 0x000000066d000000, 0x000000066d000000|100%|HS|  |TAMS 0x000000066ce00000, 0x000000066ce00000| Complete 
| 872|0x000000066d000000, 0x000000066d200000, 0x000000066d200000|100%|HS|  |TAMS 0x000000066d000000, 0x000000066d000000| Complete 
| 873|0x000000066d200000, 0x000000066d3e6800, 0x000000066d400000| 95%| O|  |TAMS 0x000000066d200000, 0x000000066d200000| Untracked 
| 874|0x000000066d400000, 0x000000066d600000, 0x000000066d600000|100%|HS|  |TAMS 0x000000066d400000, 0x000000066d400000| Complete 
| 875|0x000000066d600000, 0x000000066d800000, 0x000000066d800000|100%|HS|  |TAMS 0x000000066d600000, 0x000000066d600000| Complete 
| 876|0x000000066d800000, 0x000000066d800000, 0x000000066da00000|  0%| F|  |TAMS 0x000000066d800000, 0x000000066d800000| Untracked 
| 877|0x000000066da00000, 0x000000066da00000, 0x000000066dc00000|  0%| F|  |TAMS 0x000000066da00000, 0x000000066da00000| Untracked 
| 878|0x000000066dc00000, 0x000000066dc00000, 0x000000066de00000|  0%| F|  |TAMS 0x000000066dc00000, 0x000000066dc00000| Untracked 
| 879|0x000000066de00000, 0x000000066de00000, 0x000000066e000000|  0%| F|  |TAMS 0x000000066de00000, 0x000000066de00000| Untracked 
| 880|0x000000066e000000, 0x000000066e000000, 0x000000066e200000|  0%| F|  |TAMS 0x000000066e000000, 0x000000066e000000| Untracked 
| 881|0x000000066e200000, 0x000000066e200000, 0x000000066e400000|  0%| F|  |TAMS 0x000000066e200000, 0x000000066e200000| Untracked 
| 882|0x000000066e400000, 0x000000066e400000, 0x000000066e600000|  0%| F|  |TAMS 0x000000066e400000, 0x000000066e400000| Untracked 
| 883|0x000000066e600000, 0x000000066e600000, 0x000000066e800000|  0%| F|  |TAMS 0x000000066e600000, 0x000000066e600000| Untracked 
| 884|0x000000066e800000, 0x000000066e800000, 0x000000066ea00000|  0%| F|  |TAMS 0x000000066e800000, 0x000000066e800000| Untracked 
| 885|0x000000066ea00000, 0x000000066ea00000, 0x000000066ec00000|  0%| F|  |TAMS 0x000000066ea00000, 0x000000066ea00000| Untracked 
| 886|0x000000066ec00000, 0x000000066ec00000, 0x000000066ee00000|  0%| F|  |TAMS 0x000000066ec00000, 0x000000066ec00000| Untracked 
| 887|0x000000066ee00000, 0x000000066ee00000, 0x000000066f000000|  0%| F|  |TAMS 0x000000066ee00000, 0x000000066ee00000| Untracked 
| 888|0x000000066f000000, 0x000000066f000000, 0x000000066f200000|  0%| F|  |TAMS 0x000000066f000000, 0x000000066f000000| Untracked 
| 889|0x000000066f200000, 0x000000066f200000, 0x000000066f400000|  0%| F|  |TAMS 0x000000066f200000, 0x000000066f200000| Untracked 
| 890|0x000000066f400000, 0x000000066f400000, 0x000000066f600000|  0%| F|  |TAMS 0x000000066f400000, 0x000000066f400000| Untracked 
| 891|0x000000066f600000, 0x000000066f600000, 0x000000066f800000|  0%| F|  |TAMS 0x000000066f600000, 0x000000066f600000| Untracked 
| 892|0x000000066f800000, 0x000000066f800000, 0x000000066fa00000|  0%| F|  |TAMS 0x000000066f800000, 0x000000066f800000| Untracked 
| 893|0x000000066fa00000, 0x000000066fa00000, 0x000000066fc00000|  0%| F|  |TAMS 0x000000066fa00000, 0x000000066fa00000| Untracked 
| 894|0x000000066fc00000, 0x000000066fc00000, 0x000000066fe00000|  0%| F|  |TAMS 0x000000066fc00000, 0x000000066fc00000| Untracked 
| 895|0x000000066fe00000, 0x000000066fe00000, 0x0000000670000000|  0%| F|  |TAMS 0x000000066fe00000, 0x000000066fe00000| Untracked 
| 896|0x0000000670000000, 0x0000000670000000, 0x0000000670200000|  0%| F|  |TAMS 0x0000000670000000, 0x0000000670000000| Untracked 
| 897|0x0000000670200000, 0x0000000670200000, 0x0000000670400000|  0%| F|  |TAMS 0x0000000670200000, 0x0000000670200000| Untracked 
| 898|0x0000000670400000, 0x0000000670400000, 0x0000000670600000|  0%| F|  |TAMS 0x0000000670400000, 0x0000000670400000| Untracked 
| 899|0x0000000670600000, 0x0000000670600000, 0x0000000670800000|  0%| F|  |TAMS 0x0000000670600000, 0x0000000670600000| Untracked 
| 900|0x0000000670800000, 0x0000000670800000, 0x0000000670a00000|  0%| F|  |TAMS 0x0000000670800000, 0x0000000670800000| Untracked 
| 901|0x0000000670a00000, 0x0000000670a00000, 0x0000000670c00000|  0%| F|  |TAMS 0x0000000670a00000, 0x0000000670a00000| Untracked 
| 902|0x0000000670c00000, 0x0000000670c00000, 0x0000000670e00000|  0%| F|  |TAMS 0x0000000670c00000, 0x0000000670c00000| Untracked 
| 903|0x0000000670e00000, 0x0000000670e00000, 0x0000000671000000|  0%| F|  |TAMS 0x0000000670e00000, 0x0000000670e00000| Untracked 
| 904|0x0000000671000000, 0x0000000671000000, 0x0000000671200000|  0%| F|  |TAMS 0x0000000671000000, 0x0000000671000000| Untracked 
| 905|0x0000000671200000, 0x0000000671200000, 0x0000000671400000|  0%| F|  |TAMS 0x0000000671200000, 0x0000000671200000| Untracked 
| 906|0x0000000671400000, 0x0000000671400000, 0x0000000671600000|  0%| F|  |TAMS 0x0000000671400000, 0x0000000671400000| Untracked 
| 907|0x0000000671600000, 0x0000000671600000, 0x0000000671800000|  0%| F|  |TAMS 0x0000000671600000, 0x0000000671600000| Untracked 
| 908|0x0000000671800000, 0x0000000671800000, 0x0000000671a00000|  0%| F|  |TAMS 0x0000000671800000, 0x0000000671800000| Untracked 
| 909|0x0000000671a00000, 0x0000000671a00000, 0x0000000671c00000|  0%| F|  |TAMS 0x0000000671a00000, 0x0000000671a00000| Untracked 
| 910|0x0000000671c00000, 0x0000000671c00000, 0x0000000671e00000|  0%| F|  |TAMS 0x0000000671c00000, 0x0000000671c00000| Untracked 
| 911|0x0000000671e00000, 0x0000000671e00000, 0x0000000672000000|  0%| F|  |TAMS 0x0000000671e00000, 0x0000000671e00000| Untracked 
| 912|0x0000000672000000, 0x0000000672000000, 0x0000000672200000|  0%| F|  |TAMS 0x0000000672000000, 0x0000000672000000| Untracked 
| 913|0x0000000672200000, 0x0000000672200000, 0x0000000672400000|  0%| F|  |TAMS 0x0000000672200000, 0x0000000672200000| Untracked 
| 914|0x0000000672400000, 0x0000000672400000, 0x0000000672600000|  0%| F|  |TAMS 0x0000000672400000, 0x0000000672400000| Untracked 
| 915|0x0000000672600000, 0x0000000672600000, 0x0000000672800000|  0%| F|  |TAMS 0x0000000672600000, 0x0000000672600000| Untracked 
| 916|0x0000000672800000, 0x0000000672800000, 0x0000000672a00000|  0%| F|  |TAMS 0x0000000672800000, 0x0000000672800000| Untracked 
| 917|0x0000000672a00000, 0x0000000672a00000, 0x0000000672c00000|  0%| F|  |TAMS 0x0000000672a00000, 0x0000000672a00000| Untracked 
| 918|0x0000000672c00000, 0x0000000672c00000, 0x0000000672e00000|  0%| F|  |TAMS 0x0000000672c00000, 0x0000000672c00000| Untracked 
| 919|0x0000000672e00000, 0x0000000672e00000, 0x0000000673000000|  0%| F|  |TAMS 0x0000000672e00000, 0x0000000672e00000| Untracked 
| 920|0x0000000673000000, 0x0000000673000000, 0x0000000673200000|  0%| F|  |TAMS 0x0000000673000000, 0x0000000673000000| Untracked 
| 921|0x0000000673200000, 0x0000000673200000, 0x0000000673400000|  0%| F|  |TAMS 0x0000000673200000, 0x0000000673200000| Untracked 
| 922|0x0000000673400000, 0x0000000673400000, 0x0000000673600000|  0%| F|  |TAMS 0x0000000673400000, 0x0000000673400000| Untracked 
| 923|0x0000000673600000, 0x0000000673600000, 0x0000000673800000|  0%| F|  |TAMS 0x0000000673600000, 0x0000000673600000| Untracked 
| 924|0x0000000673800000, 0x0000000673800000, 0x0000000673a00000|  0%| F|  |TAMS 0x0000000673800000, 0x0000000673800000| Untracked 
| 925|0x0000000673a00000, 0x0000000673a00000, 0x0000000673c00000|  0%| F|  |TAMS 0x0000000673a00000, 0x0000000673a00000| Untracked 
| 926|0x0000000673c00000, 0x0000000673c00000, 0x0000000673e00000|  0%| F|  |TAMS 0x0000000673c00000, 0x0000000673c00000| Untracked 
| 927|0x0000000673e00000, 0x0000000673e00000, 0x0000000674000000|  0%| F|  |TAMS 0x0000000673e00000, 0x0000000673e00000| Untracked 
| 928|0x0000000674000000, 0x0000000674000000, 0x0000000674200000|  0%| F|  |TAMS 0x0000000674000000, 0x0000000674000000| Untracked 
| 929|0x0000000674200000, 0x0000000674200000, 0x0000000674400000|  0%| F|  |TAMS 0x0000000674200000, 0x0000000674200000| Untracked 
| 930|0x0000000674400000, 0x0000000674400000, 0x0000000674600000|  0%| F|  |TAMS 0x0000000674400000, 0x0000000674400000| Untracked 
| 931|0x0000000674600000, 0x0000000674600000, 0x0000000674800000|  0%| F|  |TAMS 0x0000000674600000, 0x0000000674600000| Untracked 
| 932|0x0000000674800000, 0x0000000674800000, 0x0000000674a00000|  0%| F|  |TAMS 0x0000000674800000, 0x0000000674800000| Untracked 
| 933|0x0000000674a00000, 0x0000000674a00000, 0x0000000674c00000|  0%| F|  |TAMS 0x0000000674a00000, 0x0000000674a00000| Untracked 
| 934|0x0000000674c00000, 0x0000000674c00000, 0x0000000674e00000|  0%| F|  |TAMS 0x0000000674c00000, 0x0000000674c00000| Untracked 
| 935|0x0000000674e00000, 0x0000000674e00000, 0x0000000675000000|  0%| F|  |TAMS 0x0000000674e00000, 0x0000000674e00000| Untracked 
| 936|0x0000000675000000, 0x0000000675000000, 0x0000000675200000|  0%| F|  |TAMS 0x0000000675000000, 0x0000000675000000| Untracked 
| 937|0x0000000675200000, 0x0000000675200000, 0x0000000675400000|  0%| F|  |TAMS 0x0000000675200000, 0x0000000675200000| Untracked 
| 938|0x0000000675400000, 0x0000000675400000, 0x0000000675600000|  0%| F|  |TAMS 0x0000000675400000, 0x0000000675400000| Untracked 
| 939|0x0000000675600000, 0x0000000675600000, 0x0000000675800000|  0%| F|  |TAMS 0x0000000675600000, 0x0000000675600000| Untracked 
| 940|0x0000000675800000, 0x0000000675800000, 0x0000000675a00000|  0%| F|  |TAMS 0x0000000675800000, 0x0000000675800000| Untracked 
| 941|0x0000000675a00000, 0x0000000675a00000, 0x0000000675c00000|  0%| F|  |TAMS 0x0000000675a00000, 0x0000000675a00000| Untracked 
| 942|0x0000000675c00000, 0x0000000675c00000, 0x0000000675e00000|  0%| F|  |TAMS 0x0000000675c00000, 0x0000000675c00000| Untracked 
| 943|0x0000000675e00000, 0x0000000675e00000, 0x0000000676000000|  0%| F|  |TAMS 0x0000000675e00000, 0x0000000675e00000| Untracked 
| 944|0x0000000676000000, 0x0000000676000000, 0x0000000676200000|  0%| F|  |TAMS 0x0000000676000000, 0x0000000676000000| Untracked 
| 945|0x0000000676200000, 0x0000000676200000, 0x0000000676400000|  0%| F|  |TAMS 0x0000000676200000, 0x0000000676200000| Untracked 
| 946|0x0000000676400000, 0x0000000676400000, 0x0000000676600000|  0%| F|  |TAMS 0x0000000676400000, 0x0000000676400000| Untracked 
| 947|0x0000000676600000, 0x0000000676600000, 0x0000000676800000|  0%| F|  |TAMS 0x0000000676600000, 0x0000000676600000| Untracked 
| 948|0x0000000676800000, 0x0000000676800000, 0x0000000676a00000|  0%| F|  |TAMS 0x0000000676800000, 0x0000000676800000| Untracked 
| 949|0x0000000676a00000, 0x0000000676a00000, 0x0000000676c00000|  0%| F|  |TAMS 0x0000000676a00000, 0x0000000676a00000| Untracked 
| 950|0x0000000676c00000, 0x0000000676c00000, 0x0000000676e00000|  0%| F|  |TAMS 0x0000000676c00000, 0x0000000676c00000| Untracked 
| 951|0x0000000676e00000, 0x0000000676e00000, 0x0000000677000000|  0%| F|  |TAMS 0x0000000676e00000, 0x0000000676e00000| Untracked 
| 952|0x0000000677000000, 0x0000000677000000, 0x0000000677200000|  0%| F|  |TAMS 0x0000000677000000, 0x0000000677000000| Untracked 
| 953|0x0000000677200000, 0x0000000677200000, 0x0000000677400000|  0%| F|  |TAMS 0x0000000677200000, 0x0000000677200000| Untracked 
| 954|0x0000000677400000, 0x0000000677400000, 0x0000000677600000|  0%| F|  |TAMS 0x0000000677400000, 0x0000000677400000| Untracked 
| 955|0x0000000677600000, 0x0000000677600000, 0x0000000677800000|  0%| F|  |TAMS 0x0000000677600000, 0x0000000677600000| Untracked 
| 956|0x0000000677800000, 0x0000000677800000, 0x0000000677a00000|  0%| F|  |TAMS 0x0000000677800000, 0x0000000677800000| Untracked 
| 957|0x0000000677a00000, 0x0000000677a00000, 0x0000000677c00000|  0%| F|  |TAMS 0x0000000677a00000, 0x0000000677a00000| Untracked 
| 958|0x0000000677c00000, 0x0000000677c00000, 0x0000000677e00000|  0%| F|  |TAMS 0x0000000677c00000, 0x0000000677c00000| Untracked 
| 959|0x0000000677e00000, 0x0000000677e00000, 0x0000000678000000|  0%| F|  |TAMS 0x0000000677e00000, 0x0000000677e00000| Untracked 
| 960|0x0000000678000000, 0x0000000678000000, 0x0000000678200000|  0%| F|  |TAMS 0x0000000678000000, 0x0000000678000000| Untracked 
| 961|0x0000000678200000, 0x0000000678200000, 0x0000000678400000|  0%| F|  |TAMS 0x0000000678200000, 0x0000000678200000| Untracked 
| 962|0x0000000678400000, 0x0000000678400000, 0x0000000678600000|  0%| F|  |TAMS 0x0000000678400000, 0x0000000678400000| Untracked 
| 963|0x0000000678600000, 0x0000000678600000, 0x0000000678800000|  0%| F|  |TAMS 0x0000000678600000, 0x0000000678600000| Untracked 
| 964|0x0000000678800000, 0x0000000678800000, 0x0000000678a00000|  0%| F|  |TAMS 0x0000000678800000, 0x0000000678800000| Untracked 
| 965|0x0000000678a00000, 0x0000000678a00000, 0x0000000678c00000|  0%| F|  |TAMS 0x0000000678a00000, 0x0000000678a00000| Untracked 
| 966|0x0000000678c00000, 0x0000000678c00000, 0x0000000678e00000|  0%| F|  |TAMS 0x0000000678c00000, 0x0000000678c00000| Untracked 
| 967|0x0000000678e00000, 0x0000000678e00000, 0x0000000679000000|  0%| F|  |TAMS 0x0000000678e00000, 0x0000000678e00000| Untracked 
| 968|0x0000000679000000, 0x0000000679000000, 0x0000000679200000|  0%| F|  |TAMS 0x0000000679000000, 0x0000000679000000| Untracked 
| 969|0x0000000679200000, 0x0000000679200000, 0x0000000679400000|  0%| F|  |TAMS 0x0000000679200000, 0x0000000679200000| Untracked 
| 970|0x0000000679400000, 0x0000000679400000, 0x0000000679600000|  0%| F|  |TAMS 0x0000000679400000, 0x0000000679400000| Untracked 
| 971|0x0000000679600000, 0x0000000679600000, 0x0000000679800000|  0%| F|  |TAMS 0x0000000679600000, 0x0000000679600000| Untracked 
| 972|0x0000000679800000, 0x0000000679800000, 0x0000000679a00000|  0%| F|  |TAMS 0x0000000679800000, 0x0000000679800000| Untracked 
| 973|0x0000000679a00000, 0x0000000679b1c038, 0x0000000679c00000| 55%| S|CS|TAMS 0x0000000679a00000, 0x0000000679a00000| Complete 
| 974|0x0000000679c00000, 0x0000000679e00000, 0x0000000679e00000|100%| S|CS|TAMS 0x0000000679c00000, 0x0000000679c00000| Complete 
| 975|0x0000000679e00000, 0x000000067a000000, 0x000000067a000000|100%| S|CS|TAMS 0x0000000679e00000, 0x0000000679e00000| Complete 
| 976|0x000000067a000000, 0x000000067a200000, 0x000000067a200000|100%| S|CS|TAMS 0x000000067a000000, 0x000000067a000000| Complete 
| 977|0x000000067a200000, 0x000000067a400000, 0x000000067a400000|100%| S|CS|TAMS 0x000000067a200000, 0x000000067a200000| Complete 
| 978|0x000000067a400000, 0x000000067a400000, 0x000000067a600000|  0%| F|  |TAMS 0x000000067a400000, 0x000000067a400000| Untracked 
| 979|0x000000067a600000, 0x000000067a600000, 0x000000067a800000|  0%| F|  |TAMS 0x000000067a600000, 0x000000067a600000| Untracked 
| 980|0x000000067a800000, 0x000000067a800000, 0x000000067aa00000|  0%| F|  |TAMS 0x000000067a800000, 0x000000067a800000| Untracked 
| 981|0x000000067aa00000, 0x000000067aa00000, 0x000000067ac00000|  0%| F|  |TAMS 0x000000067aa00000, 0x000000067aa00000| Untracked 
| 982|0x000000067ac00000, 0x000000067ac00000, 0x000000067ae00000|  0%| F|  |TAMS 0x000000067ac00000, 0x000000067ac00000| Untracked 
| 983|0x000000067ae00000, 0x000000067ae00000, 0x000000067b000000|  0%| F|  |TAMS 0x000000067ae00000, 0x000000067ae00000| Untracked 
| 984|0x000000067b000000, 0x000000067b000000, 0x000000067b200000|  0%| F|  |TAMS 0x000000067b000000, 0x000000067b000000| Untracked 
| 985|0x000000067b200000, 0x000000067b200000, 0x000000067b400000|  0%| F|  |TAMS 0x000000067b200000, 0x000000067b200000| Untracked 
| 986|0x000000067b400000, 0x000000067b400000, 0x000000067b600000|  0%| F|  |TAMS 0x000000067b400000, 0x000000067b400000| Untracked 
| 987|0x000000067b600000, 0x000000067b600000, 0x000000067b800000|  0%| F|  |TAMS 0x000000067b600000, 0x000000067b600000| Untracked 
| 988|0x000000067b800000, 0x000000067b800000, 0x000000067ba00000|  0%| F|  |TAMS 0x000000067b800000, 0x000000067b800000| Untracked 
| 989|0x000000067ba00000, 0x000000067ba00000, 0x000000067bc00000|  0%| F|  |TAMS 0x000000067ba00000, 0x000000067ba00000| Untracked 
| 990|0x000000067bc00000, 0x000000067bc00000, 0x000000067be00000|  0%| F|  |TAMS 0x000000067bc00000, 0x000000067bc00000| Untracked 
| 991|0x000000067be00000, 0x000000067be00000, 0x000000067c000000|  0%| F|  |TAMS 0x000000067be00000, 0x000000067be00000| Untracked 
| 992|0x000000067c000000, 0x000000067c000000, 0x000000067c200000|  0%| F|  |TAMS 0x000000067c000000, 0x000000067c000000| Untracked 
| 993|0x000000067c200000, 0x000000067c200000, 0x000000067c400000|  0%| F|  |TAMS 0x000000067c200000, 0x000000067c200000| Untracked 
| 994|0x000000067c400000, 0x000000067c400000, 0x000000067c600000|  0%| F|  |TAMS 0x000000067c400000, 0x000000067c400000| Untracked 
| 995|0x000000067c600000, 0x000000067c600000, 0x000000067c800000|  0%| F|  |TAMS 0x000000067c600000, 0x000000067c600000| Untracked 
| 996|0x000000067c800000, 0x000000067c800000, 0x000000067ca00000|  0%| F|  |TAMS 0x000000067c800000, 0x000000067c800000| Untracked 
| 997|0x000000067ca00000, 0x000000067ca00000, 0x000000067cc00000|  0%| F|  |TAMS 0x000000067ca00000, 0x000000067ca00000| Untracked 
| 998|0x000000067cc00000, 0x000000067cc00000, 0x000000067ce00000|  0%| F|  |TAMS 0x000000067cc00000, 0x000000067cc00000| Untracked 
| 999|0x000000067ce00000, 0x000000067ce00000, 0x000000067d000000|  0%| F|  |TAMS 0x000000067ce00000, 0x000000067ce00000| Untracked 
|1000|0x000000067d000000, 0x000000067d000000, 0x000000067d200000|  0%| F|  |TAMS 0x000000067d000000, 0x000000067d000000| Untracked 
|1001|0x000000067d200000, 0x000000067d200000, 0x000000067d400000|  0%| F|  |TAMS 0x000000067d200000, 0x000000067d200000| Untracked 
|1002|0x000000067d400000, 0x000000067d400000, 0x000000067d600000|  0%| F|  |TAMS 0x000000067d400000, 0x000000067d400000| Untracked 
|1003|0x000000067d600000, 0x000000067d600000, 0x000000067d800000|  0%| F|  |TAMS 0x000000067d600000, 0x000000067d600000| Untracked 
|1004|0x000000067d800000, 0x000000067d800000, 0x000000067da00000|  0%| F|  |TAMS 0x000000067d800000, 0x000000067d800000| Untracked 
|1005|0x000000067da00000, 0x000000067da00000, 0x000000067dc00000|  0%| F|  |TAMS 0x000000067da00000, 0x000000067da00000| Untracked 
|1006|0x000000067dc00000, 0x000000067dc00000, 0x000000067de00000|  0%| F|  |TAMS 0x000000067dc00000, 0x000000067dc00000| Untracked 
|1007|0x000000067de00000, 0x000000067de00000, 0x000000067e000000|  0%| F|  |TAMS 0x000000067de00000, 0x000000067de00000| Untracked 
|1008|0x000000067e000000, 0x000000067e000000, 0x000000067e200000|  0%| F|  |TAMS 0x000000067e000000, 0x000000067e000000| Untracked 
|1009|0x000000067e200000, 0x000000067e200000, 0x000000067e400000|  0%| F|  |TAMS 0x000000067e200000, 0x000000067e200000| Untracked 
|1010|0x000000067e400000, 0x000000067e400000, 0x000000067e600000|  0%| F|  |TAMS 0x000000067e400000, 0x000000067e400000| Untracked 
|1011|0x000000067e600000, 0x000000067e600000, 0x000000067e800000|  0%| F|  |TAMS 0x000000067e600000, 0x000000067e600000| Untracked 
|1012|0x000000067e800000, 0x000000067e800000, 0x000000067ea00000|  0%| F|  |TAMS 0x000000067e800000, 0x000000067e800000| Untracked 
|1013|0x000000067ea00000, 0x000000067ea00000, 0x000000067ec00000|  0%| F|  |TAMS 0x000000067ea00000, 0x000000067ea00000| Untracked 
|1014|0x000000067ec00000, 0x000000067ec00000, 0x000000067ee00000|  0%| F|  |TAMS 0x000000067ec00000, 0x000000067ec00000| Untracked 
|1015|0x000000067ee00000, 0x000000067ee00000, 0x000000067f000000|  0%| F|  |TAMS 0x000000067ee00000, 0x000000067ee00000| Untracked 
|1016|0x000000067f000000, 0x000000067f000000, 0x000000067f200000|  0%| F|  |TAMS 0x000000067f000000, 0x000000067f000000| Untracked 
|1017|0x000000067f200000, 0x000000067f200000, 0x000000067f400000|  0%| F|  |TAMS 0x000000067f200000, 0x000000067f200000| Untracked 
|1018|0x000000067f400000, 0x000000067f400000, 0x000000067f600000|  0%| F|  |TAMS 0x000000067f400000, 0x000000067f400000| Untracked 
|1019|0x000000067f600000, 0x000000067f600000, 0x000000067f800000|  0%| F|  |TAMS 0x000000067f600000, 0x000000067f600000| Untracked 
|1020|0x000000067f800000, 0x000000067f800000, 0x000000067fa00000|  0%| F|  |TAMS 0x000000067f800000, 0x000000067f800000| Untracked 
|1021|0x000000067fa00000, 0x000000067fa00000, 0x000000067fc00000|  0%| F|  |TAMS 0x000000067fa00000, 0x000000067fa00000| Untracked 
|1022|0x000000067fc00000, 0x000000067fc00000, 0x000000067fe00000|  0%| F|  |TAMS 0x000000067fc00000, 0x000000067fc00000| Untracked 
|1023|0x000000067fe00000, 0x000000067fe00000, 0x0000000680000000|  0%| F|  |TAMS 0x000000067fe00000, 0x000000067fe00000| Untracked 
|1024|0x0000000680000000, 0x0000000680000000, 0x0000000680200000|  0%| F|  |TAMS 0x0000000680000000, 0x0000000680000000| Untracked 
|1025|0x0000000680200000, 0x0000000680200000, 0x0000000680400000|  0%| F|  |TAMS 0x0000000680200000, 0x0000000680200000| Untracked 
|1026|0x0000000680400000, 0x0000000680400000, 0x0000000680600000|  0%| F|  |TAMS 0x0000000680400000, 0x0000000680400000| Untracked 
|1027|0x0000000680600000, 0x0000000680600000, 0x0000000680800000|  0%| F|  |TAMS 0x0000000680600000, 0x0000000680600000| Untracked 
|1028|0x0000000680800000, 0x0000000680800000, 0x0000000680a00000|  0%| F|  |TAMS 0x0000000680800000, 0x0000000680800000| Untracked 
|4094|0x00000007ffc00000, 0x00000007ffd47000, 0x00000007ffe00000| 63%|OA|  |TAMS 0x00000007ffd47000, 0x00000007ffd47000| Untracked 
|4095|0x00000007ffe00000, 0x00000007ffe6b000, 0x0000000800000000| 20%|CA|  |TAMS 0x00000007ffe6b000, 0x00000007ffe6b000| Untracked 

Card table byte_map: [0x00007f40ab000000,0x00007f40ac000000] _byte_map_base: 0x00007f40a8000000

Marking Bits (Prev, Next): (CMBitMap*) 0x00007f40c805b988, (CMBitMap*) 0x00007f40c805b9c0
 Prev Bits: [0x00007f40a2000000, 0x00007f40aa000000)
 Next Bits: [0x00007f409a000000, 0x00007f40a2000000)

Polling page: 0x00007f40cf7c2000

Metaspace:

Usage:
  Non-class:    113.60 MB capacity,   110.33 MB ( 97%) used,     2.49 MB (  2%) free+waste,   803.12 KB ( <1%) overhead. 
      Class:     20.85 MB capacity,    17.64 MB ( 85%) used,     2.79 MB ( 13%) free+waste,   429.31 KB (  2%) overhead. 
       Both:    134.45 MB capacity,   127.97 MB ( 95%) used,     5.28 MB (  4%) free+waste,     1.20 MB ( <1%) overhead. 

Virtual space:
  Non-class space:      116.00 MB reserved,     114.35 MB ( 99%) committed 
      Class space:        1.00 GB reserved,      21.27 MB (  2%) committed 
             Both:        1.11 GB reserved,     135.62 MB ( 12%) committed 

Chunk freelists:
   Non-Class:  574.00 KB
       Class:  410.00 KB
        Both:  984.00 KB

MaxMetaspaceSize: unlimited
CompressedClassSpaceSize: 1.00 GB
Initial GC threshold: 20.80 MB
Current GC threshold: 225.62 MB
CDS: on

CodeHeap 'non-profiled nmethods': size=120032Kb used=15103Kb max_used=15103Kb free=104928Kb
 bounds [0x00007f40b831b000, 0x00007f40b91db000, 0x00007f40bf853000]
CodeHeap 'profiled nmethods': size=120028Kb used=24593Kb max_used=24593Kb free=95434Kb
 bounds [0x00007f40b0de4000, 0x00007f40b25f4000, 0x00007f40b831b000]
CodeHeap 'non-nmethods': size=5700Kb used=1676Kb max_used=1783Kb free=4023Kb
 bounds [0x00007f40b0853000, 0x00007f40b0ac3000, 0x00007f40b0de4000]
 total_blobs=15657 nmethods=14611 adapters=954
 compilation: enabled
              stopped_count=0, restarted_count=0
 full_count=0

Compilation events (20 events):
Event: 822.777 Thread 0x00007f40c8241800 16829       1       org.apache.parquet.hadoop.metadata.BlockMetaData::getRowCount (5 bytes)
Event: 822.777 Thread 0x00007f40c8241800 nmethod 16829 0x00007f40b91d6090 code [0x00007f40b91d6240, 0x00007f40b91d6310]
Event: 822.777 Thread 0x00007f40c8241800 16830       1       org.apache.parquet.hadoop.metadata.ColumnChunkProperties::getCodec (5 bytes)
Event: 822.777 Thread 0x00007f40c8241800 nmethod 16830 0x00007f40b91d6390 code [0x00007f40b91d6540, 0x00007f40b91d6610]
Event: 822.796 Thread 0x00007f40c823f800 nmethod 16833 0x00007f40b91d6690 code [0x00007f40b91d6880, 0x00007f40b91d7318]
Event: 822.796 Thread 0x00007f40c823f800 16835       4       org.apache.parquet.io.api.Binary$ByteBufferBackedBinary::getBytes (93 bytes)
Event: 822.801 Thread 0x00007f40c823f800 nmethod 16835 0x00007f40b91d7a90 code [0x00007f40b91d7c60, 0x00007f40b91d8378]
Event: 822.801 Thread 0x00007f40c823f800 16837       4       org.apache.spark.sql.execution.datasources.parquet.ParquetVectorUpdaterFactory$BinaryUpdater::decodeSingleDictionaryId (24 bytes)
Event: 822.812 Thread 0x00007f40c823f800 nmethod 16837 0x00007f40b91d8890 code [0x00007f40b91d8ac0, 0x00007f40b91d98b8]
Event: 822.812 Thread 0x00007f40c823f800 16836       4       java.util.ArrayDeque::poll (5 bytes)
Event: 822.813 Thread 0x00007f40c823f800 nmethod 16836 0x00007f40b91da390 code [0x00007f40b91da520, 0x00007f40b91da638]
Event: 822.820 Thread 0x00007f40c8241800 16841       3       java.lang.Integer::toString (8 bytes)
Event: 822.820 Thread 0x00007f40c823f800 16839       4       org.apache.parquet.schema.LogicalTypeAnnotation$StringLogicalTypeAnnotation::accept (8 bytes)
Event: 822.820 Thread 0x00007f40c8241800 nmethod 16841 0x00007f40b25e7d10 code [0x00007f40b25e7ec0, 0x00007f40b25e8000]
Event: 822.820 Thread 0x00007f40c8241800 16838 %     3       org.apache.spark.sql.execution.datasources.parquet.VectorizedPlainValuesReader::readBinary @ 3 (93 bytes)
Event: 822.820 Thread 0x00007f40c823f800 nmethod 16839 0x00007f40b91da710 code [0x00007f40b91da8a0, 0x00007f40b91da938]
Event: 822.820 Thread 0x00007f40c823f800 16840       4       java.lang.Integer::toString (55 bytes)
Event: 822.821 Thread 0x00007f40c8241800 nmethod 16838% 0x00007f40b25e8090 code [0x00007f40b25e8360, 0x00007f40b25e9310]
Event: 822.821 Thread 0x00007f40c8241800 16843       1       java.nio.DirectByteBuffer::attachment (5 bytes)
Event: 822.821 Thread 0x00007f40c8241800 nmethod 16843 0x00007f40b91daa10 code [0x00007f40b91dabc0, 0x00007f40b91dac90]

GC Heap History (20 events):
Event: 822.557 GC heap after
{Heap after GC invocations=100 (full 0):
 garbage-first heap   total 2111488K, used 1769602K [0x0000000600000000, 0x0000000800000000)
  region size 2048K, 5 young (10240K), 5 survivors (10240K)
 Metaspace       used 131026K, capacity 137616K, committed 138876K, reserved 1167360K
  class space    used 18061K, capacity 21350K, committed 21784K, reserved 1048576K
}
Event: 822.600 GC heap before
{Heap before GC invocations=100 (full 0):
 garbage-first heap   total 2111488K, used 1874050K [0x0000000600000000, 0x0000000800000000)
  region size 2048K, 57 young (116736K), 5 survivors (10240K)
 Metaspace       used 131026K, capacity 137616K, committed 138876K, reserved 1167360K
  class space    used 18061K, capacity 21350K, committed 21784K, reserved 1048576K
}
Event: 822.605 GC heap after
{Heap after GC invocations=101 (full 0):
 garbage-first heap   total 2111488K, used 1768530K [0x0000000600000000, 0x0000000800000000)
  region size 2048K, 4 young (8192K), 4 survivors (8192K)
 Metaspace       used 131026K, capacity 137616K, committed 138876K, reserved 1167360K
  class space    used 18061K, capacity 21350K, committed 21784K, reserved 1048576K
}
Event: 822.627 GC heap before
{Heap before GC invocations=101 (full 0):
 garbage-first heap   total 2111488K, used 1881170K [0x0000000600000000, 0x0000000800000000)
  region size 2048K, 58 young (118784K), 4 survivors (8192K)
 Metaspace       used 131031K, capacity 137616K, committed 138876K, reserved 1167360K
  class space    used 18061K, capacity 21350K, committed 21784K, reserved 1048576K
}
Event: 822.631 GC heap after
{Heap after GC invocations=102 (full 0):
 garbage-first heap   total 2111488K, used 1772047K [0x0000000600000000, 0x0000000800000000)
  region size 2048K, 5 young (10240K), 5 survivors (10240K)
 Metaspace       used 131031K, capacity 137616K, committed 138876K, reserved 1167360K
  class space    used 18061K, capacity 21350K, committed 21784K, reserved 1048576K
}
Event: 822.654 GC heap before
{Heap before GC invocations=103 (full 0):
 garbage-first heap   total 2111488K, used 1882639K [0x0000000600000000, 0x0000000800000000)
  region size 2048K, 58 young (118784K), 5 survivors (10240K)
 Metaspace       used 131033K, capacity 137616K, committed 138876K, reserved 1167360K
  class space    used 18061K, capacity 21350K, committed 21784K, reserved 1048576K
}
Event: 822.657 GC heap after
{Heap after GC invocations=104 (full 0):
 garbage-first heap   total 2111488K, used 1776751K [0x0000000600000000, 0x0000000800000000)
  region size 2048K, 5 young (10240K), 5 survivors (10240K)
 Metaspace       used 131033K, capacity 137616K, committed 138876K, reserved 1167360K
  class space    used 18061K, capacity 21350K, committed 21784K, reserved 1048576K
}
Event: 822.674 GC heap before
{Heap before GC invocations=104 (full 0):
 garbage-first heap   total 2111488K, used 1883247K [0x0000000600000000, 0x0000000800000000)
  region size 2048K, 57 young (116736K), 5 survivors (10240K)
 Metaspace       used 131035K, capacity 137616K, committed 138876K, reserved 1167360K
  class space    used 18061K, capacity 21350K, committed 21784K, reserved 1048576K
}
Event: 822.691 GC heap after
{Heap after GC invocations=105 (full 0):
 garbage-first heap   total 2111488K, used 1776650K [0x0000000600000000, 0x0000000800000000)
  region size 2048K, 3 young (6144K), 3 survivors (6144K)
 Metaspace       used 131035K, capacity 137616K, committed 138876K, reserved 1167360K
  class space    used 18061K, capacity 21350K, committed 21784K, reserved 1048576K
}
Event: 822.710 GC heap before
{Heap before GC invocations=105 (full 0):
 garbage-first heap   total 2111488K, used 1883146K [0x0000000600000000, 0x0000000800000000)
  region size 2048K, 55 young (112640K), 3 survivors (6144K)
 Metaspace       used 131036K, capacity 137616K, committed 138876K, reserved 1167360K
  class space    used 18061K, capacity 21350K, committed 21784K, reserved 1048576K
}
Event: 822.712 GC heap after
{Heap after GC invocations=106 (full 0):
 garbage-first heap   total 2111488K, used 1776646K [0x0000000600000000, 0x0000000800000000)
  region size 2048K, 3 young (6144K), 3 survivors (6144K)
 Metaspace       used 131036K, capacity 137616K, committed 138876K, reserved 1167360K
  class space    used 18061K, capacity 21350K, committed 21784K, reserved 1048576K
}
Event: 822.730 GC heap before
{Heap before GC invocations=106 (full 0):
 garbage-first heap   total 2111488K, used 1883142K [0x0000000600000000, 0x0000000800000000)
  region size 2048K, 55 young (112640K), 3 survivors (6144K)
 Metaspace       used 131036K, capacity 137616K, committed 138876K, reserved 1167360K
  class space    used 18061K, capacity 21350K, committed 21784K, reserved 1048576K
}
Event: 822.733 GC heap after
{Heap after GC invocations=107 (full 0):
 garbage-first heap   total 2111488K, used 1776684K [0x0000000600000000, 0x0000000800000000)
  region size 2048K, 3 young (6144K), 3 survivors (6144K)
 Metaspace       used 131036K, capacity 137616K, committed 138876K, reserved 1167360K
  class space    used 18061K, capacity 21350K, committed 21784K, reserved 1048576K
}
Event: 822.751 GC heap before
{Heap before GC invocations=107 (full 0):
 garbage-first heap   total 2111488K, used 1881132K [0x0000000600000000, 0x0000000800000000)
  region size 2048K, 55 young (112640K), 3 survivors (6144K)
 Metaspace       used 131042K, capacity 137680K, committed 138876K, reserved 1167360K
  class space    used 18061K, capacity 21350K, committed 21784K, reserved 1048576K
}
Event: 822.754 GC heap after
{Heap after GC invocations=108 (full 0):
 garbage-first heap   total 2111488K, used 1776766K [0x0000000600000000, 0x0000000800000000)
  region size 2048K, 3 young (6144K), 3 survivors (6144K)
 Metaspace       used 131042K, capacity 137680K, committed 138876K, reserved 1167360K
  class space    used 18061K, capacity 21350K, committed 21784K, reserved 1048576K
}
Event: 822.769 GC heap before
{Heap before GC invocations=108 (full 0):
 garbage-first heap   total 2111488K, used 1895550K [0x0000000600000000, 0x0000000800000000)
  region size 2048K, 56 young (114688K), 3 survivors (6144K)
 Metaspace       used 131042K, capacity 137680K, committed 138876K, reserved 1167360K
  class space    used 18061K, capacity 21350K, committed 21784K, reserved 1048576K
}
Event: 822.773 GC heap after
{Heap after GC invocations=109 (full 0):
 garbage-first heap   total 2111488K, used 1792783K [0x0000000600000000, 0x0000000800000000)
  region size 2048K, 5 young (10240K), 5 survivors (10240K)
 Metaspace       used 131042K, capacity 137680K, committed 138876K, reserved 1167360K
  class space    used 18061K, capacity 21350K, committed 21784K, reserved 1048576K
}
Event: 822.787 GC heap before
{Heap before GC invocations=109 (full 0):
 garbage-first heap   total 2111488K, used 1889039K [0x0000000600000000, 0x0000000800000000)
  region size 2048K, 51 young (104448K), 5 survivors (10240K)
 Metaspace       used 131042K, capacity 137680K, committed 138876K, reserved 1167360K
  class space    used 18061K, capacity 21350K, committed 21784K, reserved 1048576K
}
Event: 822.795 GC heap after
{Heap after GC invocations=110 (full 0):
 garbage-first heap   total 2111488K, used 1798627K [0x0000000600000000, 0x0000000800000000)
  region size 2048K, 4 young (8192K), 4 survivors (8192K)
 Metaspace       used 131042K, capacity 137680K, committed 138876K, reserved 1167360K
  class space    used 18061K, capacity 21350K, committed 21784K, reserved 1048576K
}
Event: 822.830 GC heap before
{Heap before GC invocations=110 (full 0):
 garbage-first heap   total 2111488K, used 1896931K [0x0000000600000000, 0x0000000800000000)
  region size 2048K, 51 young (104448K), 4 survivors (8192K)
 Metaspace       used 131043K, capacity 137680K, committed 138876K, reserved 1167360K
  class space    used 18061K, capacity 21350K, committed 21784K, reserved 1048576K
}

Deoptimization events (20 events):
Event: 822.513 Thread 0x00007f400803a800 Uncommon trap: trap_request=0xffffff4d fr.pc=0x00007f40b91a7cac relative=0x000000000000020c
Event: 822.513 Thread 0x00007f400803a800 Uncommon trap: reason=unstable_if action=reinterpret pc=0x00007f40b91a7cac method=java.time.LocalDate.toEpochDay()J @ 125 c2
Event: 822.513 Thread 0x00007f400803a800 DEOPT PACKING pc=0x00007f40b91a7cac sp=0x00007f3ff47dea40
Event: 822.513 Thread 0x00007f400803a800 DEOPT UNPACKING pc=0x00007f40b089cea5 sp=0x00007f3ff47de9d8 mode 2
Event: 822.513 Thread 0x00007f400803a800 Uncommon trap: trap_request=0xffffff4d fr.pc=0x00007f40b9194004 relative=0x0000000000000ae4
Event: 822.513 Thread 0x00007f400803a800 Uncommon trap: reason=unstable_if action=reinterpret pc=0x00007f40b9194004 method=java.time.LocalDate.toEpochDay()J @ 125 c2
Event: 822.513 Thread 0x00007f400803a800 DEOPT PACKING pc=0x00007f40b9194004 sp=0x00007f3ff47deb90
Event: 822.513 Thread 0x00007f400803a800 DEOPT UNPACKING pc=0x00007f40b089cea5 sp=0x00007f3ff47de9f8 mode 2
Event: 822.668 Thread 0x00007f400803a800 DEOPT PACKING pc=0x00007f40b25a5a6f sp=0x00007f3ff47de820
Event: 822.668 Thread 0x00007f400803a800 DEOPT UNPACKING pc=0x00007f40b089d64a sp=0x00007f3ff47ddcd8 mode 0
Event: 822.698 Thread 0x00007f40000fa800 DEOPT PACKING pc=0x00007f40b25a5a6f sp=0x00007f3f9a8ba7a0
Event: 822.698 Thread 0x00007f40000fa800 DEOPT UNPACKING pc=0x00007f40b089d64a sp=0x00007f3f9a8b9c58 mode 0
Event: 822.699 Thread 0x00007f400016b800 DEOPT PACKING pc=0x00007f40b25a5a6f sp=0x00007f3f9acbe820
Event: 822.699 Thread 0x00007f400016b800 DEOPT UNPACKING pc=0x00007f40b089d64a sp=0x00007f3f9acbdcd8 mode 0
Event: 822.742 Thread 0x00007f40000a3000 DEOPT PACKING pc=0x00007f40b25b5dce sp=0x00007f3f9a9bbb50
Event: 822.742 Thread 0x00007f40000a3000 DEOPT UNPACKING pc=0x00007f40b089d64a sp=0x00007f3f9a9bb0f0 mode 0
Event: 822.757 Thread 0x00007f40000fe000 DEOPT PACKING pc=0x00007f40b25b5dce sp=0x00007f3f9a6b8b50
Event: 822.757 Thread 0x00007f40000fe000 DEOPT UNPACKING pc=0x00007f40b089d64a sp=0x00007f3f9a6b80f0 mode 0
Event: 822.779 Thread 0x00007f400016b800 DEOPT PACKING pc=0x00007f40b25b5dce sp=0x00007f3f9acbeb50
Event: 822.779 Thread 0x00007f400016b800 DEOPT UNPACKING pc=0x00007f40b089d64a sp=0x00007f3f9acbe0f0 mode 0

Classes redefined (0 events):
No events

Internal exceptions (20 events):
Event: 818.413 Thread 0x00007f40000fe000 Exception <a 'java/lang/NoSuchMethodError'{0x000000063c80aec8}: 'java.lang.Object java.lang.invoke.DirectMethodHandle$Holder.invokeVirtual(java.lang.Object, java.lang.Object, int)'> (0x000000063c80aec8) thrown at [src/hotspot/share/interpreter/linkResolver.cpp, line 772]
Event: 818.427 Thread 0x00007f4034852800 Exception <a 'java/lang/NoSuchMethodError'{0x000000063c0df420}: 'java.lang.Object java.lang.invoke.DirectMethodHandle$Holder.invokeStatic(java.lang.Object, java.lang.Object, java.lang.Object, long, long)'> (0x000000063c0df420) thrown at [src/hotspot/share/interpreter/linkResolver.cpp, line 772]
Event: 819.141 Thread 0x00007f400803a800 Exception <a 'java/lang/NoSuchMethodError'{0x0000000639830b48}: 'long java.lang.invoke.DirectMethodHandle$Holder.invokeStatic(java.lang.Object, java.lang.Object, long)'> (0x0000000639830b48) thrown at [src/hotspot/share/interpreter/linkResolver.cpp, line 772]
Event: 819.326 Thread 0x00007f400803a800 Exception <a 'java/lang/NoSuchMethodError'{0x000000064503ca50}: 'java.lang.Object java.lang.invoke.DirectMethodHandle$Holder.invokeVirtual(java.lang.Object, java.lang.Object, java.lang.Object, int)'> (0x000000064503ca50) thrown at [src/hotspot/share/interpreter/linkResolver.cpp, line 772]
Event: 819.326 Thread 0x00007f400803a800 Implicit null exception at 0x00007f40b83d3e83 to 0x00007f40b83d3f14
Event: 819.327 Thread 0x00007f400803a800 Exception <a 'java/lang/NoSuchMethodError'{0x00000006450571c8}: 'java.lang.Object java.lang.invoke.DirectMethodHandle$Holder.invokeVirtual(java.lang.Object, java.lang.Object, java.lang.Object, long)'> (0x00000006450571c8) thrown at [src/hotspot/share/interpreter/linkResolver.cpp, line 772]
Event: 819.538 Thread 0x00007f400016b800 Exception <a 'java/lang/NoSuchMethodError'{0x0000000644fb4470}: <clinit>> (0x0000000644fb4470) thrown at [src/hotspot/share/prims/jni.cpp, line 1366]
Event: 819.538 Thread 0x00007f40000fe000 Exception <a 'java/lang/NoSuchMethodError'{0x0000000644c0a340}: <clinit>> (0x0000000644c0a340) thrown at [src/hotspot/share/prims/jni.cpp, line 1366]
Event: 819.538 Thread 0x00007f400016b800 Exception <a 'java/lang/NoSuchMethodError'{0x0000000644fbead8}: <clinit>> (0x0000000644fbead8) thrown at [src/hotspot/share/prims/jni.cpp, line 1366]
Event: 819.546 Thread 0x00007f400016b800 Exception <a 'java/lang/NoSuchMethodError'{0x0000000644fd0f20}: <clinit>> (0x0000000644fd0f20) thrown at [src/hotspot/share/prims/jni.cpp, line 1366]
Event: 819.547 Thread 0x00007f400016b800 Exception <a 'java/lang/NoSuchMethodError'{0x0000000644fdc960}: <clinit>> (0x0000000644fdc960) thrown at [src/hotspot/share/prims/jni.cpp, line 1366]
Event: 819.549 Thread 0x00007f400803a800 Exception <a 'java/lang/NoSuchMethodError'{0x0000000644d45f58}: 'long java.lang.invoke.DirectMethodHandle$Holder.invokeInterface(java.lang.Object, java.lang.Object, java.lang.Object)'> (0x0000000644d45f58) thrown at [src/hotspot/share/interpreter/linkResolver.cpp, line 772]
Event: 819.603 Thread 0x00007f4034852800 Exception <a 'java/lang/NoSuchMethodError'{0x0000000642a05040}: 'java.lang.Object java.lang.invoke.DirectMethodHandle$Holder.invokeStatic(java.lang.Object, java.lang.Object, int, long)'> (0x0000000642a05040) thrown at [src/hotspot/share/interpreter/linkResolver.cpp, line 772]
Event: 819.603 Thread 0x00007f4034852800 Exception <a 'java/lang/NoSuchMethodError'{0x0000000642add6d0}: 'java.lang.Object java.lang.invoke.DirectMethodHandle$Holder.invokeSpecial(java.lang.Object, java.lang.Object, java.lang.Object, int, long)'> (0x0000000642add6d0) thrown at [src/hotspot/share/interpreter/linkResolver.cpp, line 772]
Event: 819.744 Thread 0x00007f4000008000 Implicit null exception at 0x00007f40b908f017 to 0x00007f40b908f878
Event: 819.746 Thread 0x00007f400016b800 Implicit null exception at 0x00007f40b908f017 to 0x00007f40b908f878
Event: 819.746 Thread 0x00007f40000fa800 Implicit null exception at 0x00007f40b908f017 to 0x00007f40b908f878
Event: 819.748 Thread 0x00007f40000fe000 Implicit null exception at 0x00007f40b908f017 to 0x00007f40b908f878
Event: 820.161 Thread 0x00007f4034381800 Exception <a 'java/lang/NoSuchMethodError'{0x00000006360bbfd8}: 'java.lang.Object java.lang.invoke.DirectMethodHandle$Holder.invokeStatic(java.lang.Object, int, int, int, int)'> (0x00000006360bbfd8) thrown at [src/hotspot/share/interpreter/linkResolver.cpp, line 772]
Event: 820.162 Thread 0x00007f4034381800 Exception <a 'java/lang/NoSuchMethodError'{0x00000006360c4a00}: 'java.lang.Object java.lang.invoke.DirectMethodHandle$Holder.invokeSpecial(java.lang.Object, java.lang.Object, int, int, int, int)'> (0x00000006360c4a00) thrown at [src/hotspot/share/interpreter/linkResolver.cpp, line 772]

Events (20 events):
Event: 822.635 Executing VM operation: CGC_Operation
Event: 822.635 Executing VM operation: CGC_Operation done
Event: 822.652 Executing VM operation: G1CollectForAllocation
Event: 822.657 Executing VM operation: G1CollectForAllocation done
Event: 822.671 Executing VM operation: G1CollectForAllocation
Event: 822.691 Executing VM operation: G1CollectForAllocation done
Event: 822.709 Executing VM operation: G1CollectForAllocation
Event: 822.713 Executing VM operation: G1CollectForAllocation done
Event: 822.729 Executing VM operation: RevokeBias
Event: 822.730 Executing coalesced safepoint VM operation: G1CollectForAllocation
Event: 822.733 Executing coalesced safepoint VM operation: G1CollectForAllocation done
Event: 822.733 Executing VM operation: RevokeBias done
Event: 822.733 Thread 0x00007f400c0d3800 Thread exited: 0x00007f400c0d3800
Event: 822.751 Executing VM operation: G1CollectForAllocation
Event: 822.754 Executing VM operation: G1CollectForAllocation done
Event: 822.769 Executing VM operation: G1CollectForAllocation
Event: 822.773 Executing VM operation: G1CollectForAllocation done
Event: 822.785 Executing VM operation: G1CollectForAllocation
Event: 822.795 Executing VM operation: G1CollectForAllocation done
Event: 822.820 Executing VM operation: G1CollectForAllocation


Dynamic libraries:
600000000-680a00000 rw-p 00000000 00:00 0 
6cd400000-7ffc00000 ---p 00000000 00:00 0 
7ffc00000-7ffd00000 rw-p 00000000 00:00 0 
7ffd00000-7ffd47000 rw-p 01114000 fd:02 420905068                        /usr/lib/jvm/java-11-openjdk-amd64/lib/server/classes.jsa
7ffd47000-7ffe00000 rw-p 00000000 00:00 0 
7ffe00000-7ffe6b000 rw-p 010a9000 fd:02 420905068                        /usr/lib/jvm/java-11-openjdk-amd64/lib/server/classes.jsa
7ffe6b000-800000000 rw-p 00000000 00:00 0 
800000000-800002000 rwxp 00001000 fd:02 420905068                        /usr/lib/jvm/java-11-openjdk-amd64/lib/server/classes.jsa
800002000-8003b7000 rw-p 00003000 fd:02 420905068                        /usr/lib/jvm/java-11-openjdk-amd64/lib/server/classes.jsa
8003b7000-800a97000 r--p 003b8000 fd:02 420905068                        /usr/lib/jvm/java-11-openjdk-amd64/lib/server/classes.jsa
800a97000-800a98000 rw-p 00a98000 fd:02 420905068                        /usr/lib/jvm/java-11-openjdk-amd64/lib/server/classes.jsa
800a98000-8010a8000 r--p 00a99000 fd:02 420905068                        /usr/lib/jvm/java-11-openjdk-amd64/lib/server/classes.jsa
840000000-841546000 rw-p 00000000 00:00 0 
841546000-880000000 ---p 00000000 00:00 0 
55ed8adea000-55ed8adeb000 r--p 00000000 fd:02 14838590                   /usr/lib/jvm/java-11-openjdk-amd64/bin/java
55ed8adeb000-55ed8adec000 r-xp 00001000 fd:02 14838590                   /usr/lib/jvm/java-11-openjdk-amd64/bin/java
55ed8adec000-55ed8aded000 r--p 00002000 fd:02 14838590                   /usr/lib/jvm/java-11-openjdk-amd64/bin/java
55ed8aded000-55ed8adee000 r--p 00002000 fd:02 14838590                   /usr/lib/jvm/java-11-openjdk-amd64/bin/java
55ed8adee000-55ed8adef000 rw-p 00003000 fd:02 14838590                   /usr/lib/jvm/java-11-openjdk-amd64/bin/java
55ed8ba45000-55ed8be45000 rw-p 00000000 00:00 0                          [heap]
7f3f9473f000-7f3f947bf000 rw-p 00000000 00:00 0 
7f3f947bf000-7f3f94943000 ---p 00000000 00:00 0 
7f3f94943000-7f3f94a40000 rw-p 00000000 00:00 0 
7f3f94a40000-7f3f94a44000 ---p 00000000 00:00 0 
7f3f94a44000-7f3f94d41000 rw-p 00000000 00:00 0 
7f3f94d41000-7f3f94d45000 ---p 00000000 00:00 0 
7f3f94d45000-7f3f94e42000 rw-p 00000000 00:00 0 
7f3f94e42000-7f3f94e46000 ---p 00000000 00:00 0 
7f3f94e46000-7f3f95129000 rw-p 00000000 00:00 0 
7f3f95129000-7f3f95147000 ---p 00000000 00:00 0 
7f3f95147000-7f3f95244000 rw-p 00000000 00:00 0 
7f3f95244000-7f3f95248000 ---p 00000000 00:00 0 
7f3f95248000-7f3f95345000 rw-p 00000000 00:00 0 
7f3f95345000-7f3f95349000 ---p 00000000 00:00 0 
7f3f95349000-7f3f95446000 rw-p 00000000 00:00 0 
7f3f95446000-7f3f9544a000 ---p 00000000 00:00 0 
7f3f9544a000-7f3f95547000 rw-p 00000000 00:00 0 
7f3f95547000-7f3f9554b000 ---p 00000000 00:00 0 
7f3f9554b000-7f3f95648000 rw-p 00000000 00:00 0 
7f3f95648000-7f3f9564c000 ---p 00000000 00:00 0 
7f3f9564c000-7f3f95749000 rw-p 00000000 00:00 0 
7f3f95749000-7f3f9574d000 ---p 00000000 00:00 0 
7f3f9574d000-7f3f9584a000 rw-p 00000000 00:00 0 
7f3f9584a000-7f3f9584e000 ---p 00000000 00:00 0 
7f3f9584e000-7f3f9594b000 rw-p 00000000 00:00 0 
7f3f9594b000-7f3f9594f000 ---p 00000000 00:00 0 
7f3f9594f000-7f3f95a4c000 rw-p 00000000 00:00 0 
7f3f95a4c000-7f3f95a50000 ---p 00000000 00:00 0 
7f3f95a50000-7f3f95b4d000 rw-p 00000000 00:00 0 
7f3f95b4d000-7f3f95b51000 ---p 00000000 00:00 0 
7f3f95b51000-7f3f95c4e000 rw-p 00000000 00:00 0 
7f3f95c4e000-7f3f95c52000 ---p 00000000 00:00 0 
7f3f95c52000-7f3f95d4f000 rw-p 00000000 00:00 0 
7f3f95d4f000-7f3f95d53000 ---p 00000000 00:00 0 
7f3f95d53000-7f3f95e50000 rw-p 00000000 00:00 0 
7f3f95e50000-7f3f95e54000 ---p 00000000 00:00 0 
7f3f95e54000-7f3f95f51000 rw-p 00000000 00:00 0 
7f3f95f51000-7f3f95f55000 ---p 00000000 00:00 0 
7f3f95f55000-7f3f96052000 rw-p 00000000 00:00 0 
7f3f96052000-7f3f96056000 ---p 00000000 00:00 0 
7f3f96056000-7f3f96153000 rw-p 00000000 00:00 0 
7f3f96153000-7f3f96157000 ---p 00000000 00:00 0 
7f3f96157000-7f3f96254000 rw-p 00000000 00:00 0 
7f3f96254000-7f3f96258000 ---p 00000000 00:00 0 
7f3f96258000-7f3f96548000 rw-p 00000000 00:00 0 
7f3f96548000-7f3f96555000 ---p 00000000 00:00 0 
7f3f96555000-7f3f96597000 r-xp 00000000 fd:02 297948119                  /tmp/snappy-1.1.8-8dbfdafd-8ff7-4d4a-819d-b2d3eea6ec5d-libsnappyjava.so
7f3f96597000-7f3f96796000 ---p 00042000 fd:02 297948119                  /tmp/snappy-1.1.8-8dbfdafd-8ff7-4d4a-819d-b2d3eea6ec5d-libsnappyjava.so
7f3f96796000-7f3f9679a000 rw-p 00041000 fd:02 297948119                  /tmp/snappy-1.1.8-8dbfdafd-8ff7-4d4a-819d-b2d3eea6ec5d-libsnappyjava.so
7f3f9679a000-7f3f969ab000 rw-p 00000000 00:00 0 
7f3f969ab000-7f3f969af000 ---p 00000000 00:00 0 
7f3f969af000-7f3f96cac000 rw-p 00000000 00:00 0 
7f3f96cac000-7f3f96eac000 rw-p 00000000 00:00 0 
7f3f96eac000-7f3f970ac000 rw-p 00000000 00:00 0 
7f3f970ac000-7f3f972ac000 rw-p 00000000 00:00 0 
7f3f972ac000-7f3f972b0000 ---p 00000000 00:00 0 
7f3f972b0000-7f3f973ad000 rw-p 00000000 00:00 0 
7f3f973ad000-7f3f973b1000 ---p 00000000 00:00 0 
7f3f973b1000-7f3f974ae000 rw-p 00000000 00:00 0 
7f3f974ae000-7f3f974b2000 ---p 00000000 00:00 0 
7f3f974b2000-7f3f977af000 rw-p 00000000 00:00 0 
7f3f977af000-7f3f979af000 rw-p 00000000 00:00 0 
7f3f979af000-7f3f97baf000 rw-p 00000000 00:00 0 
7f3f97baf000-7f3f97daf000 rw-p 00000000 00:00 0 
7f3f97daf000-7f3f97faf000 rw-p 00000000 00:00 0 
7f3f97faf000-7f3f981af000 rw-p 00000000 00:00 0 
7f3f981af000-7f3f983af000 rw-p 00000000 00:00 0 
7f3f983af000-7f3f985af000 rw-p 00000000 00:00 0 
7f3f985af000-7f3f987af000 rw-p 00000000 00:00 0 
7f3f987af000-7f3f989af000 rw-p 00000000 00:00 0 
7f3f989af000-7f3f98baf000 rw-p 00000000 00:00 0 
7f3f98baf000-7f3f98daf000 rw-p 00000000 00:00 0 
7f3f98daf000-7f3f98faf000 rw-p 00000000 00:00 0 
7f3f98faf000-7f3f991af000 rw-p 00000000 00:00 0 
7f3f991af000-7f3f991b3000 ---p 00000000 00:00 0 
7f3f991b3000-7f3f994b0000 rw-p 00000000 00:00 0 
7f3f994b0000-7f3f994b4000 ---p 00000000 00:00 0 
7f3f994b4000-7f3f995b1000 rw-p 00000000 00:00 0 
7f3f995b1000-7f3f995b5000 ---p 00000000 00:00 0 
7f3f995b5000-7f3f996b2000 rw-p 00000000 00:00 0 
7f3f996b2000-7f3f996b6000 ---p 00000000 00:00 0 
7f3f996b6000-7f3f997b3000 rw-p 00000000 00:00 0 
7f3f997b3000-7f3f997b7000 ---p 00000000 00:00 0 
7f3f997b7000-7f3f998b4000 rw-p 00000000 00:00 0 
7f3f998b4000-7f3f998b8000 ---p 00000000 00:00 0 
7f3f998b8000-7f3f999b5000 rw-p 00000000 00:00 0 
7f3f999b5000-7f3f999b9000 ---p 00000000 00:00 0 
7f3f999b9000-7f3f99cb6000 rw-p 00000000 00:00 0 
7f3f99cb6000-7f3f99cba000 ---p 00000000 00:00 0 
7f3f99cba000-7f3f99fb7000 rw-p 00000000 00:00 0 
7f3f99fb7000-7f3f99fbb000 ---p 00000000 00:00 0 
7f3f99fbb000-7f3f9a0b8000 rw-p 00000000 00:00 0 
7f3f9a0b8000-7f3f9a0bc000 ---p 00000000 00:00 0 
7f3f9a0bc000-7f3f9a1b9000 rw-p 00000000 00:00 0 
7f3f9a1b9000-7f3f9a1bd000 ---p 00000000 00:00 0 
7f3f9a1bd000-7f3f9a2ba000 rw-p 00000000 00:00 0 
7f3f9a2ba000-7f3f9a2be000 ---p 00000000 00:00 0 
7f3f9a2be000-7f3f9a5bb000 rw-p 00000000 00:00 0 
7f3f9a5bb000-7f3f9a5bf000 ---p 00000000 00:00 0 
7f3f9a5bf000-7f3f9a6bc000 rw-p 00000000 00:00 0 
7f3f9a6bc000-7f3f9a6c0000 ---p 00000000 00:00 0 
7f3f9a6c0000-7f3f9a7bd000 rw-p 00000000 00:00 0 
7f3f9a7bd000-7f3f9a7c1000 ---p 00000000 00:00 0 
7f3f9a7c1000-7f3f9a8be000 rw-p 00000000 00:00 0 
7f3f9a8be000-7f3f9a8c2000 ---p 00000000 00:00 0 
7f3f9a8c2000-7f3f9a9bf000 rw-p 00000000 00:00 0 
7f3f9a9bf000-7f3f9a9c3000 ---p 00000000 00:00 0 
7f3f9a9c3000-7f3f9aac0000 rw-p 00000000 00:00 0 
7f3f9aac0000-7f3f9aac4000 ---p 00000000 00:00 0 
7f3f9aac4000-7f3f9abc1000 rw-p 00000000 00:00 0 
7f3f9abc1000-7f3f9abc5000 ---p 00000000 00:00 0 
7f3f9abc5000-7f3f9acc2000 rw-p 00000000 00:00 0 
7f3f9acc2000-7f3f9acf1000 r-xp 00000000 fd:02 297948113                  /tmp/liblz4-java-15156930542130873697.so
7f3f9acf1000-7f3f9aef0000 ---p 0002f000 fd:02 297948113                  /tmp/liblz4-java-15156930542130873697.so
7f3f9aef0000-7f3f9aef1000 r--p 0002e000 fd:02 297948113                  /tmp/liblz4-java-15156930542130873697.so
7f3f9aef1000-7f3f9aef2000 rw-p 0002f000 fd:02 297948113                  /tmp/liblz4-java-15156930542130873697.so
7f3f9aef2000-7f3f9b0f2000 rw-p 00000000 00:00 0 
7f3f9b0f2000-7f3f9b2f2000 rw-p 00000000 00:00 0 
7f3f9b2f2000-7f3f9b4f2000 rw-p 00000000 00:00 0 
7f3f9b4f2000-7f3f9b4f3000 ---p 00000000 00:00 0 
7f3f9b4f3000-7f3f9b5f4000 rw-p 00000000 00:00 0 
7f3f9b5f4000-7f3f9b5f5000 ---p 00000000 00:00 0 
7f3f9b5f5000-7f3f9b6f6000 rw-p 00000000 00:00 0 
7f3f9b6f6000-7f3f9b6fa000 ---p 00000000 00:00 0 
7f3f9b6fa000-7f3f9b9f7000 rw-p 00000000 00:00 0 
7f3f9b9f7000-7f3f9b9f8000 ---p 00000000 00:00 0 
7f3f9b9f8000-7f3f9baf9000 rw-p 00000000 00:00 0 
7f3f9baf9000-7f3f9bafa000 ---p 00000000 00:00 0 
7f3f9bafa000-7f3f9bbfb000 rw-p 00000000 00:00 0 
7f3f9bbfb000-7f3f9bbfc000 ---p 00000000 00:00 0 
7f3f9bbfc000-7f3f9bcfd000 rw-p 00000000 00:00 0 
7f3f9bcfd000-7f3f9bd01000 ---p 00000000 00:00 0 
7f3f9bd01000-7f3f9bdfe000 rw-p 00000000 00:00 0 
7f3f9bdfe000-7f3f9be02000 ---p 00000000 00:00 0 
7f3f9be02000-7f3f9beff000 rw-p 00000000 00:00 0 
7f3f9beff000-7f3f9bf03000 ---p 00000000 00:00 0 
7f3f9bf03000-7f3f9c000000 rw-p 00000000 00:00 0 
7f3f9c000000-7f3f9c2a3000 rw-p 00000000 00:00 0 
7f3f9c2a3000-7f3fa0000000 ---p 00000000 00:00 0 
7f3fa0000000-7f3fa0b7f000 rw-p 00000000 00:00 0 
7f3fa0b7f000-7f3fa4000000 ---p 00000000 00:00 0 
7f3fa4000000-7f3fa415a000 rw-p 00000000 00:00 0 
7f3fa415a000-7f3fa8000000 ---p 00000000 00:00 0 
7f3fa8000000-7f3fa832b000 rw-p 00000000 00:00 0 
7f3fa832b000-7f3fac000000 ---p 00000000 00:00 0 
7f3fac000000-7f3fac021000 rw-p 00000000 00:00 0 
7f3fac021000-7f3fb0000000 ---p 00000000 00:00 0 
7f3fb0000000-7f3fb00d8000 rw-p 00000000 00:00 0 
7f3fb00d8000-7f3fb4000000 ---p 00000000 00:00 0 
7f3fb4000000-7f3fb4021000 rw-p 00000000 00:00 0 
7f3fb4021000-7f3fb8000000 ---p 00000000 00:00 0 
7f3fb8000000-7f3fb8021000 rw-p 00000000 00:00 0 
7f3fb8021000-7f3fbc000000 ---p 00000000 00:00 0 
7f3fbc000000-7f3fbc021000 rw-p 00000000 00:00 0 
7f3fbc021000-7f3fc0000000 ---p 00000000 00:00 0 
7f3fc0000000-7f3fc1155000 rw-p 00000000 00:00 0 
7f3fc1155000-7f3fc4000000 ---p 00000000 00:00 0 
7f3fc4000000-7f3fc40a0000 rw-p 00000000 00:00 0 
7f3fc40a0000-7f3fc8000000 ---p 00000000 00:00 0 
7f3fc8000000-7f3fc8021000 rw-p 00000000 00:00 0 
7f3fc8021000-7f3fcc000000 ---p 00000000 00:00 0 
7f3fcc000000-7f3fcd1f8000 rw-p 00000000 00:00 0 
7f3fcd1f8000-7f3fd0000000 ---p 00000000 00:00 0 
7f3fd0000000-7f3fd013e000 rw-p 00000000 00:00 0 
7f3fd013e000-7f3fd4000000 ---p 00000000 00:00 0 
7f3fd4000000-7f3fd4bd7000 rw-p 00000000 00:00 0 
7f3fd4bd7000-7f3fd8000000 ---p 00000000 00:00 0 
7f3fd8000000-7f3fd8709000 rw-p 00000000 00:00 0 
7f3fd8709000-7f3fdc000000 ---p 00000000 00:00 0 
7f3fdc000000-7f3fdd2ce000 rw-p 00000000 00:00 0 
7f3fdd2ce000-7f3fe0000000 ---p 00000000 00:00 0 
7f3fe0000000-7f3fe0021000 rw-p 00000000 00:00 0 
7f3fe0021000-7f3fe4000000 ---p 00000000 00:00 0 
7f3fe4000000-7f3fe4021000 rw-p 00000000 00:00 0 
7f3fe4021000-7f3fe8000000 ---p 00000000 00:00 0 
7f3fe8000000-7f3fe818a000 rw-p 00000000 00:00 0 
7f3fe818a000-7f3fec000000 ---p 00000000 00:00 0 
7f3fec000000-7f3fec021000 rw-p 00000000 00:00 0 
7f3fec021000-7f3ff0000000 ---p 00000000 00:00 0 
7f3ff0000000-7f3ff1167000 rw-p 00000000 00:00 0 
7f3ff1167000-7f3ff4000000 ---p 00000000 00:00 0 
7f3ff40a3000-7f3ff40a7000 ---p 00000000 00:00 0 
7f3ff40a7000-7f3ff42c5000 rw-p 00000000 00:00 0 
7f3ff42c5000-7f3ff42c9000 r--p 00000000 fd:02 419678964                  /usr/lib/x86_64-linux-gnu/libresolv-2.31.so
7f3ff42c9000-7f3ff42d9000 r-xp 00004000 fd:02 419678964                  /usr/lib/x86_64-linux-gnu/libresolv-2.31.so
7f3ff42d9000-7f3ff42dc000 r--p 00014000 fd:02 419678964                  /usr/lib/x86_64-linux-gnu/libresolv-2.31.so
7f3ff42dc000-7f3ff42dd000 ---p 00017000 fd:02 419678964                  /usr/lib/x86_64-linux-gnu/libresolv-2.31.so
7f3ff42dd000-7f3ff42de000 r--p 00017000 fd:02 419678964                  /usr/lib/x86_64-linux-gnu/libresolv-2.31.so
7f3ff42de000-7f3ff42df000 rw-p 00018000 fd:02 419678964                  /usr/lib/x86_64-linux-gnu/libresolv-2.31.so
7f3ff42df000-7f3ff44e1000 rw-p 00000000 00:00 0 
7f3ff44e1000-7f3ff46e1000 rw-p 00000000 00:00 0 
7f3ff46e1000-7f3ff46e5000 ---p 00000000 00:00 0 
7f3ff46e5000-7f3ff49e2000 rw-p 00000000 00:00 0 
7f3ff49e2000-7f3ff4be2000 rw-p 00000000 00:00 0 
7f3ff4be2000-7f3ff4de2000 rw-p 00000000 00:00 0 
7f3ff4de2000-7f3ff4fe2000 rw-p 00000000 00:00 0 
7f3ff4fe2000-7f3ff51e2000 rw-p 00000000 00:00 0 
7f3ff51e2000-7f3ff53e2000 rw-p 00000000 00:00 0 
7f3ff53e2000-7f3ff53e6000 ---p 00000000 00:00 0 
7f3ff53e6000-7f3ff56e3000 rw-p 00000000 00:00 0 
7f3ff56e3000-7f3ff56e7000 ---p 00000000 00:00 0 
7f3ff56e7000-7f3ff59e4000 rw-p 00000000 00:00 0 
7f3ff59e4000-7f3ff59e8000 ---p 00000000 00:00 0 
7f3ff59e8000-7f3ff5ae5000 rw-p 00000000 00:00 0 
7f3ff5ae5000-7f3ff5ae9000 ---p 00000000 00:00 0 
7f3ff5ae9000-7f3ff5be6000 rw-p 00000000 00:00 0 
7f3ff5be6000-7f3ff5bea000 ---p 00000000 00:00 0 
7f3ff5bea000-7f3ff5ee7000 rw-p 00000000 00:00 0 
7f3ff5ee7000-7f3ff5eeb000 ---p 00000000 00:00 0 
7f3ff5eeb000-7f3ff5fe8000 rw-p 00000000 00:00 0 
7f3ff5fe8000-7f3ff5fec000 ---p 00000000 00:00 0 
7f3ff5fec000-7f3ff60e9000 rw-p 00000000 00:00 0 
7f3ff60e9000-7f3ff60ed000 ---p 00000000 00:00 0 
7f3ff60ed000-7f3ff63ea000 rw-p 00000000 00:00 0 
7f3ff63ea000-7f3ff63ee000 ---p 00000000 00:00 0 
7f3ff63ee000-7f3ff64eb000 rw-p 00000000 00:00 0 
7f3ff64eb000-7f3ff64ef000 ---p 00000000 00:00 0 
7f3ff64ef000-7f3ff65ec000 rw-p 00000000 00:00 0 
7f3ff65ec000-7f3ff65f0000 ---p 00000000 00:00 0 
7f3ff65f0000-7f3ff66ed000 rw-p 00000000 00:00 0 
7f3ff66ed000-7f3ff66f1000 ---p 00000000 00:00 0 
7f3ff66f1000-7f3ff67ee000 rw-p 00000000 00:00 0 
7f3ff67ee000-7f3ff67f2000 ---p 00000000 00:00 0 
7f3ff67f2000-7f3ff6aef000 rw-p 00000000 00:00 0 
7f3ff6aef000-7f3ff6af3000 ---p 00000000 00:00 0 
7f3ff6af3000-7f3ff6bf0000 rw-p 00000000 00:00 0 
7f3ff6bf0000-7f3ff6bf4000 ---p 00000000 00:00 0 
7f3ff6bf4000-7f3ff6cf1000 rw-p 00000000 00:00 0 
7f3ff6cf1000-7f3ff6cf5000 ---p 00000000 00:00 0 
7f3ff6cf5000-7f3ff6df2000 rw-p 00000000 00:00 0 
7f3ff6df2000-7f3ff6df6000 ---p 00000000 00:00 0 
7f3ff6df6000-7f3ff6ef3000 rw-p 00000000 00:00 0 
7f3ff6ef3000-7f3ff6ef7000 ---p 00000000 00:00 0 
7f3ff6ef7000-7f3ff6ff4000 rw-p 00000000 00:00 0 
7f3ff6ff4000-7f3ff6ff8000 ---p 00000000 00:00 0 
7f3ff6ff8000-7f3ff70f5000 rw-p 00000000 00:00 0 
7f3ff70f5000-7f3ff70f9000 ---p 00000000 00:00 0 
7f3ff70f9000-7f3ff71f6000 rw-p 00000000 00:00 0 
7f3ff71f6000-7f3ff71fa000 ---p 00000000 00:00 0 
7f3ff71fa000-7f3ff74f7000 rw-p 00000000 00:00 0 
7f3ff74f7000-7f3ff74fb000 ---p 00000000 00:00 0 
7f3ff74fb000-7f3ff75f8000 rw-p 00000000 00:00 0 
7f3ff75f8000-7f3ff75fc000 ---p 00000000 00:00 0 
7f3ff75fc000-7f3ff76f9000 rw-p 00000000 00:00 0 
7f3ff76f9000-7f3ff76fd000 ---p 00000000 00:00 0 
7f3ff76fd000-7f3ff79fa000 rw-p 00000000 00:00 0 
7f3ff79fa000-7f3ff79fe000 ---p 00000000 00:00 0 
7f3ff79fe000-7f3ff7afb000 rw-p 00000000 00:00 0 
7f3ff7afb000-7f3ff7aff000 ---p 00000000 00:00 0 
7f3ff7aff000-7f3ff7bfc000 rw-p 00000000 00:00 0 
7f3ff7bfc000-7f3ff7c00000 ---p 00000000 00:00 0 
7f3ff7c00000-7f3ff7cfd000 rw-p 00000000 00:00 0 
7f3ff7cfd000-7f3ff7d01000 ---p 00000000 00:00 0 
7f3ff7d01000-7f3ff7dfe000 rw-p 00000000 00:00 0 
7f3ff7dfe000-7f3ff7e02000 ---p 00000000 00:00 0 
7f3ff7e02000-7f3ff7eff000 rw-p 00000000 00:00 0 
7f3ff7eff000-7f3ff7f03000 ---p 00000000 00:00 0 
7f3ff7f03000-7f3ff8000000 rw-p 00000000 00:00 0 
7f3ff8000000-7f3ff8bf1000 rw-p 00000000 00:00 0 
7f3ff8bf1000-7f3ffc000000 ---p 00000000 00:00 0 
7f3ffc000000-7f3ffc96d000 rw-p 00000000 00:00 0 
7f3ffc96d000-7f4000000000 ---p 00000000 00:00 0 
7f4000000000-7f4000c81000 rw-p 00000000 00:00 0 
7f4000c81000-7f4004000000 ---p 00000000 00:00 0 
7f4004000000-7f40049a2000 rw-p 00000000 00:00 0 
7f40049a2000-7f4008000000 ---p 00000000 00:00 0 
7f4008000000-7f4008413000 rw-p 00000000 00:00 0 
7f4008413000-7f400c000000 ---p 00000000 00:00 0 
7f400c000000-7f400c446000 rw-p 00000000 00:00 0 
7f400c446000-7f4010000000 ---p 00000000 00:00 0 
7f4010000000-7f40104a8000 rw-p 00000000 00:00 0 
7f40104a8000-7f4014000000 ---p 00000000 00:00 0 
7f4014000000-7f4014438000 rw-p 00000000 00:00 0 
7f4014438000-7f4018000000 ---p 00000000 00:00 0 
7f4018000000-7f4018438000 rw-p 00000000 00:00 0 
7f4018438000-7f401c000000 ---p 00000000 00:00 0 
7f401c000000-7f401c3c6000 rw-p 00000000 00:00 0 
7f401c3c6000-7f4020000000 ---p 00000000 00:00 0 
7f4020000000-7f40203bc000 rw-p 00000000 00:00 0 
7f40203bc000-7f4024000000 ---p 00000000 00:00 0 
7f4024000000-7f402402d000 rw-p 00000000 00:00 0 
7f402402d000-7f4028000000 ---p 00000000 00:00 0 
7f4028000000-7f40285ef000 rw-p 00000000 00:00 0 
7f40285ef000-7f402c000000 ---p 00000000 00:00 0 
7f402c000000-7f402c144000 rw-p 00000000 00:00 0 
7f402c144000-7f4030000000 ---p 00000000 00:00 0 
7f4030000000-7f4030023000 rw-p 00000000 00:00 0 
7f4030023000-7f4034000000 ---p 00000000 00:00 0 
7f4034000000-7f4036231000 rw-p 00000000 00:00 0 
7f4036231000-7f4038000000 ---p 00000000 00:00 0 
7f4038000000-7f403871e000 rw-p 00000000 00:00 0 
7f403871e000-7f403c000000 ---p 00000000 00:00 0 
7f403c000000-7f403c109000 rw-p 00000000 00:00 0 
7f403c109000-7f4040000000 ---p 00000000 00:00 0 
7f4040000000-7f40404dd000 rw-p 00000000 00:00 0 
7f40404dd000-7f4044000000 ---p 00000000 00:00 0 
7f4044000000-7f40441a9000 rw-p 00000000 00:00 0 
7f40441a9000-7f4048000000 ---p 00000000 00:00 0 
7f4048000000-7f4048f41000 rw-p 00000000 00:00 0 
7f4048f41000-7f404c000000 ---p 00000000 00:00 0 
7f404c000000-7f404c083000 rw-p 00000000 00:00 0 
7f404c083000-7f4050000000 ---p 00000000 00:00 0 
7f4050000000-7f4050512000 rw-p 00000000 00:00 0 
7f4050512000-7f4054000000 ---p 00000000 00:00 0 
7f4054000000-7f4054c90000 rw-p 00000000 00:00 0 
7f4054c90000-7f4058000000 ---p 00000000 00:00 0 
7f4058000000-7f4058455000 rw-p 00000000 00:00 0 
7f4058455000-7f405c000000 ---p 00000000 00:00 0 
7f405c000000-7f405d0d1000 rw-p 00000000 00:00 0 
7f405d0d1000-7f4060000000 ---p 00000000 00:00 0 
7f4060000000-7f4060235000 rw-p 00000000 00:00 0 
7f4060235000-7f4064000000 ---p 00000000 00:00 0 
7f4064000000-7f4064225000 rw-p 00000000 00:00 0 
7f4064225000-7f4068000000 ---p 00000000 00:00 0 
7f4068000000-7f406a8e5000 rw-p 00000000 00:00 0 
7f406a8e5000-7f406c000000 ---p 00000000 00:00 0 
7f406c000000-7f406cd07000 rw-p 00000000 00:00 0 
7f406cd07000-7f4070000000 ---p 00000000 00:00 0 
7f4070000000-7f4070021000 rw-p 00000000 00:00 0 
7f4070021000-7f4074000000 ---p 00000000 00:00 0 
7f4074000000-7f4074025000 rw-p 00000000 00:00 0 
7f4074025000-7f4078000000 ---p 00000000 00:00 0 
7f4078000000-7f4078021000 rw-p 00000000 00:00 0 
7f4078021000-7f407c000000 ---p 00000000 00:00 0 
7f407c000000-7f407c021000 rw-p 00000000 00:00 0 
7f407c021000-7f4080000000 ---p 00000000 00:00 0 
7f4080000000-7f4080b7a000 rw-p 00000000 00:00 0 
7f4080b7a000-7f4084000000 ---p 00000000 00:00 0 
7f4084000000-7f4084d2f000 rw-p 00000000 00:00 0 
7f4084d2f000-7f4088000000 ---p 00000000 00:00 0 
7f4088000000-7f408852a000 rw-p 00000000 00:00 0 
7f408852a000-7f408c000000 ---p 00000000 00:00 0 
7f408c000000-7f408c762000 rw-p 00000000 00:00 0 
7f408c762000-7f4090000000 ---p 00000000 00:00 0 
7f4090014000-7f4090018000 ---p 00000000 00:00 0 
7f4090018000-7f4090115000 rw-p 00000000 00:00 0 
7f4090115000-7f4090119000 ---p 00000000 00:00 0 
7f4090119000-7f4090216000 rw-p 00000000 00:00 0 
7f4090216000-7f409021a000 ---p 00000000 00:00 0 
7f409021a000-7f4090317000 rw-p 00000000 00:00 0 
7f4090317000-7f409031b000 ---p 00000000 00:00 0 
7f409031b000-7f4090418000 rw-p 00000000 00:00 0 
7f4090418000-7f409041c000 ---p 00000000 00:00 0 
7f409041c000-7f4090519000 rw-p 00000000 00:00 0 
7f4090519000-7f409051d000 ---p 00000000 00:00 0 
7f409051d000-7f409061a000 rw-p 00000000 00:00 0 
7f409061a000-7f409061e000 ---p 00000000 00:00 0 
7f409061e000-7f409071b000 rw-p 00000000 00:00 0 
7f409071b000-7f409071f000 ---p 00000000 00:00 0 
7f409071f000-7f409081c000 rw-p 00000000 00:00 0 
7f409081c000-7f4090820000 ---p 00000000 00:00 0 
7f4090820000-7f409091d000 rw-p 00000000 00:00 0 
7f409091d000-7f4090921000 ---p 00000000 00:00 0 
7f4090921000-7f4090a1e000 rw-p 00000000 00:00 0 
7f4090a1e000-7f4090a22000 ---p 00000000 00:00 0 
7f4090a22000-7f4090b1f000 rw-p 00000000 00:00 0 
7f4090b1f000-7f4090b23000 ---p 00000000 00:00 0 
7f4090b23000-7f4090e20000 rw-p 00000000 00:00 0 
7f4090e20000-7f4090e24000 ---p 00000000 00:00 0 
7f4090e24000-7f4091121000 rw-p 00000000 00:00 0 
7f4091121000-7f4091122000 ---p 00000000 00:00 0 
7f4091122000-7f4091423000 rw-p 00000000 00:00 0 
7f4091423000-7f4091427000 ---p 00000000 00:00 0 
7f4091427000-7f4091724000 rw-p 00000000 00:00 0 
7f4091724000-7f4091728000 ---p 00000000 00:00 0 
7f4091728000-7f4091825000 rw-p 00000000 00:00 0 
7f4091825000-7f4091829000 ---p 00000000 00:00 0 
7f4091829000-7f4091a47000 rw-p 00000000 00:00 0 
7f4091a47000-7f4091c47000 rw-p 00000000 00:00 0 
7f4091c47000-7f4091c4b000 ---p 00000000 00:00 0 
7f4091c4b000-7f4091f48000 rw-p 00000000 00:00 0 
7f4091f48000-7f4091f49000 ---p 00000000 00:00 0 
7f4091f49000-7f409204a000 rw-p 00000000 00:00 0 
7f409204a000-7f409204b000 ---p 00000000 00:00 0 
7f409204b000-7f409214c000 rw-p 00000000 00:00 0 
7f409214c000-7f409214d000 ---p 00000000 00:00 0 
7f409214d000-7f409224e000 rw-p 00000000 00:00 0 
7f409224e000-7f409224f000 ---p 00000000 00:00 0 
7f409224f000-7f4092350000 rw-p 00000000 00:00 0 
7f4092350000-7f4092351000 ---p 00000000 00:00 0 
7f4092351000-7f4092452000 rw-p 00000000 00:00 0 
7f4092452000-7f4092453000 ---p 00000000 00:00 0 
7f4092453000-7f4092554000 rw-p 00000000 00:00 0 
7f4092554000-7f4092555000 ---p 00000000 00:00 0 
7f4092555000-7f4092656000 rw-p 00000000 00:00 0 
7f4092656000-7f409265a000 ---p 00000000 00:00 0 
7f409265a000-7f4092788000 rw-p 00000000 00:00 0 
7f4092788000-7f409278c000 ---p 00000000 00:00 0 
7f409278c000-7f4092889000 rw-p 00000000 00:00 0 
7f4092889000-7f409288a000 ---p 00000000 00:00 0 
7f409288a000-7f409298b000 rw-p 00000000 00:00 0 
7f409298b000-7f409298f000 ---p 00000000 00:00 0 
7f409298f000-7f4092a8c000 rw-p 00000000 00:00 0 
7f4092a8c000-7f4092a90000 ---p 00000000 00:00 0 
7f4092a90000-7f4092b8d000 rw-p 00000000 00:00 0 
7f4092b8d000-7f4092b91000 ---p 00000000 00:00 0 
7f4092b91000-7f4092c8e000 rw-p 00000000 00:00 0 
7f4092c8e000-7f4092c92000 ---p 00000000 00:00 0 
7f4092c92000-7f4092d8f000 rw-p 00000000 00:00 0 
7f4092d8f000-7f4092d93000 ---p 00000000 00:00 0 
7f4092d93000-7f4092e90000 rw-p 00000000 00:00 0 
7f4092e90000-7f4093176000 r--p 00000000 fd:02 279646915                  /usr/lib/locale/locale-archive
7f4093176000-7f409317a000 ---p 00000000 00:00 0 
7f409317a000-7f4093277000 rw-p 00000000 00:00 0 
7f4093277000-7f409327b000 ---p 00000000 00:00 0 
7f409327b000-7f4093378000 rw-p 00000000 00:00 0 
7f4093378000-7f4093379000 ---p 00000000 00:00 0 
7f4093379000-7f4093cfb000 rw-p 00000000 00:00 0 
7f4093cfb000-7f4093cfc000 ---p 00000000 00:00 0 
7f4093cfc000-7f4093dfd000 rw-p 00000000 00:00 0 
7f4093dfd000-7f4093dfe000 ---p 00000000 00:00 0 
7f4093dfe000-7f4094000000 rw-p 00000000 00:00 0 
7f4094000000-7f40941d2000 rw-p 00000000 00:00 0 
7f40941d2000-7f4098000000 ---p 00000000 00:00 0 
7f4098000000-7f409c028000 rw-p 00000000 00:00 0 
7f409c028000-7f40a1ff0000 ---p 00000000 00:00 0 
7f40a1ff0000-7f40a4028000 rw-p 00000000 00:00 0 
7f40a4028000-7f40a9ff0000 ---p 00000000 00:00 0 
7f40a9ff0000-7f40aa405000 rw-p 00000000 00:00 0 
7f40aa405000-7f40aaffe000 ---p 00000000 00:00 0 
7f40aaffe000-7f40ab405000 rw-p 00000000 00:00 0 
7f40ab405000-7f40abffe000 ---p 00000000 00:00 0 
7f40abffe000-7f40ac000000 rw-p 00000000 00:00 0 
7f40ac000000-7f40ac033000 rw-p 00000000 00:00 0 
7f40ac033000-7f40b0000000 ---p 00000000 00:00 0 
7f40b0003000-7f40b0005000 r--p 00000000 fd:02 419678931                  /usr/lib/x86_64-linux-gnu/libnss_dns-2.31.so
7f40b0005000-7f40b0009000 r-xp 00002000 fd:02 419678931                  /usr/lib/x86_64-linux-gnu/libnss_dns-2.31.so
7f40b0009000-7f40b000a000 r--p 00006000 fd:02 419678931                  /usr/lib/x86_64-linux-gnu/libnss_dns-2.31.so
7f40b000a000-7f40b000b000 r--p 00006000 fd:02 419678931                  /usr/lib/x86_64-linux-gnu/libnss_dns-2.31.so
7f40b000b000-7f40b000c000 rw-p 00007000 fd:02 419678931                  /usr/lib/x86_64-linux-gnu/libnss_dns-2.31.so
7f40b0014000-7f40b0016000 r--p 00000000 fd:02 420905051                  /usr/lib/jvm/java-11-openjdk-amd64/lib/libmanagement_ext.so
7f40b0016000-7f40b0019000 r-xp 00002000 fd:02 420905051                  /usr/lib/jvm/java-11-openjdk-amd64/lib/libmanagement_ext.so
7f40b0019000-7f40b001b000 r--p 00005000 fd:02 420905051                  /usr/lib/jvm/java-11-openjdk-amd64/lib/libmanagement_ext.so
7f40b001b000-7f40b001c000 r--p 00006000 fd:02 420905051                  /usr/lib/jvm/java-11-openjdk-amd64/lib/libmanagement_ext.so
7f40b001c000-7f40b001d000 rw-p 00007000 fd:02 420905051                  /usr/lib/jvm/java-11-openjdk-amd64/lib/libmanagement_ext.so
7f40b001d000-7f40b0021000 r--p 00000000 fd:02 420905053                  /usr/lib/jvm/java-11-openjdk-amd64/lib/libnet.so
7f40b0021000-7f40b0030000 r-xp 00004000 fd:02 420905053                  /usr/lib/jvm/java-11-openjdk-amd64/lib/libnet.so
7f40b0030000-7f40b0034000 r--p 00013000 fd:02 420905053                  /usr/lib/jvm/java-11-openjdk-amd64/lib/libnet.so
7f40b0034000-7f40b0035000 r--p 00016000 fd:02 420905053                  /usr/lib/jvm/java-11-openjdk-amd64/lib/libnet.so
7f40b0035000-7f40b0036000 rw-p 00017000 fd:02 420905053                  /usr/lib/jvm/java-11-openjdk-amd64/lib/libnet.so
7f40b0036000-7f40b003d000 r--p 00000000 fd:02 420905054                  /usr/lib/jvm/java-11-openjdk-amd64/lib/libnio.so
7f40b003d000-7f40b0045000 r-xp 00007000 fd:02 420905054                  /usr/lib/jvm/java-11-openjdk-amd64/lib/libnio.so
7f40b0045000-7f40b0048000 r--p 0000f000 fd:02 420905054                  /usr/lib/jvm/java-11-openjdk-amd64/lib/libnio.so
7f40b0048000-7f40b0049000 r--p 00011000 fd:02 420905054                  /usr/lib/jvm/java-11-openjdk-amd64/lib/libnio.so
7f40b0049000-7f40b004a000 rw-p 00012000 fd:02 420905054                  /usr/lib/jvm/java-11-openjdk-amd64/lib/libnio.so
7f40b004a000-7f40b0751000 rw-p 00000000 00:00 0 
7f40b0751000-7f40b0752000 ---p 00000000 00:00 0 
7f40b0752000-7f40b0853000 rw-p 00000000 00:00 0 
7f40b0853000-7f40b0ac3000 rwxp 00000000 00:00 0 
7f40b0ac3000-7f40b0de4000 ---p 00000000 00:00 0 
7f40b0de4000-7f40b25f4000 rwxp 00000000 00:00 0 
7f40b25f4000-7f40b831b000 ---p 00000000 00:00 0 
7f40b831b000-7f40b91db000 rwxp 00000000 00:00 0 
7f40b91db000-7f40bf853000 ---p 00000000 00:00 0 
7f40bf853000-7f40c8000000 r--s 00000000 fd:02 420905063                  /usr/lib/jvm/java-11-openjdk-amd64/lib/modules
7f40c8000000-7f40ca5c5000 rw-p 00000000 00:00 0 
7f40ca5c5000-7f40cc000000 ---p 00000000 00:00 0 
7f40cc001000-7f40cc002000 r--p 00000000 fd:02 420905041                  /usr/lib/jvm/java-11-openjdk-amd64/lib/libjaas.so
7f40cc002000-7f40cc003000 r-xp 00001000 fd:02 420905041                  /usr/lib/jvm/java-11-openjdk-amd64/lib/libjaas.so
7f40cc003000-7f40cc004000 r--p 00002000 fd:02 420905041                  /usr/lib/jvm/java-11-openjdk-amd64/lib/libjaas.so
7f40cc004000-7f40cc005000 r--p 00002000 fd:02 420905041                  /usr/lib/jvm/java-11-openjdk-amd64/lib/libjaas.so
7f40cc005000-7f40cc006000 rw-p 00003000 fd:02 420905041                  /usr/lib/jvm/java-11-openjdk-amd64/lib/libjaas.so
7f40cc006000-7f40cc009000 r--p 00000000 fd:02 420905049                  /usr/lib/jvm/java-11-openjdk-amd64/lib/libmanagement.so
7f40cc009000-7f40cc00a000 r-xp 00003000 fd:02 420905049                  /usr/lib/jvm/java-11-openjdk-amd64/lib/libmanagement.so
7f40cc00a000-7f40cc00b000 r--p 00004000 fd:02 420905049                  /usr/lib/jvm/java-11-openjdk-amd64/lib/libmanagement.so
7f40cc00b000-7f40cc00c000 r--p 00004000 fd:02 420905049                  /usr/lib/jvm/java-11-openjdk-amd64/lib/libmanagement.so
7f40cc00c000-7f40cc00d000 rw-p 00005000 fd:02 420905049                  /usr/lib/jvm/java-11-openjdk-amd64/lib/libmanagement.so
7f40cc00d000-7f40cc0d2000 rw-p 00000000 00:00 0 
7f40cc0d2000-7f40cc0d3000 ---p 00000000 00:00 0 
7f40cc0d3000-7f40cc6e2000 rw-p 00000000 00:00 0 
7f40cc6e2000-7f40cd2db000 ---p 00000000 00:00 0 
7f40cd2db000-7f40cdb26000 rw-p 00000000 00:00 0 
7f40cdb26000-7f40cdb27000 ---p 00000000 00:00 0 
7f40cdb27000-7f40cdc46000 rw-p 00000000 00:00 0 
7f40cdc46000-7f40cdd13000 ---p 00000000 00:00 0 
7f40cdd13000-7f40cdd44000 rw-p 00000000 00:00 0 
7f40cdd44000-7f40cddfe000 ---p 00000000 00:00 0 
7f40cddfe000-7f40cde03000 rw-p 00000000 00:00 0 
7f40cde03000-7f40cde0a000 ---p 00000000 00:00 0 
7f40cde0a000-7f40cde0c000 r--p 00000000 fd:02 420905062                  /usr/lib/jvm/java-11-openjdk-amd64/lib/libzip.so
7f40cde0c000-7f40cde10000 r-xp 00002000 fd:02 420905062                  /usr/lib/jvm/java-11-openjdk-amd64/lib/libzip.so
7f40cde10000-7f40cde12000 r--p 00006000 fd:02 420905062                  /usr/lib/jvm/java-11-openjdk-amd64/lib/libzip.so
7f40cde12000-7f40cde13000 r--p 00007000 fd:02 420905062                  /usr/lib/jvm/java-11-openjdk-amd64/lib/libzip.so
7f40cde13000-7f40cde14000 rw-p 00008000 fd:02 420905062                  /usr/lib/jvm/java-11-openjdk-amd64/lib/libzip.so
7f40cde14000-7f40cde17000 r--p 00000000 fd:02 419678933                  /usr/lib/x86_64-linux-gnu/libnss_files-2.31.so
7f40cde17000-7f40cde1e000 r-xp 00003000 fd:02 419678933                  /usr/lib/x86_64-linux-gnu/libnss_files-2.31.so
7f40cde1e000-7f40cde20000 r--p 0000a000 fd:02 419678933                  /usr/lib/x86_64-linux-gnu/libnss_files-2.31.so
7f40cde20000-7f40cde21000 r--p 0000b000 fd:02 419678933                  /usr/lib/x86_64-linux-gnu/libnss_files-2.31.so
7f40cde21000-7f40cde22000 rw-p 0000c000 fd:02 419678933                  /usr/lib/x86_64-linux-gnu/libnss_files-2.31.so
7f40cde22000-7f40cde28000 rw-p 00000000 00:00 0 
7f40cde28000-7f40cde30000 rw-s 00000000 fd:02 441977763                  /tmp/hsperfdata_jovyan/44462
7f40cde30000-7f40cde32000 r--p 00000000 fd:02 420905045                  /usr/lib/jvm/java-11-openjdk-amd64/lib/libjimage.so
7f40cde32000-7f40cde35000 r-xp 00002000 fd:02 420905045                  /usr/lib/jvm/java-11-openjdk-amd64/lib/libjimage.so
7f40cde35000-7f40cde36000 r--p 00005000 fd:02 420905045                  /usr/lib/jvm/java-11-openjdk-amd64/lib/libjimage.so
7f40cde36000-7f40cde37000 ---p 00006000 fd:02 420905045                  /usr/lib/jvm/java-11-openjdk-amd64/lib/libjimage.so
7f40cde37000-7f40cde38000 r--p 00006000 fd:02 420905045                  /usr/lib/jvm/java-11-openjdk-amd64/lib/libjimage.so
7f40cde38000-7f40cde39000 rw-p 00007000 fd:02 420905045                  /usr/lib/jvm/java-11-openjdk-amd64/lib/libjimage.so
7f40cde39000-7f40cde47000 r--p 00000000 fd:02 420905042                  /usr/lib/jvm/java-11-openjdk-amd64/lib/libjava.so
7f40cde47000-7f40cde5d000 r-xp 0000e000 fd:02 420905042                  /usr/lib/jvm/java-11-openjdk-amd64/lib/libjava.so
7f40cde5d000-7f40cde64000 r--p 00024000 fd:02 420905042                  /usr/lib/jvm/java-11-openjdk-amd64/lib/libjava.so
7f40cde64000-7f40cde65000 r--p 0002a000 fd:02 420905042                  /usr/lib/jvm/java-11-openjdk-amd64/lib/libjava.so
7f40cde65000-7f40cde66000 rw-p 0002b000 fd:02 420905042                  /usr/lib/jvm/java-11-openjdk-amd64/lib/libjava.so
7f40cde66000-7f40cde67000 rw-p 00000000 00:00 0 
7f40cde67000-7f40cde6c000 r--p 00000000 fd:02 420905061                  /usr/lib/jvm/java-11-openjdk-amd64/lib/libverify.so
7f40cde6c000-7f40cde73000 r-xp 00005000 fd:02 420905061                  /usr/lib/jvm/java-11-openjdk-amd64/lib/libverify.so
7f40cde73000-7f40cde75000 r--p 0000c000 fd:02 420905061                  /usr/lib/jvm/java-11-openjdk-amd64/lib/libverify.so
7f40cde75000-7f40cde76000 ---p 0000e000 fd:02 420905061                  /usr/lib/jvm/java-11-openjdk-amd64/lib/libverify.so
7f40cde76000-7f40cde78000 r--p 0000e000 fd:02 420905061                  /usr/lib/jvm/java-11-openjdk-amd64/lib/libverify.so
7f40cde78000-7f40cde79000 rw-p 00010000 fd:02 420905061                  /usr/lib/jvm/java-11-openjdk-amd64/lib/libverify.so
7f40cde79000-7f40cde7c000 r--p 00000000 fd:02 419678966                  /usr/lib/x86_64-linux-gnu/librt-2.31.so
7f40cde7c000-7f40cde80000 r-xp 00003000 fd:02 419678966                  /usr/lib/x86_64-linux-gnu/librt-2.31.so
7f40cde80000-7f40cde81000 r--p 00007000 fd:02 419678966                  /usr/lib/x86_64-linux-gnu/librt-2.31.so
7f40cde81000-7f40cde82000 ---p 00008000 fd:02 419678966                  /usr/lib/x86_64-linux-gnu/librt-2.31.so
7f40cde82000-7f40cde83000 r--p 00008000 fd:02 419678966                  /usr/lib/x86_64-linux-gnu/librt-2.31.so
7f40cde83000-7f40cde84000 rw-p 00009000 fd:02 419678966                  /usr/lib/x86_64-linux-gnu/librt-2.31.so
7f40cde84000-7f40cde88000 ---p 00000000 00:00 0 
7f40cde88000-7f40cdf85000 rw-p 00000000 00:00 0 
7f40cdf85000-7f40cdf88000 r--p 00000000 fd:02 419678893                  /usr/lib/x86_64-linux-gnu/libgcc_s.so.1
7f40cdf88000-7f40cdf9a000 r-xp 00003000 fd:02 419678893                  /usr/lib/x86_64-linux-gnu/libgcc_s.so.1
7f40cdf9a000-7f40cdf9e000 r--p 00015000 fd:02 419678893                  /usr/lib/x86_64-linux-gnu/libgcc_s.so.1
7f40cdf9e000-7f40cdf9f000 r--p 00018000 fd:02 419678893                  /usr/lib/x86_64-linux-gnu/libgcc_s.so.1
7f40cdf9f000-7f40cdfa0000 rw-p 00019000 fd:02 419678893                  /usr/lib/x86_64-linux-gnu/libgcc_s.so.1
7f40cdfa0000-7f40cdfaf000 r--p 00000000 fd:02 419678910                  /usr/lib/x86_64-linux-gnu/libm-2.31.so
7f40cdfaf000-7f40ce056000 r-xp 0000f000 fd:02 419678910                  /usr/lib/x86_64-linux-gnu/libm-2.31.so
7f40ce056000-7f40ce0ed000 r--p 000b6000 fd:02 419678910                  /usr/lib/x86_64-linux-gnu/libm-2.31.so
7f40ce0ed000-7f40ce0ee000 r--p 0014c000 fd:02 419678910                  /usr/lib/x86_64-linux-gnu/libm-2.31.so
7f40ce0ee000-7f40ce0ef000 rw-p 0014d000 fd:02 419678910                  /usr/lib/x86_64-linux-gnu/libm-2.31.so
7f40ce0ef000-7f40ce185000 r--p 00000000 fd:02 419678978                  /usr/lib/x86_64-linux-gnu/libstdc++.so.6.0.28
7f40ce185000-7f40ce276000 r-xp 00096000 fd:02 419678978                  /usr/lib/x86_64-linux-gnu/libstdc++.so.6.0.28
7f40ce276000-7f40ce2bf000 r--p 00187000 fd:02 419678978                  /usr/lib/x86_64-linux-gnu/libstdc++.so.6.0.28
7f40ce2bf000-7f40ce2c0000 ---p 001d0000 fd:02 419678978                  /usr/lib/x86_64-linux-gnu/libstdc++.so.6.0.28
7f40ce2c0000-7f40ce2cb000 r--p 001d0000 fd:02 419678978                  /usr/lib/x86_64-linux-gnu/libstdc++.so.6.0.28
7f40ce2cb000-7f40ce2ce000 rw-p 001db000 fd:02 419678978                  /usr/lib/x86_64-linux-gnu/libstdc++.so.6.0.28
7f40ce2ce000-7f40ce2d1000 rw-p 00000000 00:00 0 
7f40ce2d1000-7f40ce552000 r--p 00000000 fd:02 420905070                  /usr/lib/jvm/java-11-openjdk-amd64/lib/server/libjvm.so
7f40ce552000-7f40cf1d2000 r-xp 00281000 fd:02 420905070                  /usr/lib/jvm/java-11-openjdk-amd64/lib/server/libjvm.so
7f40cf1d2000-7f40cf42d000 r--p 00f01000 fd:02 420905070                  /usr/lib/jvm/java-11-openjdk-amd64/lib/server/libjvm.so
7f40cf42d000-7f40cf4f1000 r--p 0115b000 fd:02 420905070                  /usr/lib/jvm/java-11-openjdk-amd64/lib/server/libjvm.so
7f40cf4f1000-7f40cf52c000 rw-p 0121f000 fd:02 420905070                  /usr/lib/jvm/java-11-openjdk-amd64/lib/server/libjvm.so
7f40cf52c000-7f40cf585000 rw-p 00000000 00:00 0 
7f40cf585000-7f40cf58c000 r--p 00000000 fd:02 419678962                  /usr/lib/x86_64-linux-gnu/libpthread-2.31.so
7f40cf58c000-7f40cf59d000 r-xp 00007000 fd:02 419678962                  /usr/lib/x86_64-linux-gnu/libpthread-2.31.so
7f40cf59d000-7f40cf5a2000 r--p 00018000 fd:02 419678962                  /usr/lib/x86_64-linux-gnu/libpthread-2.31.so
7f40cf5a2000-7f40cf5a3000 r--p 0001c000 fd:02 419678962                  /usr/lib/x86_64-linux-gnu/libpthread-2.31.so
7f40cf5a3000-7f40cf5a4000 rw-p 0001d000 fd:02 419678962                  /usr/lib/x86_64-linux-gnu/libpthread-2.31.so
7f40cf5a4000-7f40cf5a8000 rw-p 00000000 00:00 0 
7f40cf5a8000-7f40cf5a9000 r--p 00000000 fd:02 419678879                  /usr/lib/x86_64-linux-gnu/libdl-2.31.so
7f40cf5a9000-7f40cf5ab000 r-xp 00001000 fd:02 419678879                  /usr/lib/x86_64-linux-gnu/libdl-2.31.so
7f40cf5ab000-7f40cf5ac000 r--p 00003000 fd:02 419678879                  /usr/lib/x86_64-linux-gnu/libdl-2.31.so
7f40cf5ac000-7f40cf5ad000 r--p 00003000 fd:02 419678879                  /usr/lib/x86_64-linux-gnu/libdl-2.31.so
7f40cf5ad000-7f40cf5ae000 rw-p 00004000 fd:02 419678879                  /usr/lib/x86_64-linux-gnu/libdl-2.31.so
7f40cf5ae000-7f40cf5b0000 r--p 00000000 fd:02 419678998                  /usr/lib/x86_64-linux-gnu/libz.so.1.2.11
7f40cf5b0000-7f40cf5c1000 r-xp 00002000 fd:02 419678998                  /usr/lib/x86_64-linux-gnu/libz.so.1.2.11
7f40cf5c1000-7f40cf5c7000 r--p 00013000 fd:02 419678998                  /usr/lib/x86_64-linux-gnu/libz.so.1.2.11
7f40cf5c7000-7f40cf5c8000 ---p 00019000 fd:02 419678998                  /usr/lib/x86_64-linux-gnu/libz.so.1.2.11
7f40cf5c8000-7f40cf5c9000 r--p 00019000 fd:02 419678998                  /usr/lib/x86_64-linux-gnu/libz.so.1.2.11
7f40cf5c9000-7f40cf5ca000 rw-p 0001a000 fd:02 419678998                  /usr/lib/x86_64-linux-gnu/libz.so.1.2.11
7f40cf5ca000-7f40cf5ef000 r--p 00000000 fd:02 419678868                  /usr/lib/x86_64-linux-gnu/libc-2.31.so
7f40cf5ef000-7f40cf767000 r-xp 00025000 fd:02 419678868                  /usr/lib/x86_64-linux-gnu/libc-2.31.so
7f40cf767000-7f40cf7b1000 r--p 0019d000 fd:02 419678868                  /usr/lib/x86_64-linux-gnu/libc-2.31.so
7f40cf7b1000-7f40cf7b2000 ---p 001e7000 fd:02 419678868                  /usr/lib/x86_64-linux-gnu/libc-2.31.so
7f40cf7b2000-7f40cf7b5000 r--p 001e7000 fd:02 419678868                  /usr/lib/x86_64-linux-gnu/libc-2.31.so
7f40cf7b5000-7f40cf7b8000 rw-p 001ea000 fd:02 419678868                  /usr/lib/x86_64-linux-gnu/libc-2.31.so
7f40cf7b8000-7f40cf7bc000 rw-p 00000000 00:00 0 
7f40cf7bd000-7f40cf7be000 r--p 00000000 fd:02 420905035                  /usr/lib/jvm/java-11-openjdk-amd64/lib/libextnet.so
7f40cf7be000-7f40cf7bf000 r-xp 00001000 fd:02 420905035                  /usr/lib/jvm/java-11-openjdk-amd64/lib/libextnet.so
7f40cf7bf000-7f40cf7c0000 r--p 00002000 fd:02 420905035                  /usr/lib/jvm/java-11-openjdk-amd64/lib/libextnet.so
7f40cf7c0000-7f40cf7c1000 r--p 00002000 fd:02 420905035                  /usr/lib/jvm/java-11-openjdk-amd64/lib/libextnet.so
7f40cf7c1000-7f40cf7c2000 rw-p 00003000 fd:02 420905035                  /usr/lib/jvm/java-11-openjdk-amd64/lib/libextnet.so
7f40cf7c2000-7f40cf7c3000 ---p 00000000 00:00 0 
7f40cf7c3000-7f40cf7c4000 r--p 00000000 00:00 0 
7f40cf7c4000-7f40cf7c7000 r--p 00000000 fd:02 147821074                  /usr/lib/jvm/java-11-openjdk-amd64/lib/jli/libjli.so
7f40cf7c7000-7f40cf7d1000 r-xp 00003000 fd:02 147821074                  /usr/lib/jvm/java-11-openjdk-amd64/lib/jli/libjli.so
7f40cf7d1000-7f40cf7d4000 r--p 0000d000 fd:02 147821074                  /usr/lib/jvm/java-11-openjdk-amd64/lib/jli/libjli.so
7f40cf7d4000-7f40cf7d5000 ---p 00010000 fd:02 147821074                  /usr/lib/jvm/java-11-openjdk-amd64/lib/jli/libjli.so
7f40cf7d5000-7f40cf7d6000 r--p 00010000 fd:02 147821074                  /usr/lib/jvm/java-11-openjdk-amd64/lib/jli/libjli.so
7f40cf7d6000-7f40cf7d7000 rw-p 00011000 fd:02 147821074                  /usr/lib/jvm/java-11-openjdk-amd64/lib/jli/libjli.so
7f40cf7d7000-7f40cf7d9000 rw-p 00000000 00:00 0 
7f40cf7d9000-7f40cf7da000 r--p 00000000 fd:02 419678846                  /usr/lib/x86_64-linux-gnu/ld-2.31.so
7f40cf7da000-7f40cf7fd000 r-xp 00001000 fd:02 419678846                  /usr/lib/x86_64-linux-gnu/ld-2.31.so
7f40cf7fd000-7f40cf805000 r--p 00024000 fd:02 419678846                  /usr/lib/x86_64-linux-gnu/ld-2.31.so
7f40cf805000-7f40cf806000 r--p 00000000 00:00 0 
7f40cf806000-7f40cf807000 r--p 0002c000 fd:02 419678846                  /usr/lib/x86_64-linux-gnu/ld-2.31.so
7f40cf807000-7f40cf808000 rw-p 0002d000 fd:02 419678846                  /usr/lib/x86_64-linux-gnu/ld-2.31.so
7f40cf808000-7f40cf809000 rw-p 00000000 00:00 0 
7fffd7be5000-7fffd7c08000 rw-p 00000000 00:00 0                          [stack]
7fffd7d46000-7fffd7d48000 r-xp 00000000 00:00 0                          [vdso]
ffffffffff600000-ffffffffff601000 r-xp 00000000 00:00 0                  [vsyscall]


VM Arguments:
jvm_args: -Xmx8g -Dio.netty.tryReflectionSetAccessible=true 
java_command: org.apache.spark.deploy.SparkSubmit --conf spark.executor.memory=8g --conf spark.driver.memory=8g --conf spark.local.dir=/tmp --conf spark.driver.maxResultSize=0 --conf spark.app.name=jupyter --conf spark.shuffle.registration.maxAttempts=1 --conf spark.task.maxFailures=1 pyspark-shell
java_class_path (initial): /usr/local/spark/conf/:/usr/local/spark/jars/HikariCP-2.5.1.jar:/usr/local/spark/jars/JLargeArrays-1.5.jar:/usr/local/spark/jars/JTransforms-3.1.jar:/usr/local/spark/jars/RoaringBitmap-0.9.0.jar:/usr/local/spark/jars/ST4-4.0.4.jar:/usr/local/spark/jars/activation-1.1.1.jar:/usr/local/spark/jars/aircompressor-0.21.jar:/usr/local/spark/jars/algebra_2.12-2.0.1.jar:/usr/local/spark/jars/annotations-17.0.0.jar:/usr/local/spark/jars/antlr-runtime-3.5.2.jar:/usr/local/spark/jars/antlr4-runtime-4.8.jar:/usr/local/spark/jars/aopalliance-repackaged-2.6.1.jar:/usr/local/spark/jars/arpack-2.2.1.jar:/usr/local/spark/jars/arpack_combined_all-0.1.jar:/usr/local/spark/jars/arrow-format-2.0.0.jar:/usr/local/spark/jars/arrow-memory-core-2.0.0.jar:/usr/local/spark/jars/arrow-memory-netty-2.0.0.jar:/usr/local/spark/jars/arrow-vector-2.0.0.jar:/usr/local/spark/jars/audience-annotations-0.5.0.jar:/usr/local/spark/jars/automaton-1.11-8.jar:/usr/local/spark/jars/avro-1.10.2.jar:/usr/local/spark/jars/avro-ipc-1.10.2.jar:/usr/local/spark/jars/avro-mapred-1.10.2.jar:/usr/local/spark/jars/blas-2.2.1.jar:/usr/local/spark/jars/bonecp-0.8.0.RELEASE.jar:/usr/local/spark/jars/breeze-macros_2.12-1.2.jar:/usr/local/spark/jars/breeze_2.12-1.2.jar:/usr/local/spark/jars/cats-kernel_2.12-2.1.1.jar:/usr/local/spark/jars/chill-java-0.10.0.jar:/usr/local/spark/jars/chill_2.12-0.10.0.jar:/usr/local/spark/jars/commons-cli-1.2.jar:/usr/local/spark/jars/commons-codec-1.15.jar:/usr/local/spark/jars/commons-collections-3.2.2.jar:/usr/local/spark/jars/commons-compiler-3.0.16.jar:/usr/local/spark/jars/commons-compress-1.21.jar:/usr/local/spark/jars/commons-crypto-1.1.0.jar:/usr/local/spark/jars/commons-dbcp-1.4.jar:/usr/local/spark/jars/commons-io-2.8.0.jar:/usr/local/spark/jars/commons-lang-2.6.jar:/usr/local/spark/jars/commons-lang3-3.12.0.jar:/usr/local/spark/jars/commons-logging-1.1.3.jar:/usr/local/spark/jars/commons-math3-3.4.1.jar:/usr/local/spark/jars/commons-net-3.1.jar:/usr/lo
Launcher Type: SUN_STANDARD

[Global flags]
     intx CICompilerCount                          = 4                                         {product} {ergonomic}
     uint ConcGCThreads                            = 2                                         {product} {ergonomic}
     uint G1ConcRefinementThreads                  = 8                                         {product} {ergonomic}
   size_t G1HeapRegionSize                         = 2097152                                   {product} {ergonomic}
    uintx GCDrainStackTargetSize                   = 64                                        {product} {ergonomic}
   size_t InitialHeapSize                          = 524288000                                 {product} {ergonomic}
   size_t MarkStackSize                            = 4194304                                   {product} {ergonomic}
   size_t MaxHeapSize                              = 8589934592                                {product} {command line}
   size_t MaxNewSize                               = 5152702464                                {product} {ergonomic}
   size_t MinHeapDeltaBytes                        = 2097152                                   {product} {ergonomic}
    uintx NonNMethodCodeHeapSize                   = 5836300                                {pd product} {ergonomic}
    uintx NonProfiledCodeHeapSize                  = 122910970                              {pd product} {ergonomic}
    uintx ProfiledCodeHeapSize                     = 122910970                              {pd product} {ergonomic}
    uintx ReservedCodeCacheSize                    = 251658240                              {pd product} {ergonomic}
     bool SegmentedCodeCache                       = true                                      {product} {ergonomic}
     bool UseCompressedClassPointers               = true                                 {lp64_product} {ergonomic}
     bool UseCompressedOops                        = true                                 {lp64_product} {ergonomic}
     bool UseG1GC                                  = true                                      {product} {ergonomic}

Logging:
Log output configuration:
 #0: stdout all=warning uptime,level,tags
 #1: stderr all=off uptime,level,tags

Environment Variables:
PATH=/opt/conda/bin:/opt/conda/condabin:/opt/conda/bin:/usr/local/sbin:/usr/local/bin:/usr/sbin:/usr/bin:/sbin:/bin:/usr/local/spark/bin
SHELL=/bin/bash
LANG=en_US.UTF-8
LC_ALL=en_US.UTF-8

Signal Handlers:
SIGSEGV: [libjvm.so+0xe8e8d0], sa_mask[0]=11111111011111111101111111111110, sa_flags=SA_RESTART|SA_SIGINFO
SIGBUS: [libjvm.so+0xe8e8d0], sa_mask[0]=11111111011111111101111111111110, sa_flags=SA_RESTART|SA_SIGINFO
SIGFPE: [libjvm.so+0xe8e8d0], sa_mask[0]=11111111011111111101111111111110, sa_flags=SA_RESTART|SA_SIGINFO
SIGPIPE: [libjvm.so+0xbd6910], sa_mask[0]=11111111011111111101111111111110, sa_flags=SA_RESTART|SA_SIGINFO
SIGXFSZ: [libjvm.so+0xbd6910], sa_mask[0]=11111111011111111101111111111110, sa_flags=SA_RESTART|SA_SIGINFO
SIGILL: [libjvm.so+0xe8e8d0], sa_mask[0]=11111111011111111101111111111110, sa_flags=SA_RESTART|SA_SIGINFO
SIGUSR2: [libjvm.so+0xbd67b0], sa_mask[0]=00000000000000000000000000000000, sa_flags=SA_RESTART|SA_SIGINFO
SIGHUP: SIG_IGN, sa_mask[0]=00000000000000000000000000000000, sa_flags=none
SIGINT: SIG_IGN, sa_mask[0]=00000000000000000000000000000000, sa_flags=none
SIGTERM: [libjvm.so+0xbd6c50], sa_mask[0]=11111111011111111101111111111110, sa_flags=SA_RESTART|SA_SIGINFO
SIGQUIT: [libjvm.so+0xbd6c50], sa_mask[0]=11111111011111111101111111111110, sa_flags=SA_RESTART|SA_SIGINFO


---------------  S Y S T E M  ---------------

OS:DISTRIB_ID=Ubuntu
DISTRIB_RELEASE=20.04
DISTRIB_CODENAME=focal
DISTRIB_DESCRIPTION="Ubuntu 20.04.3 LTS"
uname:Linux 3.10.0-1160.125.1.el7.x86_64 #1 SMP Thu Sep 12 06:45:52 EDT 2024 x86_64
OS uptime: 45 days 22:15 hours
libc:glibc 2.31 NPTL 2.31 
rlimit (soft/hard): STACK 8192k/infinity , CORE infinity/infinity , NPROC infinity/infinity , NOFILE 1048576/1048576 , AS infinity/infinity , CPU infinity/infinity , DATA infinity/infinity , FSIZE infinity/infinity , MEMLOCK 64k/64k
load average:9.39 7.81 8.29

/proc/meminfo:
MemTotal:       32761424 kB
MemFree:          314944 kB
MemAvailable:     234740 kB
Buffers:               0 kB
Cached:          1816596 kB
SwapCached:            0 kB
Active:         30801924 kB
Inactive:         763780 kB
Active(anon):   30731128 kB
Inactive(anon):   676768 kB
Active(file):      70796 kB
Inactive(file):    87012 kB
Unevictable:           0 kB
Mlocked:               0 kB
SwapTotal:             0 kB
SwapFree:              0 kB
Dirty:               640 kB
Writeback:             0 kB
AnonPages:      29750144 kB
Mapped:           102076 kB
Shmem:           1658548 kB
Slab:             290872 kB
SReclaimable:     149388 kB
SUnreclaim:       141484 kB
KernelStack:       16624 kB
PageTables:        83784 kB
NFS_Unstable:          0 kB
Bounce:                0 kB
WritebackTmp:          0 kB
CommitLimit:    16380712 kB
Committed_AS:   61707052 kB
VmallocTotal:   34359738367 kB
VmallocUsed:      236464 kB
VmallocChunk:   34359310332 kB
Percpu:            29696 kB
HardwareCorrupted:     0 kB
AnonHugePages:     55296 kB
CmaTotal:              0 kB
CmaFree:               0 kB
HugePages_Total:       0
HugePages_Free:        0
HugePages_Rsvd:        0
HugePages_Surp:        0
Hugepagesize:       2048 kB
DirectMap4k:      149312 kB
DirectMap2M:     4044800 kB
DirectMap1G:    31457280 kB

/sys/kernel/mm/transparent_hugepage/enabled:
[always] madvise never
/sys/kernel/mm/transparent_hugepage/defrag (defrag/compaction efforts parameter):
[always] madvise never

Process Memory:
Virtual Size: 13364064K (peak: 20065276K)
Resident Set Size: 2516532K (peak: 2516532K) (anon: 2498072K, file: 18460K, shmem: 0K)
Swapped out: 0K
C-Heap outstanding allocations: 135835K

/proc/sys/kernel/threads-max (system-wide limit on the number of threads):
255762
/proc/sys/vm/max_map_count (maximum number of memory map areas a process may have):
65530
/proc/sys/kernel/pid_max (system-wide limit on number of process identifiers):
131072

container (cgroup) information:
container_type: cgroupv1
cpu_cpuset_cpus: 0-7
cpu_memory_nodes: 0
active_processor_count: 8
cpu_quota: -1
cpu_period: 100000
cpu_shares: -1
memory_limit_in_bytes: -1
memory_and_swap_limit_in_bytes: -1
memory_soft_limit_in_bytes: -1
memory_usage_in_bytes: 30333657088
memory_max_usage_in_bytes: 31584997376

VMWare virtualization detected
Steal ticks since vm start: 0
Steal ticks percentage since vm start:  0.000

CPU:total 8 (initial active 8) (1 cores per cpu, 1 threads per core) family 23 model 1 stepping 2 microcode 0x800126e, cmov, cx8, fxsr, mmx, sse, sse2, sse3, ssse3, sse4.1, sse4.2, popcnt, avx, avx2, aes, clmul, mmxext, 3dnowpref, lzcnt, sse4a, tsc, tscinvbit, tscinv, bmi1, bmi2, adx, fma
CPU Model and flags from /proc/cpuinfo:
model name	: AMD EPYC 7551 32-Core Processor
flags		: fpu vme de pse tsc msr pae mce cx8 apic sep mtrr pge mca cmov pat pse36 clflush mmx fxsr sse sse2 syscall nx mmxext fxsr_opt pdpe1gb rdtscp lm constant_tsc art rep_good nopl tsc_reliable nonstop_tsc extd_apicid eagerfpu pni pclmulqdq ssse3 fma cx16 sse4_1 sse4_2 x2apic movbe popcnt aes xsave avx f16c rdrand hypervisor lahf_lm extapic cr8_legacy abm sse4a misalignsse 3dnowprefetch osvw ssbd rsb_ctxsw ibpb vmmcall fsgsbase bmi1 avx2 smep bmi2 rdseed adx smap clflushopt xsaveopt xsavec arat overflow_recov succor
Online cpus:
0-7
Offline cpus:
8-127
BIOS frequency limitation:
<Not Available>
Frequency switch latency (ns):
<Not Available>
Available cpu frequencies:
<Not Available>
Current governor:
<Not Available>
Core performance/turbo boost:
<Not Available>

Memory: 4k page, physical 32761424k(311128k free), swap 0k(0k free)

vm_info: OpenJDK 64-Bit Server VM (11.0.13+8-Ubuntu-0ubuntu1.20.04) for linux-amd64 JRE (11.0.13+8-Ubuntu-0ubuntu1.20.04), built on Oct 29 2021 09:11:30 by "unknown" with gcc 9.3.0

END.
