{
    "/home/jovyan/test/-rjDeUjXlEs": {
        "url": "",
        "directory": "/home/jovyan/test/-rjDeUjXlEs",
        "title": "",
        "location": "",
        "country": "",
        "objects": "",
        "bookmarks": {
            "reset": [
                0.0,
                0.0,
                1.0,
                1.0
            ],
            "Box_0_0": [
                0.0,
                0.0,
                0.0828125,
                0.16574074074074074
            ],
            "Box_0_1": [
                0.08333333333333333,
                0.0,
                0.16614583333333333,
                0.16574074074074074
            ],
            "Box_0_2": [
                0.16614583333333333,
                0.0,
                0.24947916666666667,
                0.16574074074074074
            ],
            "Box_0_3": [
                0.24947916666666667,
                0.0,
                0.3328125,
                0.16574074074074074
            ],
            "Box_0_4": [
                0.3328125,
                0.0,
                0.4161458333333333,
                0.16574074074074074
            ],
            "Box_0_5": [
                0.4161458333333333,
                0.0,
                0.49947916666666664,
                0.16574074074074074
            ],
            "Box_0_6": [
                0.49947916666666664,
                0.0,
                0.5828125,
                0.16574074074074074
            ],
            "Box_0_7": [
                0.5828125,
                0.0,
                0.6661458333333333,
                0.16574074074074074
            ],
            "Box_0_8": [
                0.6661458333333333,
                0.0,
                0.7494791666666667,
                0.16574074074074074
            ],
            "Box_0_9": [
                0.7494791666666667,
                0.0,
                0.8328125,
                0.16574074074074074
            ],
            "Box_0_10": [
                0.8328125,
                0.0,
                0.9161458333333333,
                0.16574074074074074
            ],
            "Box_0_11": [
                0.9161458333333333,
                0.0,
                0.9994791666666667,
                0.16574074074074074
            ],
            "Box_1_0": [
                0.0,
                0.16574074074074074,
                0.0828125,
                0.33240740740740743
            ],
            "Box_1_1": [
                0.0828125,
                0.16666666666666666,
                0.16614583333333333,
                0.33240740740740743
            ],
            "Box_1_2": [
                0.16614583333333333,
                0.16666666666666666,
                0.24947916666666667,
                0.33240740740740743
            ],
            "Box_1_3": [
                0.24947916666666667,
                0.16666666666666666,
                0.3328125,
                0.33240740740740743
            ],
            "Box_1_4": [
                0.3328125,
                0.16666666666666666,
                0.4161458333333333,
                0.33240740740740743
            ],
            "Box_1_5": [
                0.4161458333333333,
                0.16666666666666666,
                0.49947916666666664,
                0.33240740740740743
            ],
            "Box_1_6": [
                0.49947916666666664,
                0.16666666666666666,
                0.5828125,
                0.33240740740740743
            ],
            "Box_1_7": [
                0.5828125,
                0.16666666666666666,
                0.6661458333333333,
                0.33240740740740743
            ],
            "Box_1_8": [
                0.6661458333333333,
                0.16666666666666666,
                0.7494791666666667,
                0.33240740740740743
            ],
            "Box_1_9": [
                0.7494791666666667,
                0.16666666666666666,
                0.8328125,
                0.33240740740740743
            ],
            "Box_1_10": [
                0.8328125,
                0.16666666666666666,
                0.9161458333333333,
                0.33240740740740743
            ],
            "Box_1_11": [
                0.9161458333333333,
                0.16666666666666666,
                0.9994791666666667,
                0.33240740740740743
            ],
            "Box_2_0": [
                0.0,
                0.33240740740740743,
                0.0828125,
                0.49907407407407406
            ],
            "Box_2_1": [
                0.0828125,
                0.3333333333333333,
                0.16614583333333333,
                0.49907407407407406
            ],
            "Box_2_2": [
                0.16614583333333333,
                0.3333333333333333,
                0.24947916666666667,
                0.49907407407407406
            ],
            "Box_2_3": [
                0.24947916666666667,
                0.3333333333333333,
                0.3328125,
                0.49907407407407406
            ],
            "Box_2_4": [
                0.3328125,
                0.3333333333333333,
                0.4161458333333333,
                0.49907407407407406
            ],
            "Box_2_5": [
                0.4161458333333333,
                0.3333333333333333,
                0.49947916666666664,
                0.49907407407407406
            ],
            "Box_2_6": [
                0.49947916666666664,
                0.3333333333333333,
                0.5828125,
                0.49907407407407406
            ],
            "Box_2_7": [
                0.5828125,
                0.3333333333333333,
                0.6661458333333333,
                0.49907407407407406
            ],
            "Box_2_8": [
                0.6661458333333333,
                0.3333333333333333,
                0.7494791666666667,
                0.49907407407407406
            ],
            "Box_2_9": [
                0.7494791666666667,
                0.3333333333333333,
                0.8328125,
                0.49907407407407406
            ],
            "Box_2_10": [
                0.8328125,
                0.3333333333333333,
                0.9161458333333333,
                0.49907407407407406
            ],
            "Box_2_11": [
                0.9161458333333333,
                0.3333333333333333,
                0.9994791666666667,
                0.49907407407407406
            ],
            "Box_3_0": [
                0.0,
                0.49907407407407406,
                0.0828125,
                0.6657407407407407
            ],
            "Box_3_1": [
                0.0828125,
                0.5,
                0.16614583333333333,
                0.6657407407407407
            ],
            "Box_3_2": [
                0.16614583333333333,
                0.5,
                0.24947916666666667,
                0.6657407407407407
            ],
            "Box_3_3": [
                0.24947916666666667,
                0.5,
                0.3328125,
                0.6657407407407407
            ],
            "Box_3_4": [
                0.3328125,
                0.5,
                0.4161458333333333,
                0.6657407407407407
            ],
            "Box_3_5": [
                0.4161458333333333,
                0.5,
                0.49947916666666664,
                0.6657407407407407
            ],
            "Box_3_6": [
                0.49947916666666664,
                0.5,
                0.5828125,
                0.6657407407407407
            ],
            "Box_3_7": [
                0.5828125,
                0.5,
                0.6661458333333333,
                0.6657407407407407
            ],